CustomerKey,Revenue,Orders,FirstObservedMonth,RecencyDays,Country,Segment
1,4060.40,7,2010-12,3,Iceland,Champions
2,200.60,3,2010-12,249,Finland,At risk (rule-based)
3,1457.55,1,2011-11,19,Italy,Recent buyers
4,294.40,1,2011-02,311,Norway,Dormant (rule-based)
5,1385.74,7,2011-02,37,Norway,Loyal active
6,89.00,1,2011-05,205,Bahrain,Dormant (rule-based)
7,1079.40,1,2011-04,233,Spain,Dormant (rule-based)
8,264.40,1,2011-05,215,Bahrain,Dormant (rule-based)
9,2174.11,3,2011-01,23,Portugal,Recent buyers
10,5610.55,1,2011-11,34,Switzerland,Developing
11,928.06,2,2011-07,2,Austria,Recent buyers
12,6372.58,4,2011-01,58,Cyprus,Developing
13,2302.06,3,2011-05,53,Austria,Developing
14,174.90,1,2011-02,288,Belgium,Dormant (rule-based)
15,4737.23,10,2011-02,4,Belgium,Champions
16,552.00,2,2011-04,110,Unspecified,Dormant (rule-based)
17,1143.30,3,2011-08,8,Belgium,Recent buyers
18,320.69,1,2011-02,292,Cyprus,Dormant (rule-based)
19,138.30,1,2011-12,5,Denmark,Recent buyers
20,3079.13,4,2010-12,52,Cyprus,Developing
21,1527.96,1,2011-10,60,Switzerland,Developing
22,1196.04,3,2011-02,72,Denmark,Developing
23,324.60,1,2011-02,312,Austria,Dormant (rule-based)
24,622.93,1,2011-11,26,Austria,Recent buyers
25,377.50,2,2011-09,11,Finland,Recent buyers
26,1548.12,2,2010-12,316,Switzerland,Dormant (rule-based)
27,3948.14,1,2011-08,130,Switzerland,Dormant (rule-based)
28,777.24,2,2011-06,82,Belgium,Developing
29,2427.81,4,2011-06,22,Belgium,Recent buyers
30,1474.81,3,2011-08,5,Norway,Recent buyers
31,1564.72,5,2010-12,185,Belgium,At risk (rule-based)
32,425.27,2,2011-08,29,Switzerland,Recent buyers
33,215.70,1,2010-12,367,Australia,Dormant (rule-based)
34,2701.94,6,2011-01,16,Australia,Champions
35,504.84,1,2011-09,80,Belgium,Developing
36,460.89,1,2011-11,22,Cyprus,Recent buyers
37,1582.60,4,2011-01,73,Australia,Developing
38,629.92,2,2011-05,64,Belgium,Developing
39,2387.43,12,2010-12,20,Belgium,Champions
40,2214.90,2,2011-07,36,Belgium,Developing
41,1435.66,1,2011-10,46,Switzerland,Developing
42,963.45,4,2011-03,120,Belgium,At risk (rule-based)
43,69.30,1,2011-02,304,Belgium,Dormant (rule-based)
44,195.60,1,2011-01,324,Belgium,Dormant (rule-based)
45,391.70,1,2011-10,50,Denmark,Developing
46,1390.39,1,2011-07,149,Finland,Dormant (rule-based)
47,3270.30,2,2011-06,23,Denmark,Recent buyers
48,1319.16,5,2011-03,50,Belgium,Loyal active
49,2407.35,5,2011-03,33,Belgium,Loyal active
50,6797.79,3,2011-06,79,Switzerland,Developing
51,533.33,2,2011-02,309,Switzerland,Dormant (rule-based)
52,1142.88,3,2011-06,75,Denmark,Developing
53,686.10,3,2011-01,67,France,Developing
54,442.41,3,2011-02,218,Austria,At risk (rule-based)
55,24910.01,14,2011-01,25,Australia,Champions
56,3226.10,9,2010-12,4,Belgium,Champions
57,668.58,1,2011-08,113,Switzerland,Dormant (rule-based)
58,588.87,1,2011-10,64,Cyprus,Developing
59,639.04,4,2011-01,16,Spain,Recent buyers
60,683.56,3,2011-01,96,Australia,At risk (rule-based)
61,1634.31,8,2010-12,1,Belgium,Champions
62,1302.32,2,2011-06,163,Australia,Dormant (rule-based)
63,777.20,1,2011-09,79,Portugal,Developing
64,510.73,1,2011-05,195,Germany,Dormant (rule-based)
65,639.32,3,2010-12,22,Germany,Recent buyers
66,6405.26,8,2011-03,26,Finland,Champions
67,3338.00,4,2010-12,10,Denmark,Recent buyers
68,216.40,1,2011-10,44,Norway,Developing
69,4897.21,13,2010-12,61,Australia,Loyal active
70,4277.72,4,2011-06,43,Norway,Developing
71,11517.15,7,2010-12,1,Norway,Champions
72,806.14,2,2011-03,85,Australia,Developing
73,5794.05,2,2011-03,80,Denmark,Developing
74,429.01,1,2011-09,100,Norway,Dormant (rule-based)
75,4307.97,18,2011-01,2,France,Champions
76,2463.97,2,2011-07,15,Norway,Recent buyers
77,155.55,1,2010-12,367,France,Dormant (rule-based)
78,144.06,1,2011-12,4,Spain,Recent buyers
79,4085.46,5,2011-06,22,Norway,Champions
80,77.40,1,2011-11,23,Spain,Recent buyers
81,1002.31,1,2011-10,58,RSA,Developing
82,431.49,1,2011-04,244,Belgium,Dormant (rule-based)
83,365.45,1,2011-10,45,Spain,Developing
84,3596.29,4,2011-06,23,Belgium,Recent buyers
85,197.88,2,2011-06,157,Spain,Dormant (rule-based)
86,8367.74,5,2011-01,11,Switzerland,Champions
87,348.57,1,2011-11,17,Switzerland,Recent buyers
88,707.09,1,2011-07,135,Austria,Dormant (rule-based)
89,2551.14,1,2011-10,57,Spain,Developing
90,1839.14,5,2011-02,74,Cyprus,Loyal active
91,2552.96,3,2011-03,45,Switzerland,Developing
92,1685.23,4,2011-04,67,Switzerland,Developing
93,772.28,2,2011-02,72,Switzerland,Developing
94,626.88,1,2011-07,155,Switzerland,Dormant (rule-based)
95,937.59,2,2011-02,19,Spain,Recent buyers
96,1200.78,4,2011-04,54,Belgium,Developing
97,957.05,8,2011-02,11,Belgium,Champions
98,682.19,2,2011-06,18,Belgium,Recent buyers
99,657.54,2,2011-01,188,Germany,Dormant (rule-based)
100,14426.81,27,2010-12,3,Germany,Champions
101,6068.11,7,2010-12,33,Germany,Loyal active
102,2565.39,3,2011-06,54,Germany,Developing
103,6729.19,18,2011-01,18,Germany,Champions
104,635.14,1,2011-10,54,Germany,Developing
105,5898.42,11,2010-12,16,Germany,Champions
106,11937.34,6,2011-02,23,Germany,Champions
107,545.99,1,2011-12,4,Greece,Recent buyers
108,473.20,1,2011-11,12,Germany,Recent buyers
109,2568.83,4,2011-01,29,Germany,Recent buyers
110,4988.82,10,2010-12,23,Germany,Champions
111,1910.98,8,2011-01,18,Sweden,Champions
112,3902.72,4,2011-01,36,Spain,Developing
113,1244.66,3,2011-09,10,France,Recent buyers
114,298.93,1,2011-01,337,France,Dormant (rule-based)
115,4559.21,10,2011-01,6,France,Champions
116,377.60,1,2011-11,39,France,Developing
117,227.21,2,2011-08,64,Germany,Developing
118,379.74,2,2011-05,166,France,Dormant (rule-based)
119,1084.10,7,2010-12,16,France,Champions
120,90.00,1,2011-09,82,Germany,Developing
121,349.70,3,2011-10,22,Germany,Recent buyers
122,1114.54,8,2011-01,50,Germany,Loyal active
123,2012.79,1,2011-01,337,Germany,Dormant (rule-based)
124,2995.87,5,2011-02,96,Spain,At risk (rule-based)
125,428.05,2,2011-11,19,Germany,Recent buyers
126,73.50,1,2011-04,233,France,Dormant (rule-based)
127,434.41,3,2011-02,135,Spain,At risk (rule-based)
128,398.27,2,2011-11,27,France,Recent buyers
129,158.50,1,2011-02,285,France,Dormant (rule-based)
130,814.57,2,2011-01,143,Spain,Dormant (rule-based)
131,138.03,2,2011-10,67,Israel,Developing
132,558.29,1,2011-08,113,France,Dormant (rule-based)
133,1017.68,1,2011-03,268,Italy,Dormant (rule-based)
134,278.70,1,2010-12,354,Italy,Dormant (rule-based)
135,1082.38,2,2011-06,78,Germany,Developing
136,2322.84,4,2011-06,29,Germany,Recent buyers
137,1840.89,5,2011-08,1,Germany,Champions
138,286.84,1,2011-10,64,Germany,Developing
139,2346.26,5,2011-03,80,Germany,Loyal active
140,545.68,1,2011-07,143,Germany,Dormant (rule-based)
141,152.72,2,2011-10,40,Germany,Developing
142,1699.77,11,2011-01,20,France,Champions
143,2892.20,8,2011-01,10,Germany,Champions
144,1172.66,3,2011-09,1,Germany,Recent buyers
145,330.71,3,2011-01,82,Germany,Developing
146,1645.48,6,2011-01,10,Germany,Champions
147,1466.92,4,2011-01,60,Germany,Developing
148,125.22,1,2011-11,15,Germany,Recent buyers
149,313.83,1,2011-11,31,France,Developing
150,981.18,1,2011-08,131,Germany,Dormant (rule-based)
151,716.35,2,2011-06,92,France,Dormant (rule-based)
152,4279.71,1,2011-10,60,France,Developing
153,363.95,1,2011-11,30,Spain,Recent buyers
154,5568.35,4,2011-01,23,Spain,Recent buyers
155,11580.24,17,2010-12,20,Spain,Champions
156,841.18,3,2011-03,30,Spain,Recent buyers
157,316.70,1,2011-11,37,Spain,Developing
158,832.39,2,2011-03,76,Spain,Developing
159,1009.98,2,2011-09,47,Spain,Developing
160,151.80,2,2011-03,198,Spain,Dormant (rule-based)
161,67.20,1,2011-06,167,Spain,Dormant (rule-based)
162,824.83,1,2011-09,80,Spain,Developing
163,168.00,1,2010-12,358,Spain,Dormant (rule-based)
164,317.82,1,2011-10,40,Italy,Developing
165,3278.28,10,2011-01,9,France,Champions
166,603.71,2,2011-07,51,Spain,Developing
167,491.34,2,2011-03,159,Spain,Dormant (rule-based)
168,269.96,1,2011-12,8,USA,Recent buyers
169,525.71,2,2011-01,311,Germany,Dormant (rule-based)
170,1918.01,2,2011-07,6,Germany,Recent buyers
171,238.85,1,2011-02,303,Germany,Dormant (rule-based)
172,3213.90,7,2011-05,9,France,Champions
173,402.90,1,2011-03,262,France,Dormant (rule-based)
174,145.92,1,2011-02,289,Saudi Arabia,Dormant (rule-based)
175,297.65,1,2011-09,87,Germany,Developing
176,8609.28,10,2010-12,23,France,Champions
177,3152.69,32,2011-04,3,Germany,Champions
178,519.61,2,2011-08,40,France,Developing
179,912.42,2,2011-10,9,Germany,Recent buyers
180,160.54,1,2011-04,228,France,Dormant (rule-based)
181,182.45,1,2011-01,316,France,Dormant (rule-based)
182,1315.83,5,2011-02,36,Poland,Loyal active
183,653.85,3,2010-12,36,France,Developing
184,2402.51,2,2011-01,22,Italy,Recent buyers
185,386.42,1,2011-09,79,France,Developing
186,379.70,1,2011-04,247,Germany,Dormant (rule-based)
187,179.71,1,2011-10,40,Germany,Developing
188,351.36,2,2011-02,239,Finland,Dormant (rule-based)
189,6272.94,15,2010-12,3,France,Champions
190,2254.15,9,2011-03,4,Italy,Champions
191,1685.86,2,2010-12,235,Germany,Dormant (rule-based)
192,196.94,1,2011-11,18,Italy,Recent buyers
193,104.00,1,2011-12,8,Finland,Recent buyers
194,174.90,1,2011-10,40,Finland,Developing
195,574.68,2,2011-07,29,France,Recent buyers
196,4310.06,1,2011-05,212,Germany,Dormant (rule-based)
197,368.85,1,2011-01,318,Italy,Dormant (rule-based)
198,401.60,2,2011-05,93,Germany,Dormant (rule-based)
199,382.10,3,2011-05,109,France,At risk (rule-based)
200,3149.90,9,2011-01,38,Italy,Loyal active
201,384.03,2,2011-04,52,Spain,Developing
202,3132.58,4,2011-03,20,Spain,Recent buyers
203,2756.08,7,2011-02,10,France,Champions
204,888.58,7,2011-02,30,France,Champions
205,2311.04,10,2010-12,29,Germany,Champions
206,487.06,5,2011-01,190,Germany,At risk (rule-based)
207,153.12,1,2011-10,59,France,Developing
208,236.18,2,2011-03,80,France,Developing
209,1579.51,1,2011-10,61,USA,Developing
210,964.85,3,2011-01,79,Germany,Developing
211,1747.54,4,2011-08,23,Italy,Recent buyers
212,1049.32,1,2011-10,53,Italy,Developing
213,668.04,1,2011-09,75,Germany,Developing
214,3092.38,4,2011-03,58,Germany,Developing
215,315.60,1,2011-03,278,Germany,Dormant (rule-based)
216,1921.35,4,2011-06,3,France,Recent buyers
217,641.30,2,2011-02,96,France,Dormant (rule-based)
218,355.53,1,2011-11,30,France,Recent buyers
219,137.31,1,2011-11,22,Italy,Recent buyers
220,1446.08,8,2011-03,17,Germany,Champions
221,1303.41,3,2011-05,15,France,Recent buyers
222,10479.01,19,2010-12,2,Germany,Champions
223,162.10,1,2011-04,233,Germany,Dormant (rule-based)
224,269.10,1,2011-03,277,Germany,Dormant (rule-based)
225,569.13,2,2011-06,107,France,Dormant (rule-based)
226,2413.82,2,2011-01,212,Germany,Dormant (rule-based)
227,5954.48,9,2011-01,24,Germany,Champions
228,4070.53,6,2011-07,11,Germany,Champions
229,732.46,3,2011-10,5,Germany,Recent buyers
230,1030.88,2,2011-10,10,Finland,Recent buyers
231,480.50,1,2011-10,58,Finland,Developing
232,1717.98,4,2011-02,59,Germany,Developing
233,1505.18,2,2011-07,90,Germany,Developing
234,5823.90,8,2011-01,68,France,Loyal active
235,511.69,1,2011-11,34,Sweden,Developing
236,366.10,1,2011-04,239,Sweden,Dormant (rule-based)
237,994.58,3,2011-09,24,France,Recent buyers
238,145.90,1,2011-08,116,Sweden,Dormant (rule-based)
239,905.26,3,2011-08,26,Germany,Recent buyers
240,912.60,4,2011-05,129,France,At risk (rule-based)
241,477.91,1,2011-08,130,Germany,Dormant (rule-based)
242,1631.18,4,2011-01,34,Germany,Developing
243,1253.37,2,2011-10,5,USA,Recent buyers
244,2377.62,12,2010-12,23,Germany,Champions
245,300.05,1,2011-07,155,Germany,Dormant (rule-based)
246,560.87,3,2011-05,108,Germany,At risk (rule-based)
247,242.44,1,2011-12,4,France,Recent buyers
248,114.00,1,2011-01,335,France,Dormant (rule-based)
249,793.98,1,2011-01,332,France,Dormant (rule-based)
250,2209.85,2,2011-02,149,Israel,Dormant (rule-based)
251,529.98,5,2011-02,11,Germany,Champions
252,3152.97,5,2011-04,18,France,Champions
253,1156.70,4,2011-09,12,France,Recent buyers
254,632.05,1,2011-11,19,Germany,Recent buyers
255,45.60,1,2011-11,30,France,Recent buyers
256,227.10,1,2011-11,12,France,Recent buyers
257,3531.18,11,2010-12,1,Germany,Champions
258,1717.80,6,2011-01,36,Finland,Loyal active
259,45.00,1,2011-01,325,Germany,Dormant (rule-based)
260,460.13,1,2011-10,59,Finland,Developing
261,3100.83,4,2010-12,12,Germany,Recent buyers
262,1427.73,2,2011-03,151,France,Dormant (rule-based)
263,2744.05,5,2011-04,11,France,Champions
264,225.90,1,2011-01,330,France,Dormant (rule-based)
265,574.52,2,2011-01,6,Germany,Recent buyers
266,1844.60,4,2011-05,39,France,Developing
267,1091.39,6,2011-02,25,Sweden,Champions
268,3726.74,9,2010-12,43,France,Loyal active
269,722.06,1,2011-03,284,France,Dormant (rule-based)
270,790.81,4,2011-08,1,France,Recent buyers
271,11851.46,22,2010-12,15,France,Champions
272,9868.30,30,2010-12,4,France,Champions
273,7042.97,14,2010-12,5,France,Champions
274,1904.79,6,2011-05,8,France,Champions
275,2575.08,6,2011-09,29,France,Champions
276,71.14,1,2010-12,372,France,Dormant (rule-based)
277,4262.53,1,2011-08,114,Israel,Dormant (rule-based)
278,1139.61,2,2011-08,26,France,Recent buyers
279,335.01,1,2011-05,206,France,Dormant (rule-based)
280,769.40,4,2010-12,59,France,Developing
281,711.91,4,2011-01,128,Germany,At risk (rule-based)
282,761.67,2,2011-06,71,France,Developing
283,582.10,4,2011-05,8,France,Recent buyers
284,729.51,3,2011-06,29,Sweden,Recent buyers
285,4525.99,4,2011-05,8,France,Recent buyers
286,725.71,2,2011-04,80,Germany,Developing
287,201.00,1,2011-11,20,Germany,Recent buyers
288,265.55,1,2011-09,72,Germany,Developing
289,1570.20,8,2011-06,8,Finland,Champions
290,6377.49,8,2010-12,16,Germany,Champions
291,603.42,1,2011-02,292,France,Dormant (rule-based)
292,2442.91,10,2010-12,30,Germany,Champions
293,9355.52,15,2010-12,16,Germany,Champions
294,1023.02,3,2011-05,97,Germany,At risk (rule-based)
295,3928.13,13,2010-12,29,Germany,Champions
296,794.55,1,2011-12,1,Germany,Recent buyers
297,4213.26,5,2011-02,10,France,Champions
298,273.86,1,2011-08,107,Sweden,Dormant (rule-based)
299,963.49,2,2011-07,4,France,Recent buyers
300,830.98,2,2011-04,152,Greece,Dormant (rule-based)
301,202.25,1,2011-09,72,France,Developing
302,572.95,2,2011-10,6,France,Recent buyers
303,4965.97,25,2010-12,3,Germany,Champions
304,2383.25,6,2010-12,32,France,Loyal active
305,979.63,4,2011-07,86,France,Developing
306,707.07,5,2011-10,4,France,Champions
307,923.41,4,2011-01,6,France,Recent buyers
308,371.80,1,2010-12,372,Italy,Dormant (rule-based)
309,2047.74,7,2010-12,29,France,Champions
310,3375.42,7,2011-01,11,France,Champions
311,728.33,4,2011-01,72,France,Developing
312,417.01,1,2011-08,114,France,Dormant (rule-based)
313,13689.37,11,2010-12,24,France,Champions
314,218.26,1,2011-06,180,France,Dormant (rule-based)
315,383.95,1,2011-04,235,USA,Dormant (rule-based)
316,110.40,1,2010-12,353,France,Dormant (rule-based)
317,689.57,2,2011-01,316,France,Dormant (rule-based)
318,93.60,1,2011-01,333,France,Dormant (rule-based)
319,137.35,1,2010-12,373,Germany,Dormant (rule-based)
320,975.54,1,2011-09,100,United Arab Emirates,Dormant (rule-based)
321,427.60,1,2011-10,64,France,Developing
322,546.43,2,2011-07,135,Unspecified,Dormant (rule-based)
323,8088.53,4,2011-01,57,Singapore,Developing
324,4196.01,11,2010-12,3,United Kingdom,Champions
325,28137.58,204,2010-12,1,United Kingdom,Champions
326,4009.38,5,2011-05,4,United Kingdom,Champions
327,275.88,1,2011-08,129,Poland,Dormant (rule-based)
328,2462.78,1,2011-09,82,Norway,Developing
329,12976.23,6,2010-12,23,Japan,Champions
330,61.62,2,2011-02,278,Japan,Dormant (rule-based)
331,17.55,1,2011-03,281,Japan,Dormant (rule-based)
332,50.88,1,2011-09,87,Japan,Developing
333,4199.20,9,2011-05,16,Portugal,Champions
334,2744.79,2,2011-03,117,Portugal,Dormant (rule-based)
335,1411.44,3,2011-03,53,Netherlands,Developing
336,1443.32,2,2011-11,8,Portugal,Recent buyers
337,320.08,1,2010-12,370,Japan,Dormant (rule-based)
338,1693.88,1,2011-01,317,Lebanon,Dormant (rule-based)
339,6376.03,7,2010-12,4,Portugal,Champions
340,1143.60,1,2011-04,239,Brazil,Dormant (rule-based)
341,1073.05,1,2011-05,211,Japan,Dormant (rule-based)
342,752.47,1,2011-10,60,Portugal,Developing
343,1281.04,5,2011-02,18,Netherlands,Champions
344,670.55,6,2011-01,20,Netherlands,Champions
345,3905.04,8,2010-12,38,Poland,Loyal active
346,744.98,2,2011-02,64,Czech Republic,Developing
347,1938.92,5,2010-12,5,Portugal,Champions
348,1295.87,4,2011-09,3,Portugal,Recent buyers
349,518.42,1,2011-11,16,Portugal,Recent buyers
350,255.95,1,2010-12,365,Portugal,Dormant (rule-based)
351,418.66,3,2011-05,10,Netherlands,Recent buyers
352,76.85,1,2011-10,66,Netherlands,Developing
353,294.92,1,2011-05,193,Netherlands,Dormant (rule-based)
354,344.54,1,2011-03,257,Portugal,Dormant (rule-based)
355,461.48,2,2010-12,335,Portugal,Dormant (rule-based)
356,860.41,2,2011-09,54,Portugal,Developing
357,318.48,1,2011-11,19,Portugal,Recent buyers
358,226.03,1,2010-12,366,Portugal,Dormant (rule-based)
359,397.58,1,2011-06,187,Netherlands,Dormant (rule-based)
360,455.65,3,2010-12,37,Portugal,Developing
361,405.31,1,2011-06,178,Portugal,Dormant (rule-based)
362,458.85,2,2011-02,262,Portugal,Dormant (rule-based)
363,229.64,1,2011-10,45,Japan,Developing
364,85.92,1,2011-08,102,Poland,Dormant (rule-based)
365,863.46,2,2011-05,148,Poland,Dormant (rule-based)
366,452.20,2,2011-06,96,Poland,Dormant (rule-based)
367,126.04,1,2011-03,282,Austria,Dormant (rule-based)
368,387.20,1,2011-03,262,Austria,Dormant (rule-based)
369,942.34,4,2011-01,4,United Kingdom,Recent buyers
370,92.72,1,2011-05,215,United Kingdom,Dormant (rule-based)
371,948.88,2,2011-09,71,United Kingdom,Developing
372,765.00,3,2011-02,128,United Kingdom,At risk (rule-based)
373,397.12,1,2011-10,60,United Kingdom,Developing
374,1474.72,7,2010-12,3,United Kingdom,Champions
375,430.15,3,2011-10,6,United Kingdom,Recent buyers
376,1018.71,6,2011-08,3,United Kingdom,Champions
377,221.00,2,2010-12,337,United Kingdom,Dormant (rule-based)
378,215.05,1,2011-03,263,United Kingdom,Dormant (rule-based)
379,383.03,2,2011-09,33,United Kingdom,Developing
380,417.38,1,2011-07,146,United Kingdom,Dormant (rule-based)
381,312.38,1,2011-03,283,United Kingdom,Dormant (rule-based)
382,2612.86,4,2011-02,60,United Kingdom,Developing
383,134.10,1,2011-06,174,United Kingdom,Dormant (rule-based)
384,683.13,2,2010-12,34,United Kingdom,Developing
385,5591.42,14,2010-12,3,United Kingdom,Champions
386,2726.77,4,2011-04,144,United Kingdom,At risk (rule-based)
387,3915.07,25,2010-12,5,United Kingdom,Champions
388,1118.99,2,2011-02,71,United Kingdom,Developing
389,1702.26,8,2011-03,66,United Kingdom,Loyal active
390,325.96,2,2011-08,30,United Kingdom,Recent buyers
391,145.29,3,2011-02,268,United Kingdom,At risk (rule-based)
392,841.30,1,2011-11,23,United Kingdom,Recent buyers
393,991.65,2,2011-03,32,United Kingdom,Developing
394,135.18,1,2011-09,97,United Kingdom,Dormant (rule-based)
395,311.55,1,2011-02,295,United Kingdom,Dormant (rule-based)
396,1793.90,6,2011-01,135,United Kingdom,At risk (rule-based)
397,1189.30,3,2011-01,79,United Kingdom,Developing
398,38.10,1,2010-12,373,United Kingdom,Dormant (rule-based)
399,2179.93,6,2011-10,8,United Kingdom,Champions
400,1106.40,2,2011-02,211,United Kingdom,Dormant (rule-based)
401,449.20,1,2011-10,53,United Kingdom,Developing
402,10.20,1,2011-07,139,United Kingdom,Dormant (rule-based)
403,1568.23,2,2011-08,27,Austria,Recent buyers
404,499.12,1,2011-03,284,Belgium,Dormant (rule-based)
405,3979.70,7,2010-12,27,United Kingdom,Champions
406,1607.06,6,2010-12,186,United Kingdom,At risk (rule-based)
407,217.44,2,2011-05,85,United Kingdom,Developing
408,599.97,2,2010-12,327,United Kingdom,Dormant (rule-based)
409,374.00,1,2011-03,283,United Kingdom,Dormant (rule-based)
410,1610.22,2,2011-05,58,Belgium,Developing
411,1535.77,12,2010-12,4,United Kingdom,Champions
412,854.99,2,2011-03,237,United Kingdom,Dormant (rule-based)
413,352.18,3,2011-09,45,United Kingdom,Developing
414,298.00,1,2011-03,276,United Kingdom,Dormant (rule-based)
415,1463.04,2,2011-11,10,United Kingdom,Recent buyers
416,703.47,4,2011-09,25,United Kingdom,Recent buyers
417,309.05,1,2011-09,89,United Kingdom,Developing
418,1175.22,3,2011-08,64,United Kingdom,Developing
419,1378.40,2,2011-05,68,United Kingdom,Developing
420,354.12,2,2011-03,215,United Kingdom,Dormant (rule-based)
421,380.47,1,2011-11,25,United Kingdom,Recent buyers
422,188.14,1,2011-11,31,United Kingdom,Developing
423,372.80,2,2011-09,43,United Kingdom,Developing
424,216.50,2,2011-02,205,United Kingdom,Dormant (rule-based)
425,2399.34,16,2011-03,11,United Kingdom,Champions
426,138.68,1,2011-03,265,United Kingdom,Dormant (rule-based)
427,509.58,2,2011-06,19,United Kingdom,Recent buyers
428,1975.57,5,2011-09,12,United Kingdom,Champions
429,2167.15,5,2011-03,40,United Kingdom,Loyal active
430,2850.16,8,2011-04,24,United Kingdom,Champions
431,1662.30,5,2011-10,3,United Kingdom,Champions
432,1755.47,5,2010-12,5,United Kingdom,Champions
433,363.65,2,2010-12,149,United Kingdom,Dormant (rule-based)
434,2652.87,4,2011-01,139,United Kingdom,At risk (rule-based)
435,1227.91,6,2011-06,9,United Kingdom,Champions
436,164.23,1,2011-11,18,United Kingdom,Recent buyers
437,16517.97,37,2010-12,10,United Kingdom,Champions
438,405.38,1,2011-07,162,United Kingdom,Dormant (rule-based)
439,175.72,1,2011-10,65,United Kingdom,Developing
440,696.79,4,2011-01,89,United Kingdom,Developing
441,694.05,2,2011-09,5,United Kingdom,Recent buyers
442,1902.14,5,2010-12,36,United Kingdom,Loyal active
443,117.85,1,2011-02,312,United Kingdom,Dormant (rule-based)
444,415.80,2,2011-06,79,United Kingdom,Developing
445,343.46,4,2010-12,68,United Kingdom,Developing
446,575.69,3,2011-03,25,United Kingdom,Recent buyers
447,2160.70,7,2011-01,3,United Kingdom,Champions
448,1063.90,4,2011-09,18,United Kingdom,Recent buyers
449,1443.07,4,2011-03,16,United Kingdom,Recent buyers
450,114.14,1,2011-11,26,United Kingdom,Recent buyers
451,732.24,4,2011-01,65,United Kingdom,Developing
452,913.54,2,2011-09,55,United Kingdom,Developing
453,683.90,3,2010-12,132,United Kingdom,At risk (rule-based)
454,604.51,2,2010-12,36,United Kingdom,Developing
455,462.95,1,2011-02,289,United Kingdom,Dormant (rule-based)
456,1603.99,6,2010-12,144,United Kingdom,At risk (rule-based)
457,2064.95,7,2011-03,17,United Kingdom,Champions
458,4167.22,8,2011-04,31,United Kingdom,Loyal active
459,409.00,2,2011-11,9,United Kingdom,Recent buyers
460,1064.07,6,2011-01,9,United Kingdom,Champions
461,1387.79,4,2011-09,6,United Kingdom,Recent buyers
462,329.85,1,2011-11,10,United Kingdom,Recent buyers
463,4495.08,11,2011-03,2,United Kingdom,Champions
464,108.07,1,2011-02,307,United Kingdom,Dormant (rule-based)
465,4014.66,8,2011-01,10,United Kingdom,Champions
466,266.39,2,2011-08,8,United Kingdom,Recent buyers
467,1856.63,8,2010-12,9,United Kingdom,Champions
468,771.91,1,2011-09,90,United Kingdom,Developing
469,160.18,1,2011-11,10,United Kingdom,Recent buyers
470,1493.50,2,2010-12,359,United Kingdom,Dormant (rule-based)
471,135.95,1,2011-08,113,United Kingdom,Dormant (rule-based)
472,452.24,4,2011-01,8,United Kingdom,Recent buyers
473,9010.75,84,2010-12,4,United Kingdom,Champions
474,144.80,1,2011-05,198,United Kingdom,Dormant (rule-based)
475,303.60,1,2011-05,212,United Kingdom,Dormant (rule-based)
476,39.24,1,2011-07,157,United Kingdom,Dormant (rule-based)
477,6398.58,9,2010-12,158,United Kingdom,At risk (rule-based)
478,372.22,2,2011-07,30,United Kingdom,Recent buyers
479,390.54,1,2011-04,243,United Kingdom,Dormant (rule-based)
480,97.50,1,2011-11,19,United Kingdom,Recent buyers
481,1122.14,2,2011-11,1,United Kingdom,Recent buyers
482,558.70,2,2011-05,74,United Kingdom,Developing
483,535.32,1,2011-02,293,United Kingdom,Dormant (rule-based)
484,3405.23,12,2010-12,4,United Kingdom,Champions
485,409.50,3,2011-02,32,United Kingdom,Developing
486,503.76,2,2011-08,24,United Kingdom,Recent buyers
487,414.76,4,2011-02,24,United Kingdom,Recent buyers
488,974.42,3,2011-03,5,United Kingdom,Recent buyers
489,211.32,1,2011-09,86,United Kingdom,Developing
490,1204.09,4,2011-01,23,United Kingdom,Recent buyers
491,455.88,3,2011-04,197,United Kingdom,At risk (rule-based)
492,458.53,2,2010-12,260,United Kingdom,Dormant (rule-based)
493,7491.86,13,2011-01,5,United Kingdom,Champions
494,120.95,1,2011-01,319,United Kingdom,Dormant (rule-based)
495,149.05,3,2011-05,106,United Kingdom,At risk (rule-based)
496,5640.79,18,2010-12,12,United Kingdom,Champions
497,513.70,2,2011-04,174,United Kingdom,Dormant (rule-based)
498,81.57,1,2011-10,57,United Kingdom,Developing
499,229.47,1,2011-01,324,United Kingdom,Dormant (rule-based)
500,50.55,1,2010-12,373,United Kingdom,Dormant (rule-based)
501,1661.84,8,2011-02,10,United Kingdom,Champions
502,4810.94,13,2010-12,2,United Kingdom,Champions
503,3466.28,10,2011-03,11,United Kingdom,Champions
504,3346.28,5,2011-04,54,United Kingdom,Loyal active
505,789.89,3,2011-08,74,United Kingdom,Developing
506,204.00,1,2011-12,8,United Kingdom,Recent buyers
507,7277.70,28,2011-02,17,United Kingdom,Champions
508,2616.38,9,2010-12,5,United Kingdom,Champions
509,599.90,2,2011-08,65,United Kingdom,Developing
510,625.32,4,2011-03,2,United Kingdom,Recent buyers
511,623.88,2,2011-10,23,United Kingdom,Recent buyers
512,1247.50,3,2010-12,31,United Kingdom,Developing
513,799.48,2,2010-12,12,United Kingdom,Recent buyers
514,1010.18,2,2011-09,53,United Kingdom,Developing
515,190.55,1,2010-12,358,United Kingdom,Dormant (rule-based)
516,642.77,2,2010-12,55,United Kingdom,Developing
517,893.80,2,2011-03,74,United Kingdom,Developing
518,881.07,3,2011-03,139,United Kingdom,At risk (rule-based)
519,908.46,3,2011-02,81,United Kingdom,Developing
520,676.99,2,2011-11,9,United Kingdom,Recent buyers
521,396.42,1,2011-03,274,United Kingdom,Dormant (rule-based)
522,560.47,1,2011-02,292,United Kingdom,Dormant (rule-based)
523,305.28,1,2011-09,100,United Kingdom,Dormant (rule-based)
524,629.31,2,2011-03,31,United Kingdom,Developing
525,3232.59,9,2010-12,57,United Kingdom,Loyal active
526,1835.91,4,2011-01,15,United Kingdom,Recent buyers
527,479.08,2,2011-01,65,United Kingdom,Developing
528,5754.39,17,2010-12,15,United Kingdom,Champions
529,348.15,1,2011-05,213,United Kingdom,Dormant (rule-based)
530,1214.41,3,2011-05,79,United Kingdom,Developing
531,271.40,3,2011-07,25,United Kingdom,Recent buyers
532,183.40,1,2011-04,250,United Kingdom,Dormant (rule-based)
533,307.53,1,2011-03,254,United Kingdom,Dormant (rule-based)
534,248.61,1,2011-09,73,United Kingdom,Developing
535,286.50,1,2011-06,192,United Kingdom,Dormant (rule-based)
536,1098.61,4,2011-01,13,United Kingdom,Recent buyers
537,205.86,1,2010-12,374,United Kingdom,Dormant (rule-based)
538,470.80,2,2011-11,25,United Kingdom,Recent buyers
539,115.46,1,2011-09,83,United Kingdom,Developing
540,4011.32,24,2010-12,1,United Kingdom,Champions
541,228.80,1,2011-05,193,United Kingdom,Dormant (rule-based)
542,177.15,1,2011-03,267,United Kingdom,Dormant (rule-based)
543,919.61,1,2011-08,130,United Kingdom,Dormant (rule-based)
544,702.00,4,2010-12,2,United Kingdom,Recent buyers
545,10748.90,26,2010-12,4,United Kingdom,Champions
546,220.10,5,2011-07,5,United Kingdom,Champions
547,58.08,1,2011-06,180,United Kingdom,Dormant (rule-based)
548,25305.78,10,2010-12,12,United Kingdom,Champions
549,1554.31,9,2011-01,127,United Kingdom,At risk (rule-based)
550,303.75,2,2011-09,5,United Kingdom,Recent buyers
551,416.08,2,2011-02,158,United Kingdom,Dormant (rule-based)
552,51215.11,94,2010-12,3,United Kingdom,Champions
553,7875.82,13,2010-12,9,United Kingdom,Champions
554,345.82,1,2011-11,29,United Kingdom,Recent buyers
555,473.83,5,2010-12,71,United Kingdom,Loyal active
556,6298.15,8,2010-12,276,United Kingdom,At risk (rule-based)
557,248.28,4,2010-12,157,United Kingdom,At risk (rule-based)
558,74.40,1,2011-09,71,United Kingdom,Developing
559,6010.42,10,2010-12,33,United Kingdom,Loyal active
560,20284.98,28,2011-01,2,United Kingdom,Champions
561,75.45,1,2011-04,235,United Kingdom,Dormant (rule-based)
562,6166.33,24,2010-12,2,United Kingdom,Champions
563,243.94,1,2011-10,40,United Kingdom,Developing
564,996.72,5,2011-03,4,United Kingdom,Champions
565,76.50,1,2011-07,134,United Kingdom,Dormant (rule-based)
566,1355.10,4,2011-01,45,United Kingdom,Developing
567,303.26,1,2010-12,373,United Kingdom,Dormant (rule-based)
568,786.54,2,2011-07,60,United Kingdom,Developing
569,1488.67,7,2011-02,32,United Kingdom,Loyal active
570,10341.96,24,2010-12,1,United Kingdom,Champions
571,2294.78,4,2011-06,12,United Kingdom,Recent buyers
572,501.14,1,2011-07,139,United Kingdom,Dormant (rule-based)
573,982.99,8,2010-12,22,United Kingdom,Champions
574,1197.81,5,2011-02,20,United Kingdom,Champions
575,30.60,1,2011-04,239,United Kingdom,Dormant (rule-based)
576,283.73,1,2011-03,270,United Kingdom,Dormant (rule-based)
577,922.39,2,2011-04,95,United Kingdom,Dormant (rule-based)
578,3774.89,3,2010-12,90,United Kingdom,Developing
579,2094.24,8,2010-12,5,United Kingdom,Champions
580,259.17,1,2011-09,78,United Kingdom,Developing
581,64.00,1,2011-09,95,United Kingdom,Dormant (rule-based)
582,1073.30,3,2011-06,24,United Kingdom,Recent buyers
583,77.30,1,2011-03,262,United Kingdom,Dormant (rule-based)
584,109.80,2,2011-02,274,United Kingdom,Dormant (rule-based)
585,1793.58,4,2011-04,86,United Kingdom,Developing
586,2607.61,5,2011-05,57,United Kingdom,Loyal active
587,3650.41,8,2011-02,11,United Kingdom,Champions
588,962.39,6,2010-12,23,United Kingdom,Champions
589,4920.10,7,2011-03,17,United Kingdom,Champions
590,423.72,3,2010-12,109,United Kingdom,At risk (rule-based)
591,2388.75,5,2011-01,85,United Kingdom,Loyal active
592,307.09,1,2011-11,20,United Kingdom,Recent buyers
593,110.95,1,2011-01,333,United Kingdom,Dormant (rule-based)
594,592.60,4,2010-12,40,United Kingdom,Developing
595,228.91,1,2011-11,27,United Kingdom,Recent buyers
596,712.80,4,2011-09,11,United Kingdom,Recent buyers
597,3707.12,12,2010-12,30,United Kingdom,Champions
598,1639.58,4,2011-02,15,United Kingdom,Recent buyers
599,1257.87,1,2011-02,296,United Kingdom,Dormant (rule-based)
600,345.82,1,2011-12,6,United Kingdom,Recent buyers
601,971.76,4,2010-12,34,United Kingdom,Developing
602,1683.14,4,2011-02,50,United Kingdom,Developing
603,1201.06,4,2011-01,95,United Kingdom,At risk (rule-based)
604,1437.85,4,2011-08,9,United Kingdom,Recent buyers
605,91.80,1,2011-11,23,United Kingdom,Recent buyers
606,112.75,1,2011-01,314,United Kingdom,Dormant (rule-based)
607,1688.29,4,2011-01,123,United Kingdom,At risk (rule-based)
608,853.24,2,2010-12,47,United Kingdom,Developing
609,417.20,1,2011-03,284,United Kingdom,Dormant (rule-based)
610,700.13,4,2011-07,19,United Kingdom,Recent buyers
611,1319.19,4,2011-01,37,United Kingdom,Developing
612,684.80,2,2011-04,64,United Kingdom,Developing
613,116.01,1,2011-11,27,United Kingdom,Recent buyers
614,468.41,3,2011-02,22,United Kingdom,Recent buyers
615,353.65,2,2010-12,5,United Kingdom,Recent buyers
616,2794.76,3,2010-12,17,United Kingdom,Recent buyers
617,462.60,1,2011-10,47,United Kingdom,Developing
618,282.45,1,2011-10,65,United Kingdom,Developing
619,5725.47,11,2010-12,27,United Kingdom,Champions
620,121.18,1,2011-10,46,United Kingdom,Developing
621,3202.98,9,2011-01,8,United Kingdom,Champions
622,1680.13,10,2011-02,15,United Kingdom,Champions
623,71.40,1,2011-03,268,United Kingdom,Dormant (rule-based)
624,1571.89,3,2011-08,40,United Kingdom,Developing
625,236.02,1,2011-01,338,United Kingdom,Dormant (rule-based)
626,114.60,1,2011-11,12,United Kingdom,Recent buyers
627,248.04,2,2011-08,19,United Kingdom,Recent buyers
628,911.94,2,2011-05,96,United Kingdom,Dormant (rule-based)
629,117.88,1,2011-10,62,United Kingdom,Developing
630,60.70,1,2011-07,136,United Kingdom,Dormant (rule-based)
631,1797.78,4,2011-03,12,United Kingdom,Recent buyers
632,3401.24,6,2010-12,11,United Kingdom,Champions
633,6185.88,33,2010-12,4,United Kingdom,Champions
634,793.77,4,2011-08,20,United Kingdom,Recent buyers
635,869.46,4,2011-04,10,United Kingdom,Recent buyers
636,250.26,2,2011-07,16,United Kingdom,Recent buyers
637,1199.42,5,2011-02,60,United Kingdom,Loyal active
638,5850.93,8,2010-12,31,United Kingdom,Loyal active
639,353.48,1,2011-09,94,United Kingdom,Dormant (rule-based)
640,789.42,3,2010-12,11,United Kingdom,Recent buyers
641,788.08,3,2011-10,20,United Kingdom,Recent buyers
642,1484.10,5,2011-05,57,United Kingdom,Loyal active
643,195.50,1,2011-03,268,United Kingdom,Dormant (rule-based)
644,209.94,2,2011-07,123,United Kingdom,Dormant (rule-based)
645,62.64,1,2011-08,128,United Kingdom,Dormant (rule-based)
646,819.29,4,2011-04,79,United Kingdom,Developing
647,844.86,2,2010-12,241,United Kingdom,Dormant (rule-based)
648,163.20,2,2011-04,201,United Kingdom,Dormant (rule-based)
649,1972.08,2,2011-07,61,United Kingdom,Developing
650,1182.36,3,2011-01,4,United Kingdom,Recent buyers
651,108.21,1,2011-03,274,United Kingdom,Dormant (rule-based)
652,257.70,1,2011-05,202,United Kingdom,Dormant (rule-based)
653,160.95,1,2011-04,226,United Kingdom,Dormant (rule-based)
654,2763.41,14,2010-12,5,United Kingdom,Champions
655,1290.76,7,2011-04,13,United Kingdom,Champions
656,592.52,2,2011-01,75,United Kingdom,Developing
657,1031.07,1,2011-05,213,United Kingdom,Dormant (rule-based)
658,744.85,2,2011-08,25,United Kingdom,Recent buyers
659,700.73,4,2010-12,18,United Kingdom,Recent buyers
660,329.56,1,2011-03,262,United Kingdom,Dormant (rule-based)
661,648.70,4,2010-12,97,United Kingdom,At risk (rule-based)
662,270.40,3,2011-05,113,United Kingdom,At risk (rule-based)
663,600.07,1,2011-05,204,United Kingdom,Dormant (rule-based)
664,121.74,1,2011-09,93,United Kingdom,Dormant (rule-based)
665,430.50,1,2011-10,51,United Kingdom,Developing
666,1289.86,6,2011-01,19,United Kingdom,Champions
667,501.12,4,2011-09,18,United Kingdom,Recent buyers
668,465.68,2,2011-06,125,United Kingdom,Dormant (rule-based)
669,127.73,1,2011-09,94,United Kingdom,Dormant (rule-based)
670,585.44,2,2011-01,157,United Kingdom,Dormant (rule-based)
671,309.51,2,2010-12,10,United Kingdom,Recent buyers
672,698.58,3,2011-05,12,United Kingdom,Recent buyers
673,292.32,1,2011-10,62,United Kingdom,Developing
674,557.62,1,2011-10,62,United Kingdom,Developing
675,944.10,2,2011-02,269,United Kingdom,Dormant (rule-based)
676,200.29,1,2011-03,264,United Kingdom,Dormant (rule-based)
677,7432.45,35,2011-01,2,United Kingdom,Champions
678,1564.46,5,2011-03,54,United Kingdom,Loyal active
679,3136.94,12,2011-03,12,United Kingdom,Champions
680,4521.49,19,2010-12,3,United Kingdom,Champions
681,3129.53,10,2011-03,18,United Kingdom,Champions
682,4939.91,15,2010-12,2,United Kingdom,Champions
683,217.38,1,2011-11,38,United Kingdom,Developing
684,276.56,2,2011-09,32,United Kingdom,Developing
685,138.98,1,2011-08,114,United Kingdom,Dormant (rule-based)
686,590.93,2,2011-09,64,United Kingdom,Developing
687,258.40,4,2011-07,16,United Kingdom,Recent buyers
688,514.65,1,2011-10,41,United Kingdom,Developing
689,137.75,1,2011-09,79,United Kingdom,Developing
690,814.86,3,2011-01,123,United Kingdom,At risk (rule-based)
691,1132.14,3,2011-05,19,United Kingdom,Recent buyers
692,93.66,2,2011-06,60,United Kingdom,Developing
693,201.19,1,2011-01,331,United Kingdom,Dormant (rule-based)
694,2709.12,4,2011-02,24,United Kingdom,Recent buyers
695,361.11,1,2011-07,156,United Kingdom,Dormant (rule-based)
696,578.94,2,2011-02,39,United Kingdom,Developing
697,873.74,2,2011-04,190,United Kingdom,Dormant (rule-based)
698,201.20,1,2010-12,360,United Kingdom,Dormant (rule-based)
699,87.40,1,2011-07,138,United Kingdom,Dormant (rule-based)
700,1940.09,4,2011-10,8,United Kingdom,Recent buyers
701,90.00,1,2011-12,2,United Kingdom,Recent buyers
702,142.50,1,2011-03,269,United Kingdom,Dormant (rule-based)
703,371.89,1,2011-06,170,United Kingdom,Dormant (rule-based)
704,599.71,4,2011-02,104,United Kingdom,At risk (rule-based)
705,63.75,1,2011-07,156,United Kingdom,Dormant (rule-based)
706,300.42,1,2010-12,352,United Kingdom,Dormant (rule-based)
707,2000.86,10,2010-12,5,United Kingdom,Champions
708,15.00,1,2011-08,121,United Kingdom,Dormant (rule-based)
709,1325.03,3,2011-05,23,United Kingdom,Recent buyers
710,1456.79,5,2011-02,8,United Kingdom,Champions
711,1132.03,3,2011-01,29,United Kingdom,Recent buyers
712,598.57,2,2011-07,5,United Kingdom,Recent buyers
713,1555.32,5,2011-01,23,United Kingdom,Champions
714,775.94,3,2011-09,2,United Kingdom,Recent buyers
715,3527.41,4,2011-03,38,United Kingdom,Developing
716,2273.68,6,2010-12,67,United Kingdom,Loyal active
717,640.76,3,2011-11,2,United Kingdom,Recent buyers
718,10692.55,26,2010-12,6,United Kingdom,Champions
719,1548.70,4,2011-05,79,United Kingdom,Developing
720,259.04,1,2011-09,87,United Kingdom,Developing
721,199.48,1,2011-11,18,United Kingdom,Recent buyers
722,787.85,5,2011-09,4,United Kingdom,Champions
723,4153.95,10,2010-12,37,United Kingdom,Loyal active
724,675.30,1,2011-09,82,United Kingdom,Developing
725,3627.77,8,2010-12,39,United Kingdom,Loyal active
726,1042.08,1,2011-01,317,United Kingdom,Dormant (rule-based)
727,699.00,2,2010-12,32,United Kingdom,Developing
728,1127.25,3,2011-01,93,United Kingdom,At risk (rule-based)
729,350.90,1,2011-11,15,United Kingdom,Recent buyers
730,3536.82,3,2011-02,83,United Kingdom,Developing
731,795.12,1,2011-09,78,United Kingdom,Developing
732,397.42,1,2011-07,158,United Kingdom,Dormant (rule-based)
733,860.12,1,2011-05,201,United Kingdom,Dormant (rule-based)
734,8106.56,7,2011-03,46,United Kingdom,Loyal active
735,775.85,1,2011-03,261,United Kingdom,Dormant (rule-based)
736,303.43,1,2011-06,178,United Kingdom,Dormant (rule-based)
737,2543.72,3,2011-03,68,United Kingdom,Developing
738,339.50,1,2011-02,288,United Kingdom,Dormant (rule-based)
739,291.36,1,2011-09,71,United Kingdom,Developing
740,233.76,1,2011-10,65,United Kingdom,Developing
741,197.32,1,2011-11,11,United Kingdom,Recent buyers
742,879.12,2,2011-09,17,United Kingdom,Recent buyers
743,323.94,1,2011-10,67,United Kingdom,Developing
744,347.98,1,2011-10,61,United Kingdom,Developing
745,743.53,1,2011-09,72,United Kingdom,Developing
746,674.70,1,2011-08,123,United Kingdom,Dormant (rule-based)
747,768.24,1,2011-09,81,United Kingdom,Developing
748,609.95,1,2011-03,258,United Kingdom,Dormant (rule-based)
749,389.03,1,2011-03,269,United Kingdom,Dormant (rule-based)
750,389.56,1,2011-10,64,United Kingdom,Developing
751,3090.74,4,2011-02,10,United Kingdom,Recent buyers
752,892.50,2,2011-10,18,United Kingdom,Recent buyers
753,134.96,1,2011-09,72,United Kingdom,Developing
754,2225.37,2,2011-05,34,United Kingdom,Developing
755,573.40,2,2011-01,257,United Kingdom,Dormant (rule-based)
756,258.28,1,2010-12,366,United Kingdom,Dormant (rule-based)
757,754.87,1,2010-12,372,United Kingdom,Dormant (rule-based)
758,328.64,1,2011-09,90,United Kingdom,Developing
759,3291.37,3,2011-03,61,United Kingdom,Developing
760,778.65,1,2011-09,89,United Kingdom,Developing
761,869.76,3,2011-04,100,United Kingdom,At risk (rule-based)
762,572.56,3,2011-07,27,United Kingdom,Recent buyers
763,3611.47,6,2011-02,32,United Kingdom,Loyal active
764,222.99,1,2011-03,281,United Kingdom,Dormant (rule-based)
765,3621.25,7,2011-06,31,United Kingdom,Loyal active
766,534.57,1,2011-01,330,United Kingdom,Dormant (rule-based)
767,677.10,2,2011-07,132,United Kingdom,Dormant (rule-based)
768,797.96,3,2011-04,12,United Kingdom,Recent buyers
769,544.08,1,2011-09,75,United Kingdom,Developing
770,59.80,1,2011-05,204,United Kingdom,Dormant (rule-based)
771,2503.70,8,2011-02,2,United Kingdom,Champions
772,297.16,1,2011-06,186,United Kingdom,Dormant (rule-based)
773,1360.99,2,2011-01,30,United Kingdom,Recent buyers
774,1544.13,5,2011-01,73,United Kingdom,Loyal active
775,457.34,1,2011-05,193,United Kingdom,Dormant (rule-based)
776,621.23,2,2010-12,128,United Kingdom,Dormant (rule-based)
777,75.00,1,2011-11,18,United Kingdom,Recent buyers
778,252.49,2,2011-05,2,United Kingdom,Recent buyers
779,572.45,3,2011-01,75,United Kingdom,Developing
780,19652.58,60,2010-12,2,United Kingdom,Champions
781,1003.06,5,2011-02,25,United Kingdom,Champions
782,213.55,1,2011-08,108,United Kingdom,Dormant (rule-based)
783,568.50,2,2011-07,134,United Kingdom,Dormant (rule-based)
784,712.50,2,2011-09,44,United Kingdom,Developing
785,640.83,2,2011-05,5,United Kingdom,Recent buyers
786,5816.75,18,2010-12,12,United Kingdom,Champions
787,221.06,1,2011-10,64,United Kingdom,Developing
788,159.85,2,2011-06,150,United Kingdom,Dormant (rule-based)
789,1758.98,2,2011-02,41,United Kingdom,Developing
790,2626.30,1,2011-10,65,United Kingdom,Developing
791,1480.09,3,2011-02,109,United Kingdom,At risk (rule-based)
792,3641.32,10,2010-12,1,United Kingdom,Champions
793,582.60,3,2011-05,20,United Kingdom,Recent buyers
794,218.47,1,2011-11,11,United Kingdom,Recent buyers
795,978.72,4,2011-09,11,United Kingdom,Recent buyers
796,674.65,2,2011-09,19,United Kingdom,Recent buyers
797,1003.90,2,2011-09,68,United Kingdom,Developing
798,179.04,2,2011-09,75,United Kingdom,Developing
799,3415.21,7,2011-06,6,United Kingdom,Champions
800,196.89,1,2011-12,2,United Kingdom,Recent buyers
801,3408.06,7,2011-06,15,United Kingdom,Champions
802,283.71,1,2011-03,256,United Kingdom,Dormant (rule-based)
803,296.64,1,2011-09,92,United Kingdom,Dormant (rule-based)
804,1129.14,3,2011-11,24,United Kingdom,Recent buyers
805,3539.37,6,2010-12,17,United Kingdom,Champions
806,291.88,1,2011-11,24,United Kingdom,Recent buyers
807,1427.40,6,2011-05,27,United Kingdom,Champions
808,2976.15,5,2011-01,27,United Kingdom,Champions
809,590.00,2,2011-03,260,United Kingdom,Dormant (rule-based)
810,356.98,2,2011-02,166,United Kingdom,Dormant (rule-based)
811,1058.34,2,2010-12,25,United Kingdom,Recent buyers
812,1766.72,6,2011-05,18,United Kingdom,Champions
813,9595.57,14,2010-12,8,United Kingdom,Champions
814,183.44,2,2011-10,30,United Kingdom,Recent buyers
815,874.20,3,2011-06,39,United Kingdom,Developing
816,151.50,1,2011-04,253,United Kingdom,Dormant (rule-based)
817,674.68,1,2011-10,59,United Kingdom,Developing
818,307.90,1,2011-06,185,United Kingdom,Dormant (rule-based)
819,1083.71,2,2011-11,11,United Kingdom,Recent buyers
820,5541.77,37,2010-12,2,United Kingdom,Champions
821,165.00,2,2011-08,100,United Kingdom,Dormant (rule-based)
822,2531.58,4,2011-10,2,United Kingdom,Recent buyers
823,422.64,2,2011-01,61,United Kingdom,Developing
824,229.59,1,2011-04,237,United Kingdom,Dormant (rule-based)
825,1355.46,4,2011-02,192,United Kingdom,At risk (rule-based)
826,1238.47,2,2011-03,179,United Kingdom,Dormant (rule-based)
827,1454.58,6,2011-02,38,United Kingdom,Loyal active
828,300.95,2,2011-04,201,United Kingdom,Dormant (rule-based)
829,1804.56,5,2011-03,46,United Kingdom,Loyal active
830,184.64,1,2011-04,233,United Kingdom,Dormant (rule-based)
831,140.34,1,2011-10,66,United Kingdom,Developing
832,313.80,1,2011-04,242,United Kingdom,Dormant (rule-based)
833,454.24,1,2011-04,234,United Kingdom,Dormant (rule-based)
834,1122.41,3,2011-07,79,United Kingdom,Developing
835,575.40,3,2010-12,58,United Kingdom,Developing
836,8838.71,13,2010-12,18,United Kingdom,Champions
837,215.28,3,2011-02,106,United Kingdom,At risk (rule-based)
838,1215.82,10,2010-12,52,United Kingdom,Loyal active
839,1269.84,3,2011-05,137,Switzerland,At risk (rule-based)
840,40.35,1,2011-02,288,Switzerland,Dormant (rule-based)
841,316.26,1,2011-02,312,United Kingdom,Dormant (rule-based)
842,2044.87,5,2010-12,8,United Kingdom,Champions
843,653.33,2,2010-12,11,United Kingdom,Recent buyers
844,348.05,2,2010-12,283,United Kingdom,Dormant (rule-based)
845,954.15,5,2011-03,18,United Kingdom,Champions
846,1166.77,3,2011-08,24,United Kingdom,Recent buyers
847,1340.32,1,2011-02,289,Switzerland,Dormant (rule-based)
848,292.00,3,2011-01,17,United Kingdom,Recent buyers
849,216.85,1,2011-09,72,United Kingdom,Developing
850,295.93,1,2011-10,65,United Kingdom,Developing
851,3621.03,4,2011-04,73,Switzerland,Developing
852,458.52,2,2010-12,317,United Kingdom,Dormant (rule-based)
853,2479.16,4,2011-07,4,United Kingdom,Recent buyers
854,110.97,1,2011-04,244,United Kingdom,Dormant (rule-based)
855,814.84,5,2011-02,9,United Kingdom,Champions
856,1791.56,4,2011-06,2,United Kingdom,Recent buyers
857,251.21,1,2011-03,261,United Kingdom,Dormant (rule-based)
858,205.10,1,2011-08,127,United Kingdom,Dormant (rule-based)
859,152.20,1,2011-09,74,United Kingdom,Developing
860,891.12,4,2011-04,73,United Kingdom,Developing
861,635.41,3,2011-04,22,United Kingdom,Recent buyers
862,2128.42,3,2011-06,60,United Kingdom,Developing
863,659.44,1,2011-09,86,United Kingdom,Developing
864,122.75,1,2011-09,79,United Kingdom,Developing
865,2566.75,6,2010-12,59,Switzerland,Loyal active
866,1092.39,3,2011-11,2,United Kingdom,Recent buyers
867,125.80,1,2011-11,31,United Kingdom,Developing
868,3874.88,5,2010-12,34,United Kingdom,Loyal active
869,680.18,5,2011-05,41,United Kingdom,Loyal active
870,164.78,2,2011-04,15,United Kingdom,Recent buyers
871,2287.51,7,2011-01,34,United Kingdom,Loyal active
872,307.76,2,2011-05,79,United Kingdom,Developing
873,483.80,2,2010-12,206,United Kingdom,Dormant (rule-based)
874,210.31,1,2011-11,34,United Kingdom,Developing
875,270.79,3,2011-03,183,United Kingdom,At risk (rule-based)
876,5870.08,25,2010-12,3,United Kingdom,Champions
877,3333.00,7,2011-09,2,United Kingdom,Champions
878,1280.85,7,2011-01,44,United Kingdom,Loyal active
879,631.34,3,2011-02,86,United Kingdom,Developing
880,291.41,2,2011-04,40,United Kingdom,Developing
881,626.99,3,2011-05,13,United Kingdom,Recent buyers
882,628.23,2,2011-04,97,United Kingdom,Dormant (rule-based)
883,918.20,7,2011-04,26,United Kingdom,Champions
884,91.80,1,2011-01,320,United Kingdom,Dormant (rule-based)
885,3740.07,12,2011-01,67,United Kingdom,Loyal active
886,4060.48,4,2011-05,74,United Kingdom,Developing
887,584.06,2,2011-03,29,United Kingdom,Recent buyers
888,605.06,4,2011-10,6,United Kingdom,Recent buyers
889,174.37,1,2011-12,8,United Kingdom,Recent buyers
890,141.86,1,2011-05,216,United Kingdom,Dormant (rule-based)
891,1799.33,3,2011-04,82,United Kingdom,Developing
892,777.53,2,2011-07,85,United Kingdom,Developing
893,1172.46,2,2010-12,355,United Kingdom,Dormant (rule-based)
894,240.22,2,2011-01,20,United Kingdom,Recent buyers
895,874.71,2,2011-09,41,United Kingdom,Developing
896,192.85,1,2011-06,174,United Kingdom,Dormant (rule-based)
897,372.25,2,2010-12,18,United Kingdom,Recent buyers
898,239.49,1,2011-04,244,United Kingdom,Dormant (rule-based)
899,2092.32,12,2011-03,13,United Kingdom,Champions
900,1234.25,1,2011-05,206,United Kingdom,Dormant (rule-based)
901,271.36,2,2011-03,51,United Kingdom,Developing
902,732.07,5,2011-06,24,United Kingdom,Champions
903,3383.38,18,2010-12,11,United Kingdom,Champions
904,1687.60,4,2011-04,26,United Kingdom,Recent buyers
905,467.04,2,2010-12,15,United Kingdom,Recent buyers
906,118.00,1,2011-02,310,United Kingdom,Dormant (rule-based)
907,781.03,1,2011-07,156,United Kingdom,Dormant (rule-based)
908,142.40,1,2011-02,307,United Kingdom,Dormant (rule-based)
909,533.40,1,2011-10,64,United Kingdom,Developing
910,2451.11,9,2011-03,16,United Kingdom,Champions
911,379.65,2,2011-06,15,United Kingdom,Recent buyers
912,1664.64,6,2011-02,12,United Kingdom,Champions
913,1117.13,3,2011-03,65,United Kingdom,Developing
914,247.96,4,2011-03,36,United Kingdom,Developing
915,2037.08,5,2011-01,109,United Kingdom,At risk (rule-based)
916,396.97,1,2011-10,53,United Kingdom,Developing
917,697.04,2,2011-11,6,United Kingdom,Recent buyers
918,180.17,1,2011-10,48,United Kingdom,Developing
919,4884.27,21,2010-12,2,United Kingdom,Champions
920,219.52,1,2011-01,313,United Kingdom,Dormant (rule-based)
921,693.32,2,2011-05,46,United Kingdom,Developing
922,428.89,1,2011-10,65,United Kingdom,Developing
923,164.34,1,2011-11,27,United Kingdom,Recent buyers
924,280.54,3,2011-02,30,United Kingdom,Recent buyers
925,678.01,1,2011-10,41,United Kingdom,Developing
926,1131.88,7,2011-02,13,United Kingdom,Champions
927,1171.80,3,2010-12,90,United Kingdom,Developing
928,1610.46,4,2011-01,25,United Kingdom,Recent buyers
929,417.69,1,2011-01,319,United Kingdom,Dormant (rule-based)
930,544.18,3,2011-06,41,United Kingdom,Developing
931,177.34,1,2011-06,174,United Kingdom,Dormant (rule-based)
932,209.85,1,2011-08,117,United Kingdom,Dormant (rule-based)
933,747.78,5,2011-02,31,United Kingdom,Loyal active
934,257.23,1,2011-04,253,United Kingdom,Dormant (rule-based)
935,1433.03,5,2010-12,60,United Kingdom,Loyal active
936,966.36,7,2011-02,31,United Kingdom,Loyal active
937,1046.94,7,2011-02,6,United Kingdom,Champions
938,1042.50,8,2011-03,100,United Kingdom,At risk (rule-based)
939,2060.79,5,2011-04,25,United Kingdom,Champions
940,1575.16,5,2011-01,34,United Kingdom,Loyal active
941,1071.03,1,2011-10,68,United Kingdom,Developing
942,949.12,5,2011-02,37,United Kingdom,Loyal active
943,809.25,3,2011-04,53,United Kingdom,Developing
944,122.64,1,2011-11,16,United Kingdom,Recent buyers
945,795.74,1,2011-09,75,United Kingdom,Developing
946,354.80,1,2011-05,216,United Kingdom,Dormant (rule-based)
947,519.44,3,2011-06,32,United Kingdom,Developing
948,2543.38,4,2011-08,17,United Kingdom,Recent buyers
949,162.10,1,2011-08,121,United Kingdom,Dormant (rule-based)
950,1678.12,4,2011-04,10,United Kingdom,Recent buyers
951,346.60,2,2010-12,257,United Kingdom,Dormant (rule-based)
952,1836.34,6,2011-03,17,United Kingdom,Champions
953,94.20,2,2011-10,36,United Kingdom,Developing
954,1095.08,3,2010-12,46,United Kingdom,Developing
955,2691.81,6,2011-03,44,United Kingdom,Loyal active
956,932.97,2,2011-04,115,United Kingdom,Dormant (rule-based)
957,374.85,2,2011-01,165,United Kingdom,Dormant (rule-based)
958,382.14,2,2011-05,11,United Kingdom,Recent buyers
959,2639.17,5,2011-05,10,United Kingdom,Champions
960,1573.20,2,2011-01,206,United Kingdom,Dormant (rule-based)
961,897.76,3,2011-03,86,United Kingdom,Developing
962,189.47,1,2011-06,180,United Kingdom,Dormant (rule-based)
963,84.65,3,2011-02,61,United Kingdom,Developing
964,305.02,1,2011-07,150,United Kingdom,Dormant (rule-based)
965,5015.75,21,2010-12,3,United Kingdom,Champions
966,213.75,2,2011-07,51,United Kingdom,Developing
967,349.70,1,2011-09,76,United Kingdom,Developing
968,186.39,2,2011-01,302,United Kingdom,Dormant (rule-based)
969,396.92,2,2011-11,19,United Kingdom,Recent buyers
970,486.82,2,2011-02,152,United Kingdom,Dormant (rule-based)
971,158.84,1,2011-07,152,United Kingdom,Dormant (rule-based)
972,2862.34,4,2011-01,2,United Kingdom,Recent buyers
973,827.83,4,2011-07,18,United Kingdom,Recent buyers
974,59.50,1,2011-06,188,United Kingdom,Dormant (rule-based)
975,67.23,1,2011-02,286,United Kingdom,Dormant (rule-based)
976,20.92,4,2011-10,4,United Kingdom,Recent buyers
977,72.00,1,2011-06,183,United Kingdom,Dormant (rule-based)
978,15.00,1,2011-10,64,United Kingdom,Developing
979,172.25,1,2011-10,60,United Kingdom,Developing
980,1488.32,3,2011-04,25,United Kingdom,Recent buyers
981,15308.93,38,2010-12,4,United Kingdom,Champions
982,1938.69,13,2011-03,32,United Kingdom,Loyal active
983,151.30,1,2011-11,39,United Kingdom,Developing
984,308.58,1,2011-07,156,United Kingdom,Dormant (rule-based)
985,2100.24,10,2011-01,27,United Kingdom,Champions
986,99.50,1,2011-01,319,United Kingdom,Dormant (rule-based)
987,2294.38,9,2011-09,6,United Kingdom,Champions
988,711.86,3,2010-12,8,United Kingdom,Recent buyers
989,330.79,1,2011-02,303,United Kingdom,Dormant (rule-based)
990,806.41,2,2011-01,268,United Kingdom,Dormant (rule-based)
991,294.88,1,2011-03,272,United Kingdom,Dormant (rule-based)
992,5684.85,13,2011-01,4,United Kingdom,Champions
993,180.48,1,2011-11,32,United Kingdom,Developing
994,252.06,2,2011-05,219,United Kingdom,Dormant (rule-based)
995,165.00,1,2011-04,247,United Kingdom,Dormant (rule-based)
996,1079.34,5,2010-12,282,United Kingdom,At risk (rule-based)
997,138.28,1,2011-03,270,United Kingdom,Dormant (rule-based)
998,1383.05,6,2011-02,33,United Kingdom,Loyal active
999,296.55,2,2011-02,247,United Kingdom,Dormant (rule-based)
1000,1013.60,5,2011-04,16,United Kingdom,Champions
1001,720.70,4,2011-03,117,United Kingdom,At risk (rule-based)
1002,524.14,1,2011-11,37,United Kingdom,Developing
1003,2314.93,3,2011-03,132,United Kingdom,At risk (rule-based)
1004,199.85,1,2011-05,218,United Kingdom,Dormant (rule-based)
1005,1980.56,8,2011-02,50,United Kingdom,Loyal active
1006,487.74,2,2011-08,39,United Kingdom,Developing
1007,333.48,2,2011-11,29,United Kingdom,Recent buyers
1008,1016.14,6,2011-02,37,United Kingdom,Loyal active
1009,752.60,2,2011-07,136,United Kingdom,Dormant (rule-based)
1010,610.59,2,2011-04,220,United Kingdom,Dormant (rule-based)
1011,491.86,1,2011-11,29,United Kingdom,Recent buyers
1012,2885.24,4,2011-04,25,United Kingdom,Recent buyers
1013,731.90,2,2011-03,6,United Kingdom,Recent buyers
1014,339.60,1,2011-05,201,United Kingdom,Dormant (rule-based)
1015,216.90,1,2011-11,19,United Kingdom,Recent buyers
1016,350.75,1,2011-04,241,United Kingdom,Dormant (rule-based)
1017,668.43,3,2011-05,72,United Kingdom,Developing
1018,3131.02,12,2011-01,17,United Kingdom,Champions
1019,917.16,7,2011-03,3,United Kingdom,Champions
1020,1114.60,2,2011-02,96,United Kingdom,Dormant (rule-based)
1021,300.04,1,2011-06,163,United Kingdom,Dormant (rule-based)
1022,79.60,1,2010-12,374,United Kingdom,Dormant (rule-based)
1023,744.25,4,2011-04,96,United Kingdom,At risk (rule-based)
1024,550.70,3,2011-02,54,United Kingdom,Developing
1025,131.25,1,2011-02,289,United Kingdom,Dormant (rule-based)
1026,1064.48,6,2011-04,125,United Kingdom,At risk (rule-based)
1027,741.26,1,2011-02,288,United Kingdom,Dormant (rule-based)
1028,282.60,2,2011-01,152,United Kingdom,Dormant (rule-based)
1029,2160.45,9,2011-10,4,United Kingdom,Champions
1030,3883.84,13,2010-12,3,United Kingdom,Champions
1031,2860.07,7,2010-12,12,United Kingdom,Champions
1032,659.41,2,2011-09,34,United Kingdom,Developing
1033,286.79,2,2011-03,55,United Kingdom,Developing
1034,1070.65,2,2011-06,51,United Kingdom,Developing
1035,133.20,1,2011-05,219,United Kingdom,Dormant (rule-based)
1036,1359.76,1,2011-10,64,United Kingdom,Developing
1037,1518.76,3,2011-01,71,United Kingdom,Developing
1038,12493.16,37,2010-12,3,United Kingdom,Champions
1039,2796.51,10,2010-12,3,United Kingdom,Champions
1040,2559.57,4,2011-04,65,United Kingdom,Developing
1041,1132.13,3,2011-04,34,United Kingdom,Developing
1042,345.00,1,2011-09,82,United Kingdom,Developing
1043,6969.07,25,2010-12,1,United Kingdom,Champions
1044,178.70,1,2011-08,104,United Kingdom,Dormant (rule-based)
1045,274.21,2,2011-06,8,United Kingdom,Recent buyers
1046,127.84,1,2011-04,251,United Kingdom,Dormant (rule-based)
1047,912.00,6,2011-01,13,United Kingdom,Champions
1048,1499.91,8,2011-01,10,United Kingdom,Champions
1049,230.40,1,2010-12,368,United Kingdom,Dormant (rule-based)
1050,290.80,2,2010-12,76,United Kingdom,Developing
1051,348.80,1,2011-12,5,United Kingdom,Recent buyers
1052,195.55,2,2011-02,67,United Kingdom,Developing
1053,13214.51,50,2010-12,2,United Kingdom,Champions
1054,688.86,2,2011-02,117,United Kingdom,Dormant (rule-based)
1055,558.32,1,2011-02,310,United Kingdom,Dormant (rule-based)
1056,324.80,1,2011-10,67,United Kingdom,Developing
1057,2034.02,3,2011-02,139,United Kingdom,At risk (rule-based)
1058,277.07,1,2011-03,256,United Kingdom,Dormant (rule-based)
1059,2635.79,7,2011-02,31,United Kingdom,Loyal active
1060,256.38,1,2011-10,64,United Kingdom,Developing
1061,112.60,1,2010-12,368,United Kingdom,Dormant (rule-based)
1062,1747.66,5,2011-09,6,United Kingdom,Champions
1063,155.05,1,2011-02,306,Cyprus,Dormant (rule-based)
1064,827.51,2,2011-10,29,Germany,Recent buyers
1065,519.75,2,2011-04,184,Germany,Dormant (rule-based)
1066,485.00,3,2011-08,43,Germany,Developing
1067,1168.86,4,2011-07,40,Germany,Developing
1068,1579.12,2,2011-07,93,Germany,Dormant (rule-based)
1069,3606.88,4,2011-01,23,Germany,Recent buyers
1070,499.67,2,2011-10,24,Germany,Recent buyers
1071,328.98,2,2010-12,30,Germany,Recent buyers
1072,887.75,3,2011-01,302,United Kingdom,At risk (rule-based)
1073,385.64,2,2011-03,145,United Kingdom,Dormant (rule-based)
1074,504.10,2,2011-10,6,United Kingdom,Recent buyers
1075,957.66,2,2011-09,19,United Kingdom,Recent buyers
1076,1558.06,5,2011-02,33,United Kingdom,Loyal active
1077,189.50,1,2011-06,177,United Kingdom,Dormant (rule-based)
1078,412.05,3,2011-07,58,United Kingdom,Developing
1079,168.45,1,2011-11,23,United Kingdom,Recent buyers
1080,1386.99,6,2010-12,17,United Kingdom,Champions
1081,52.20,1,2011-11,20,United Kingdom,Recent buyers
1082,384.80,1,2011-07,160,United Kingdom,Dormant (rule-based)
1083,834.57,4,2011-05,26,United Kingdom,Recent buyers
1084,271.24,2,2011-01,212,United Kingdom,Dormant (rule-based)
1085,691.73,4,2010-12,6,United Kingdom,Recent buyers
1086,3385.62,9,2010-12,59,United Kingdom,Loyal active
1087,361.62,1,2011-11,12,United Kingdom,Recent buyers
1088,312.98,1,2011-10,65,United Kingdom,Developing
1089,865.06,3,2010-12,25,United Kingdom,Recent buyers
1090,1537.95,2,2011-06,52,United Kingdom,Developing
1091,1595.48,1,2011-08,130,United Kingdom,Dormant (rule-based)
1092,1661.70,3,2011-02,96,United Kingdom,At risk (rule-based)
1093,1090.14,1,2011-10,58,United Kingdom,Developing
1094,7901.68,25,2010-12,9,United Kingdom,Champions
1095,150.90,3,2011-05,169,United Kingdom,At risk (rule-based)
1096,216.17,1,2011-10,58,United Kingdom,Developing
1097,201.16,1,2011-01,327,United Kingdom,Dormant (rule-based)
1098,1245.90,5,2011-09,2,United Kingdom,Champions
1099,2209.36,8,2011-01,19,United Kingdom,Champions
1100,305.78,1,2011-04,248,United Kingdom,Dormant (rule-based)
1101,501.56,4,2011-02,59,United Kingdom,Developing
1102,145.67,1,2011-09,75,United Kingdom,Developing
1103,1015.29,3,2011-05,32,United Kingdom,Developing
1104,507.54,1,2011-11,39,United Kingdom,Developing
1105,3104.95,4,2010-12,124,United Kingdom,At risk (rule-based)
1106,2362.94,8,2011-02,3,United Kingdom,Champions
1107,6403.25,13,2011-02,23,United Kingdom,Champions
1108,389.60,3,2011-02,120,United Kingdom,At risk (rule-based)
1109,540.45,1,2010-12,359,United Kingdom,Dormant (rule-based)
1110,1786.79,5,2011-02,54,United Kingdom,Loyal active
1111,122.70,1,2011-10,64,United Kingdom,Developing
1112,117.24,1,2011-09,87,United Kingdom,Developing
1113,1281.53,1,2011-10,55,United Kingdom,Developing
1114,3219.77,13,2010-12,22,United Kingdom,Champions
1115,7070.68,16,2011-02,4,United Kingdom,Champions
1116,1191.13,5,2011-10,3,United Kingdom,Champions
1117,2674.48,5,2011-03,11,United Kingdom,Champions
1118,787.60,5,2011-03,8,United Kingdom,Champions
1119,506.80,2,2011-05,190,United Kingdom,Dormant (rule-based)
1120,243.56,1,2011-09,72,United Kingdom,Developing
1121,349.55,1,2011-05,205,United Kingdom,Dormant (rule-based)
1122,605.63,2,2011-05,120,United Kingdom,Dormant (rule-based)
1123,416.90,1,2011-09,93,United Kingdom,Dormant (rule-based)
1124,1883.81,10,2010-12,2,United Kingdom,Champions
1125,480.69,4,2011-04,27,United Kingdom,Recent buyers
1126,821.10,1,2011-02,298,United Kingdom,Dormant (rule-based)
1127,488.30,3,2011-02,24,United Kingdom,Recent buyers
1128,2557.07,4,2011-06,29,United Kingdom,Recent buyers
1129,311.16,1,2011-10,51,United Kingdom,Developing
1130,155.93,1,2011-01,326,United Kingdom,Dormant (rule-based)
1131,388.52,2,2011-03,17,United Kingdom,Recent buyers
1132,740.95,3,2011-03,184,United Kingdom,At risk (rule-based)
1133,2867.20,5,2011-01,73,United Kingdom,Loyal active
1134,332.64,2,2011-02,38,United Kingdom,Developing
1135,2194.75,4,2011-03,80,United Kingdom,Developing
1136,2168.23,9,2011-02,58,United Kingdom,Loyal active
1137,626.45,2,2011-11,12,United Kingdom,Recent buyers
1138,272.04,2,2011-06,50,United Kingdom,Developing
1139,828.84,2,2011-03,50,United Kingdom,Developing
1140,348.81,2,2011-08,60,Denmark,Developing
1141,172.25,1,2010-12,352,United Kingdom,Dormant (rule-based)
1142,351.13,1,2011-10,54,United Kingdom,Developing
1143,1811.49,6,2011-09,2,United Kingdom,Champions
1144,678.25,4,2011-07,93,United Kingdom,At risk (rule-based)
1145,223.85,1,2011-11,24,United Kingdom,Recent buyers
1146,348.99,1,2011-09,75,United Kingdom,Developing
1147,464.57,4,2011-07,11,United Kingdom,Recent buyers
1148,842.65,2,2011-01,170,United Kingdom,Dormant (rule-based)
1149,337.34,2,2011-07,58,United Kingdom,Developing
1150,1237.53,2,2011-03,96,United Kingdom,Dormant (rule-based)
1151,307.40,1,2011-02,295,United Kingdom,Dormant (rule-based)
1152,608.79,2,2011-07,110,United Kingdom,Dormant (rule-based)
1153,922.10,1,2011-03,264,United Kingdom,Dormant (rule-based)
1154,376.58,1,2011-06,180,United Kingdom,Dormant (rule-based)
1155,158.85,1,2011-06,170,United Kingdom,Dormant (rule-based)
1156,71.66,1,2011-11,36,United Kingdom,Developing
1157,568.55,3,2011-02,24,United Kingdom,Recent buyers
1158,839.14,4,2011-07,18,United Kingdom,Recent buyers
1159,2412.72,5,2010-12,22,United Kingdom,Champions
1160,496.05,3,2011-03,80,United Kingdom,Developing
1161,90.60,1,2011-10,66,United Kingdom,Developing
1162,102.00,1,2010-12,361,United Kingdom,Dormant (rule-based)
1163,2285.24,6,2011-09,3,United Kingdom,Champions
1164,745.06,4,2011-04,12,United Kingdom,Recent buyers
1165,651.65,3,2011-02,177,United Kingdom,At risk (rule-based)
1166,3251.07,2,2011-04,218,United Kingdom,Dormant (rule-based)
1167,265.68,2,2011-08,8,United Kingdom,Recent buyers
1168,439.92,2,2011-09,2,United Kingdom,Recent buyers
1169,322.96,2,2011-02,155,United Kingdom,Dormant (rule-based)
1170,1026.42,5,2011-03,6,United Kingdom,Champions
1171,598.20,3,2010-12,80,United Kingdom,Developing
1172,230.22,2,2011-09,22,United Kingdom,Recent buyers
1173,169.55,2,2011-04,22,United Kingdom,Recent buyers
1174,649.42,4,2010-12,309,United Kingdom,At risk (rule-based)
1175,80.70,1,2011-07,146,United Kingdom,Dormant (rule-based)
1176,8772.70,18,2010-12,8,United Kingdom,Champions
1177,2758.26,8,2011-02,19,United Kingdom,Champions
1178,190.25,2,2011-05,71,United Kingdom,Developing
1179,264.70,1,2011-02,288,United Kingdom,Dormant (rule-based)
1180,413.59,1,2011-10,50,United Kingdom,Developing
1181,2463.28,6,2011-03,32,United Kingdom,Loyal active
1182,357.98,1,2011-05,207,United Kingdom,Dormant (rule-based)
1183,196.79,2,2011-10,15,United Kingdom,Recent buyers
1184,869.87,1,2011-09,74,United Kingdom,Developing
1185,181.58,1,2011-10,61,United Kingdom,Developing
1186,1871.81,4,2010-12,40,United Kingdom,Developing
1187,2474.55,11,2010-12,40,United Kingdom,Loyal active
1188,488.03,4,2010-12,27,United Kingdom,Recent buyers
1189,7060.13,15,2011-03,5,United Kingdom,Champions
1190,186.06,1,2011-11,18,United Kingdom,Recent buyers
1191,4111.48,6,2011-03,20,United Kingdom,Champions
1192,639.16,2,2011-04,66,United Kingdom,Developing
1193,311.30,1,2011-05,214,United Kingdom,Dormant (rule-based)
1194,854.97,6,2011-07,13,United Kingdom,Champions
1195,76.80,1,2011-11,31,United Kingdom,Developing
1196,3466.36,9,2011-01,43,United Kingdom,Loyal active
1197,2313.14,6,2011-07,4,United Kingdom,Champions
1198,1393.69,5,2011-04,16,United Kingdom,Champions
1199,3901.81,12,2010-12,11,United Kingdom,Champions
1200,304.70,1,2011-05,212,United Kingdom,Dormant (rule-based)
1201,1106.48,3,2010-12,46,United Kingdom,Developing
1202,518.21,2,2011-07,135,United Kingdom,Dormant (rule-based)
1203,4430.00,7,2011-02,44,United Kingdom,Loyal active
1204,2401.92,5,2011-05,10,United Kingdom,Champions
1205,519.55,3,2011-01,116,United Kingdom,At risk (rule-based)
1206,695.61,2,2011-05,199,United Kingdom,Dormant (rule-based)
1207,328.80,1,2011-03,278,United Kingdom,Dormant (rule-based)
1208,473.02,3,2011-03,111,United Kingdom,At risk (rule-based)
1209,477.10,1,2011-09,78,United Kingdom,Developing
1210,865.50,1,2011-10,53,United Kingdom,Developing
1211,4155.49,4,2010-12,162,EIRE,At risk (rule-based)
1212,1193.61,3,2011-07,47,United Kingdom,Developing
1213,642.80,2,2011-09,17,United Kingdom,Recent buyers
1214,631.90,3,2011-03,156,United Kingdom,At risk (rule-based)
1215,440.00,1,2011-04,226,United Kingdom,Dormant (rule-based)
1216,584.07,2,2011-04,8,United Kingdom,Recent buyers
1217,327.70,2,2011-08,122,United Kingdom,Dormant (rule-based)
1218,104.82,1,2011-10,61,United Kingdom,Developing
1219,467.66,2,2011-07,64,United Kingdom,Developing
1220,2360.09,8,2010-12,19,United Kingdom,Champions
1221,11267.66,17,2010-12,8,United Kingdom,Champions
1222,2846.71,11,2010-12,3,United Kingdom,Champions
1223,651.82,3,2011-07,23,United Kingdom,Recent buyers
1224,1428.02,5,2011-02,29,United Kingdom,Champions
1225,626.65,1,2011-02,285,United Kingdom,Dormant (rule-based)
1226,147.20,2,2010-12,177,United Kingdom,Dormant (rule-based)
1227,1560.38,3,2011-05,79,United Kingdom,Developing
1228,152.20,1,2011-11,34,United Kingdom,Developing
1229,3614.92,12,2011-01,41,United Kingdom,Loyal active
1230,141.41,1,2011-03,267,United Kingdom,Dormant (rule-based)
1231,652.82,4,2011-02,27,United Kingdom,Recent buyers
1232,714.00,2,2011-01,110,United Kingdom,Dormant (rule-based)
1233,90.39,1,2011-02,285,United Kingdom,Dormant (rule-based)
1234,1308.61,5,2010-12,9,United Kingdom,Champions
1235,409.93,1,2011-02,306,United Kingdom,Dormant (rule-based)
1236,5575.58,4,2011-01,17,United Kingdom,Recent buyers
1237,746.36,2,2011-08,32,United Kingdom,Developing
1238,15117.79,23,2010-12,1,United Kingdom,Champions
1239,225.36,1,2011-11,20,United Kingdom,Recent buyers
1240,41.75,1,2011-07,160,United Kingdom,Dormant (rule-based)
1241,92.46,1,2011-10,66,United Kingdom,Developing
1242,310.64,1,2011-08,107,United Kingdom,Dormant (rule-based)
1243,8214.65,23,2011-02,2,United Kingdom,Champions
1244,5212.36,16,2010-12,24,United Kingdom,Champions
1245,132.60,1,2011-03,267,United Kingdom,Dormant (rule-based)
1246,4678.58,19,2010-12,5,United Kingdom,Champions
1247,4907.65,11,2010-12,10,United Kingdom,Champions
1248,912.86,5,2011-03,30,United Kingdom,Champions
1249,152.55,1,2011-03,267,United Kingdom,Dormant (rule-based)
1250,374.70,2,2011-09,64,United Kingdom,Developing
1251,265.85,1,2011-01,321,United Kingdom,Dormant (rule-based)
1252,1424.00,8,2011-03,4,United Kingdom,Champions
1253,151.04,1,2011-11,33,United Kingdom,Developing
1254,942.26,3,2011-03,5,United Kingdom,Recent buyers
1255,122.47,1,2011-08,130,United Kingdom,Dormant (rule-based)
1256,499.42,5,2011-03,41,United Kingdom,Loyal active
1257,1049.37,6,2010-12,102,United Kingdom,At risk (rule-based)
1258,210.10,1,2011-08,125,United Kingdom,Dormant (rule-based)
1259,45.60,1,2011-11,33,United Kingdom,Developing
1260,934.52,2,2010-12,303,United Kingdom,Dormant (rule-based)
1261,182.25,1,2010-12,365,United Kingdom,Dormant (rule-based)
1262,1004.03,8,2010-12,5,United Kingdom,Champions
1263,4405.34,18,2010-12,3,United Kingdom,Champions
1264,192.92,1,2011-12,3,United Kingdom,Recent buyers
1265,42535.50,13,2011-01,11,United Kingdom,Champions
1266,161.00,1,2011-10,57,United Kingdom,Developing
1267,4076.91,14,2010-12,8,United Kingdom,Champions
1268,442.85,1,2011-11,13,United Kingdom,Recent buyers
1269,51813.69,17,2011-08,5,United Kingdom,Champions
1270,147.35,1,2011-11,37,United Kingdom,Developing
1271,2953.09,11,2010-12,17,United Kingdom,Champions
1272,194.90,1,2011-07,138,United Kingdom,Dormant (rule-based)
1273,844.73,4,2011-02,74,United Kingdom,Developing
1274,1195.28,5,2011-10,6,United Kingdom,Champions
1275,216.21,2,2011-06,155,United Kingdom,Dormant (rule-based)
1276,1266.23,1,2011-04,240,United Kingdom,Dormant (rule-based)
1277,2703.23,7,2010-12,52,United Kingdom,Loyal active
1278,597.91,2,2011-08,31,United Kingdom,Developing
1279,144.20,1,2011-09,73,United Kingdom,Developing
1280,4706.83,10,2011-03,37,United Kingdom,Loyal active
1281,231.30,4,2011-04,15,United Kingdom,Recent buyers
1282,2915.15,7,2011-03,23,United Kingdom,Champions
1283,948.82,4,2010-12,4,United Kingdom,Recent buyers
1284,386.53,2,2011-01,274,United Kingdom,Dormant (rule-based)
1285,1382.74,5,2011-08,20,United Kingdom,Champions
1286,90.00,1,2011-07,144,United Kingdom,Dormant (rule-based)
1287,2752.07,4,2011-10,4,United Kingdom,Recent buyers
1288,2740.43,3,2011-09,11,United Kingdom,Recent buyers
1289,400.85,3,2011-11,8,United Kingdom,Recent buyers
1290,709.71,3,2011-02,123,United Kingdom,At risk (rule-based)
1291,637.50,2,2011-03,61,United Kingdom,Developing
1292,1123.86,5,2011-03,2,United Kingdom,Champions
1293,483.86,1,2011-01,320,United Kingdom,Dormant (rule-based)
1294,3328.99,11,2011-06,3,United Kingdom,Champions
1295,605.64,3,2011-01,130,United Kingdom,At risk (rule-based)
1296,3729.35,15,2010-12,2,United Kingdom,Champions
1297,982.38,2,2011-10,2,United Kingdom,Recent buyers
1298,354.62,1,2011-10,47,United Kingdom,Developing
1299,935.05,2,2011-11,4,United Kingdom,Recent buyers
1300,915.13,4,2011-08,3,United Kingdom,Recent buyers
1301,311.81,1,2010-12,374,United Kingdom,Dormant (rule-based)
1302,115.80,1,2011-07,134,United Kingdom,Dormant (rule-based)
1303,475.20,2,2011-05,159,United Kingdom,Dormant (rule-based)
1304,4191.00,5,2010-12,9,United Kingdom,Champions
1305,483.40,2,2011-02,79,United Kingdom,Developing
1306,157.20,1,2011-04,234,United Kingdom,Dormant (rule-based)
1307,446.62,1,2011-05,221,United Kingdom,Dormant (rule-based)
1308,658.64,2,2010-12,36,United Kingdom,Developing
1309,621.29,2,2011-04,76,United Kingdom,Developing
1310,1345.62,2,2011-04,240,United Kingdom,Dormant (rule-based)
1311,118.75,1,2011-03,267,United Kingdom,Dormant (rule-based)
1312,44426.38,50,2010-12,10,EIRE,Champions
1313,432.88,2,2011-02,20,United Kingdom,Recent buyers
1314,471.18,1,2011-10,41,United Kingdom,Developing
1315,4690.64,11,2010-12,20,United Kingdom,Champions
1316,1110.52,3,2010-12,216,United Kingdom,At risk (rule-based)
1317,289.36,2,2011-02,174,United Kingdom,Dormant (rule-based)
1318,1948.91,4,2011-04,88,United Kingdom,Developing
1319,1094.77,1,2011-09,81,United Kingdom,Developing
1320,122.54,1,2011-03,276,United Kingdom,Dormant (rule-based)
1321,574.84,4,2011-01,40,United Kingdom,Developing
1322,363.79,1,2011-09,99,United Kingdom,Dormant (rule-based)
1323,450.84,4,2011-05,11,United Kingdom,Recent buyers
1324,134.46,1,2011-11,34,United Kingdom,Developing
1325,3222.30,3,2011-01,60,United Kingdom,Developing
1326,576.90,4,2010-12,298,United Kingdom,At risk (rule-based)
1327,559.41,4,2011-06,87,United Kingdom,Developing
1328,1587.57,7,2011-06,9,United Kingdom,Champions
1329,719.78,2,2011-10,41,United Kingdom,Developing
1330,4748.52,25,2010-12,11,United Kingdom,Champions
1331,452.89,1,2011-10,67,United Kingdom,Developing
1332,197.65,1,2011-01,332,United Kingdom,Dormant (rule-based)
1333,2054.36,6,2011-02,31,United Kingdom,Loyal active
1334,4481.28,15,2010-12,3,United Kingdom,Champions
1335,4608.44,13,2011-05,2,United Kingdom,Champions
1336,853.39,2,2011-03,68,United Kingdom,Developing
1337,11224.96,21,2011-02,5,United Kingdom,Champions
1338,375.20,2,2011-04,202,United Kingdom,Dormant (rule-based)
1339,172.32,1,2011-08,107,United Kingdom,Dormant (rule-based)
1340,701.40,4,2011-04,19,United Kingdom,Recent buyers
1341,185.40,1,2011-05,219,United Kingdom,Dormant (rule-based)
1342,710.96,7,2010-12,61,United Kingdom,Loyal active
1343,161.03,1,2011-12,3,United Kingdom,Recent buyers
1344,466.70,2,2011-03,17,United Kingdom,Recent buyers
1345,328.16,1,2011-04,240,United Kingdom,Dormant (rule-based)
1346,151.74,1,2011-09,95,United Kingdom,Dormant (rule-based)
1347,2073.43,6,2011-01,11,United Kingdom,Champions
1348,1905.84,6,2010-12,106,United Kingdom,At risk (rule-based)
1349,2178.70,9,2011-02,54,United Kingdom,Loyal active
1350,237.60,1,2011-09,90,United Kingdom,Developing
1351,1004.38,5,2011-03,31,United Kingdom,Loyal active
1352,1771.48,6,2010-12,12,United Kingdom,Champions
1353,1839.30,4,2011-11,4,United Kingdom,Recent buyers
1354,1902.98,17,2010-12,2,United Kingdom,Champions
1355,169.48,1,2011-10,43,United Kingdom,Developing
1356,89.94,1,2011-12,5,United Kingdom,Recent buyers
1357,510.72,2,2010-12,248,United Kingdom,Dormant (rule-based)
1358,3432.80,9,2011-01,43,United Kingdom,Loyal active
1359,683.17,1,2011-06,178,United Kingdom,Dormant (rule-based)
1360,991.13,3,2011-03,93,United Kingdom,At risk (rule-based)
1361,1050.12,4,2011-01,111,United Kingdom,At risk (rule-based)
1362,1906.59,5,2011-03,29,United Kingdom,Champions
1363,3350.96,10,2011-02,27,United Kingdom,Champions
1364,1547.20,3,2011-01,52,United Kingdom,Developing
1365,925.71,3,2011-02,184,United Kingdom,At risk (rule-based)
1366,1940.79,5,2011-03,43,United Kingdom,Loyal active
1367,1230.72,4,2011-01,50,United Kingdom,Developing
1368,771.46,4,2011-10,23,United Kingdom,Recent buyers
1369,2488.62,5,2011-03,76,United Kingdom,Loyal active
1370,490.86,2,2010-12,81,United Kingdom,Developing
1371,161.00,1,2010-12,374,United Kingdom,Dormant (rule-based)
1372,146.85,1,2011-01,327,United Kingdom,Dormant (rule-based)
1373,2380.85,11,2011-01,44,United Kingdom,Loyal active
1374,890.34,2,2011-04,31,United Kingdom,Developing
1375,213.70,1,2011-06,184,United Kingdom,Dormant (rule-based)
1376,280.55,2,2011-01,235,United Kingdom,Dormant (rule-based)
1377,2588.77,10,2010-12,9,United Kingdom,Champions
1378,1693.45,2,2011-03,220,United Kingdom,Dormant (rule-based)
1379,1443.82,3,2011-04,111,United Kingdom,At risk (rule-based)
1380,136.77,1,2011-03,279,United Kingdom,Dormant (rule-based)
1381,302.58,1,2011-01,319,United Kingdom,Dormant (rule-based)
1382,1904.05,3,2011-09,8,United Kingdom,Recent buyers
1383,2408.82,5,2011-10,2,United Kingdom,Champions
1384,969.06,2,2010-12,261,United Kingdom,Dormant (rule-based)
1385,2760.12,5,2011-01,65,United Kingdom,Loyal active
1386,6539.14,9,2011-01,10,United Kingdom,Champions
1387,120.00,1,2011-07,142,United Kingdom,Dormant (rule-based)
1388,1163.45,2,2011-09,51,United Kingdom,Developing
1389,2618.23,8,2011-04,9,United Kingdom,Champions
1390,333.97,2,2011-04,155,United Kingdom,Dormant (rule-based)
1391,530.18,2,2011-07,110,Unspecified,Dormant (rule-based)
1392,1516.24,3,2011-03,163,United Kingdom,At risk (rule-based)
1393,492.65,1,2011-01,332,United Kingdom,Dormant (rule-based)
1394,112.32,1,2011-04,226,United Kingdom,Dormant (rule-based)
1395,427.96,2,2011-03,74,United Kingdom,Developing
1396,559.97,4,2011-04,52,United Kingdom,Developing
1397,1119.74,3,2011-02,99,United Kingdom,At risk (rule-based)
1398,3921.00,3,2011-05,16,France,Recent buyers
1399,134.04,1,2011-05,197,United Kingdom,Dormant (rule-based)
1400,3359.66,15,2010-12,4,United Kingdom,Champions
1401,595.25,2,2011-09,31,United Kingdom,Developing
1402,1730.73,4,2011-06,22,United Kingdom,Recent buyers
1403,4592.75,3,2011-04,24,United Kingdom,Recent buyers
1404,159.35,2,2011-05,9,United Kingdom,Recent buyers
1405,426.60,1,2011-05,214,United Kingdom,Dormant (rule-based)
1406,911.26,6,2011-02,9,United Kingdom,Champions
1407,2314.65,5,2010-12,12,United Kingdom,Champions
1408,3883.25,11,2011-03,2,United Kingdom,Champions
1409,3526.93,9,2011-03,8,United Kingdom,Champions
1410,1046.56,4,2010-12,4,United Kingdom,Recent buyers
1411,166.20,1,2011-10,41,United Kingdom,Developing
1412,1305.33,4,2011-03,18,United Kingdom,Recent buyers
1413,40197.15,40,2010-12,9,United Kingdom,Champions
1414,3861.94,9,2010-12,9,United Kingdom,Champions
1415,43.20,1,2011-11,19,United Kingdom,Recent buyers
1416,422.70,1,2011-08,118,United Kingdom,Dormant (rule-based)
1417,383.45,1,2011-05,223,United Kingdom,Dormant (rule-based)
1418,1858.96,3,2011-07,72,United Kingdom,Developing
1419,1581.80,2,2011-09,52,United Kingdom,Developing
1420,2967.88,6,2010-12,89,United Kingdom,Loyal active
1421,2081.69,9,2010-12,9,United Kingdom,Champions
1422,310.26,1,2011-04,243,United Kingdom,Dormant (rule-based)
1423,1593.35,6,2011-01,47,United Kingdom,Loyal active
1424,102.60,1,2011-08,107,United Kingdom,Dormant (rule-based)
1425,2481.13,6,2011-03,45,United Kingdom,Loyal active
1426,508.58,1,2011-10,65,United Kingdom,Developing
1427,477.79,2,2011-01,207,United Kingdom,Dormant (rule-based)
1428,1480.67,5,2011-01,11,United Kingdom,Champions
1429,605.06,2,2011-04,115,United Kingdom,Dormant (rule-based)
1430,183.85,1,2011-04,243,United Kingdom,Dormant (rule-based)
1431,311.65,1,2011-06,164,United Kingdom,Dormant (rule-based)
1432,4898.68,7,2011-01,18,United Kingdom,Champions
1433,462.66,2,2011-07,125,United Kingdom,Dormant (rule-based)
1434,866.31,3,2011-07,23,United Kingdom,Recent buyers
1435,415.20,1,2011-10,68,United Kingdom,Developing
1436,2552.21,8,2010-12,17,United Kingdom,Champions
1437,468.26,2,2011-09,17,Germany,Recent buyers
1438,1566.91,4,2011-03,17,United Kingdom,Recent buyers
1439,588.22,2,2011-05,162,United Kingdom,Dormant (rule-based)
1440,309.52,1,2011-04,243,United Kingdom,Dormant (rule-based)
1441,134.70,1,2011-05,219,United Kingdom,Dormant (rule-based)
1442,2182.28,8,2011-01,46,United Kingdom,Loyal active
1443,560.40,4,2011-05,22,United Kingdom,Recent buyers
1444,828.73,8,2010-12,128,United Kingdom,At risk (rule-based)
1445,108.98,1,2011-11,39,United Kingdom,Developing
1446,1021.58,2,2011-02,121,United Kingdom,Dormant (rule-based)
1447,409.57,1,2011-03,261,United Kingdom,Dormant (rule-based)
1448,133.50,1,2011-11,11,United Kingdom,Recent buyers
1449,282.93,1,2011-03,275,United Kingdom,Dormant (rule-based)
1450,51.00,1,2011-06,165,United Kingdom,Dormant (rule-based)
1451,1078.96,4,2011-03,158,United Kingdom,At risk (rule-based)
1452,90.60,1,2011-05,216,United Kingdom,Dormant (rule-based)
1453,126.18,2,2011-11,6,United Kingdom,Recent buyers
1454,174.40,1,2010-12,366,United Kingdom,Dormant (rule-based)
1455,701.23,2,2011-09,80,United Kingdom,Developing
1456,225.77,1,2011-10,44,United Kingdom,Developing
1457,912.18,3,2011-09,20,United Kingdom,Recent buyers
1458,2128.23,4,2011-09,32,United Kingdom,Developing
1459,161.20,1,2011-11,23,United Kingdom,Recent buyers
1460,1767.15,8,2011-05,109,United Kingdom,At risk (rule-based)
1461,8878.52,16,2011-03,9,United Kingdom,Champions
1462,155.00,1,2011-01,320,United Kingdom,Dormant (rule-based)
1463,100.50,1,2011-02,296,United Kingdom,Dormant (rule-based)
1464,76.55,1,2010-12,359,United Kingdom,Dormant (rule-based)
1465,257.68,1,2011-06,186,United Kingdom,Dormant (rule-based)
1466,542.05,2,2011-03,192,United Kingdom,Dormant (rule-based)
1467,348.10,2,2011-02,45,United Kingdom,Developing
1468,202.68,1,2011-10,53,United Kingdom,Developing
1469,506.31,1,2011-11,27,United Kingdom,Recent buyers
1470,1108.49,3,2011-06,39,United Kingdom,Developing
1471,202.11,3,2011-11,10,United Kingdom,Recent buyers
1472,142.40,1,2011-02,297,United Kingdom,Dormant (rule-based)
1473,1770.56,3,2011-08,33,United Kingdom,Developing
1474,3212.84,8,2010-12,11,United Kingdom,Champions
1475,899.46,2,2011-06,66,United Kingdom,Developing
1476,4577.82,9,2010-12,11,United Kingdom,Champions
1477,67.95,1,2011-05,219,United Kingdom,Dormant (rule-based)
1478,3507.71,9,2010-12,3,United Kingdom,Champions
1479,487.99,2,2010-12,66,United Kingdom,Developing
1480,2434.28,19,2011-05,3,United Kingdom,Champions
1481,474.86,1,2011-07,150,United Kingdom,Dormant (rule-based)
1482,3834.16,13,2010-12,5,United Kingdom,Champions
1483,1185.65,4,2011-04,131,United Kingdom,At risk (rule-based)
1484,1465.68,6,2010-12,34,United Kingdom,Loyal active
1485,156.75,1,2011-08,120,United Kingdom,Dormant (rule-based)
1486,2045.77,5,2011-03,108,United Kingdom,At risk (rule-based)
1487,2473.33,7,2011-03,11,United Kingdom,Champions
1488,1026.49,4,2011-01,72,United Kingdom,Developing
1489,1104.07,9,2011-02,93,United Kingdom,At risk (rule-based)
1490,1063.00,1,2011-02,311,United Kingdom,Dormant (rule-based)
1491,684.43,2,2011-09,43,United Kingdom,Developing
1492,122.70,1,2010-12,363,United Kingdom,Dormant (rule-based)
1493,1353.06,7,2010-12,92,United Kingdom,At risk (rule-based)
1494,5900.28,13,2010-12,2,United Kingdom,Champions
1495,275.42,2,2011-10,23,United Kingdom,Recent buyers
1496,1937.25,3,2011-08,4,United Kingdom,Recent buyers
1497,1058.06,6,2010-12,11,United Kingdom,Champions
1498,387.52,1,2011-09,100,United Kingdom,Dormant (rule-based)
1499,813.11,2,2011-05,58,United Kingdom,Developing
1500,4180.84,6,2011-03,1,United Kingdom,Champions
1501,102.00,1,2011-05,219,United Kingdom,Dormant (rule-based)
1502,322.08,1,2011-11,18,United Kingdom,Recent buyers
1503,3813.27,10,2011-01,24,United Kingdom,Champions
1504,363.34,2,2011-10,51,United Kingdom,Developing
1505,1168.51,5,2011-01,8,United Kingdom,Champions
1506,470.36,1,2011-02,303,United Kingdom,Dormant (rule-based)
1507,2150.75,6,2011-09,10,United Kingdom,Champions
1508,1372.80,6,2011-09,22,United Kingdom,Champions
1509,89.06,1,2011-09,99,United Kingdom,Dormant (rule-based)
1510,63.00,1,2010-12,366,United Kingdom,Dormant (rule-based)
1511,131.90,1,2011-02,307,United Kingdom,Dormant (rule-based)
1512,2661.24,1,2011-01,320,Greece,Dormant (rule-based)
1513,2357.68,5,2010-12,9,United Kingdom,Champions
1514,1712.89,4,2011-03,1,United Kingdom,Recent buyers
1515,1589.82,2,2011-01,205,Channel Islands,Dormant (rule-based)
1516,1420.20,4,2010-12,54,United Kingdom,Developing
1517,1033.34,4,2011-04,1,United Kingdom,Recent buyers
1518,1163.23,5,2011-03,19,United Kingdom,Champions
1519,375.35,2,2010-12,10,United Kingdom,Recent buyers
1520,907.10,4,2010-12,19,United Kingdom,Recent buyers
1521,483.25,3,2011-01,181,United Kingdom,At risk (rule-based)
1522,662.59,2,2011-05,61,United Kingdom,Developing
1523,264.44,2,2011-09,11,United Kingdom,Recent buyers
1524,119.93,1,2011-06,191,United Kingdom,Dormant (rule-based)
1525,3055.44,9,2011-07,6,United Kingdom,Champions
1526,113.64,1,2011-02,311,United Kingdom,Dormant (rule-based)
1527,1736.16,1,2011-07,156,United Kingdom,Dormant (rule-based)
1528,265.74,3,2011-02,111,United Kingdom,At risk (rule-based)
1529,2102.67,3,2011-03,149,United Kingdom,At risk (rule-based)
1530,1999.02,11,2011-01,67,United Kingdom,Loyal active
1531,453.30,3,2011-05,99,United Kingdom,At risk (rule-based)
1532,1058.62,3,2011-02,247,United Kingdom,At risk (rule-based)
1533,2173.40,7,2010-12,30,United Kingdom,Champions
1534,598.76,4,2011-01,18,United Kingdom,Recent buyers
1535,461.19,2,2011-02,12,United Kingdom,Recent buyers
1536,1936.84,8,2010-12,104,United Kingdom,At risk (rule-based)
1537,234.34,2,2011-03,75,United Kingdom,Developing
1538,547.66,1,2011-10,47,United Kingdom,Developing
1539,925.85,3,2011-02,72,United Kingdom,Developing
1540,215.70,1,2011-03,258,United Kingdom,Dormant (rule-based)
1541,249.60,2,2011-10,20,United Kingdom,Recent buyers
1542,316.25,2,2010-12,254,United Kingdom,Dormant (rule-based)
1543,279.05,1,2011-11,12,United Kingdom,Recent buyers
1544,636.51,2,2011-02,165,United Kingdom,Dormant (rule-based)
1545,1243.15,6,2011-04,19,United Kingdom,Champions
1546,137.10,1,2011-03,282,United Kingdom,Dormant (rule-based)
1547,321.92,1,2011-10,51,United Kingdom,Developing
1548,165.75,1,2011-11,39,United Kingdom,Developing
1549,1196.33,6,2010-12,27,United Kingdom,Champions
1550,781.08,1,2011-10,68,United Kingdom,Developing
1551,463.38,1,2011-05,208,United Kingdom,Dormant (rule-based)
1552,340.93,2,2010-12,176,United Kingdom,Dormant (rule-based)
1553,2383.24,5,2011-07,8,United Kingdom,Champions
1554,139.56,1,2011-11,26,United Kingdom,Recent buyers
1555,123.80,2,2011-08,51,United Kingdom,Developing
1556,538.81,2,2010-12,312,United Kingdom,Dormant (rule-based)
1557,475.37,1,2011-02,310,United Kingdom,Dormant (rule-based)
1558,1881.00,5,2010-12,43,United Kingdom,Loyal active
1559,815.32,3,2011-03,27,United Kingdom,Recent buyers
1560,281.85,3,2011-06,89,United Kingdom,Developing
1561,251.21,2,2011-01,184,United Kingdom,Dormant (rule-based)
1562,2467.63,11,2011-01,20,United Kingdom,Champions
1563,3441.26,6,2011-06,4,United Kingdom,Champions
1564,673.26,4,2011-03,48,United Kingdom,Developing
1565,5875.40,8,2010-12,18,United Kingdom,Champions
1566,2012.17,5,2010-12,18,United Kingdom,Champions
1567,1383.18,6,2011-03,24,United Kingdom,Champions
1568,276.42,2,2011-09,23,United Kingdom,Recent buyers
1569,1314.81,5,2011-07,12,United Kingdom,Champions
1570,275.28,2,2011-04,188,United Kingdom,Dormant (rule-based)
1571,265.35,2,2011-02,207,United Kingdom,Dormant (rule-based)
1572,1055.35,3,2011-01,62,United Kingdom,Developing
1573,2039.69,6,2011-05,18,United Kingdom,Champions
1574,330.45,2,2011-07,34,United Kingdom,Developing
1575,137.89,1,2011-10,65,United Kingdom,Developing
1576,105.60,1,2011-12,2,United Kingdom,Recent buyers
1577,755.18,3,2011-05,72,United Kingdom,Developing
1578,173.41,1,2011-08,109,United Kingdom,Dormant (rule-based)
1579,1867.68,9,2010-12,32,United Kingdom,Loyal active
1580,3410.78,9,2010-12,20,United Kingdom,Champions
1581,8507.82,55,2010-12,3,United Kingdom,Champions
1582,364.22,1,2011-11,38,United Kingdom,Developing
1583,620.04,3,2011-08,61,United Kingdom,Developing
1584,2818.81,6,2011-02,26,United Kingdom,Champions
1585,932.85,4,2010-12,237,United Kingdom,At risk (rule-based)
1586,1195.48,7,2010-12,25,United Kingdom,Champions
1587,4441.40,18,2011-01,3,United Kingdom,Champions
1588,2860.19,3,2011-04,61,United Kingdom,Developing
1589,171.80,1,2011-03,260,United Kingdom,Dormant (rule-based)
1590,355.56,1,2011-10,58,United Kingdom,Developing
1591,388.25,2,2011-03,65,United Kingdom,Developing
1592,537.48,2,2011-10,16,United Kingdom,Recent buyers
1593,996.26,3,2011-02,10,United Kingdom,Recent buyers
1594,1461.65,8,2011-01,59,United Kingdom,Loyal active
1595,103.25,1,2011-06,186,United Kingdom,Dormant (rule-based)
1596,3318.68,16,2010-12,29,United Kingdom,Champions
1597,1920.77,2,2010-12,25,United Kingdom,Recent buyers
1598,2578.09,5,2011-04,6,United Kingdom,Champions
1599,3961.54,8,2011-10,4,United Kingdom,Champions
1600,163.20,2,2011-01,151,United Kingdom,Dormant (rule-based)
1601,289.24,1,2011-02,312,United Kingdom,Dormant (rule-based)
1602,765.62,2,2011-10,11,United Kingdom,Recent buyers
1603,186.23,2,2011-05,19,United Kingdom,Recent buyers
1604,165.07,1,2011-07,152,United Kingdom,Dormant (rule-based)
1605,859.27,5,2011-01,20,United Kingdom,Champions
1606,2309.04,4,2011-10,11,United Kingdom,Recent buyers
1607,324.14,2,2011-02,58,United Kingdom,Developing
1608,788.38,1,2011-09,86,United Kingdom,Developing
1609,2086.57,20,2010-12,8,United Kingdom,Champions
1610,1059.88,3,2011-06,76,United Kingdom,Developing
1611,5074.77,18,2011-02,4,United Kingdom,Champions
1612,2949.12,4,2010-12,96,United Kingdom,At risk (rule-based)
1613,1530.36,2,2011-08,57,United Kingdom,Developing
1614,227.39,1,2011-12,2,United Kingdom,Recent buyers
1615,217.21,2,2011-03,281,United Kingdom,Dormant (rule-based)
1616,2768.36,7,2011-01,4,United Kingdom,Champions
1617,1653.42,9,2010-12,180,United Kingdom,At risk (rule-based)
1618,35.40,1,2010-12,373,United Kingdom,Dormant (rule-based)
1619,859.71,4,2010-12,13,United Kingdom,Recent buyers
1620,140.55,1,2011-12,4,United Kingdom,Recent buyers
1621,110.76,1,2011-11,17,United Kingdom,Recent buyers
1622,114.11,1,2011-10,41,United Kingdom,Developing
1623,1051.95,5,2011-05,6,United Kingdom,Champions
1624,1042.26,4,2011-05,170,United Kingdom,At risk (rule-based)
1625,157.05,1,2011-10,51,United Kingdom,Developing
1626,237.36,1,2011-03,277,United Kingdom,Dormant (rule-based)
1627,1601.14,9,2011-01,19,United Kingdom,Champions
1628,39.75,1,2010-12,372,United Kingdom,Dormant (rule-based)
1629,1410.78,4,2011-05,16,United Kingdom,Recent buyers
1630,570.46,3,2011-10,36,United Kingdom,Developing
1631,617.99,3,2011-05,22,United Kingdom,Recent buyers
1632,379.83,2,2010-12,8,United Kingdom,Recent buyers
1633,1740.60,6,2011-01,20,United Kingdom,Champions
1634,799.05,2,2011-06,12,United Kingdom,Recent buyers
1635,221.97,1,2011-10,45,United Kingdom,Developing
1636,393.33,1,2011-02,306,United Kingdom,Dormant (rule-based)
1637,123.96,1,2011-11,11,United Kingdom,Recent buyers
1638,11562.61,91,2010-12,2,United Kingdom,Champions
1639,1817.78,6,2011-10,18,United Kingdom,Champions
1640,1785.15,4,2010-12,5,United Kingdom,Recent buyers
1641,406.08,3,2011-01,243,United Kingdom,At risk (rule-based)
1642,553.44,3,2011-01,10,United Kingdom,Recent buyers
1643,394.44,1,2011-04,246,United Kingdom,Dormant (rule-based)
1644,412.78,2,2011-03,206,United Kingdom,Dormant (rule-based)
1645,1788.36,5,2010-12,2,United Kingdom,Champions
1646,320.58,1,2011-06,185,United Kingdom,Dormant (rule-based)
1647,884.57,5,2011-04,33,United Kingdom,Loyal active
1648,225.85,2,2011-10,58,United Kingdom,Developing
1649,899.63,2,2010-12,197,United Kingdom,Dormant (rule-based)
1650,2701.27,4,2011-04,24,United Kingdom,Recent buyers
1651,671.96,2,2011-04,92,United Kingdom,Dormant (rule-based)
1652,959.01,2,2011-10,5,United Kingdom,Recent buyers
1653,784.98,3,2011-02,51,United Kingdom,Developing
1654,114.56,1,2011-03,263,United Kingdom,Dormant (rule-based)
1655,344.90,1,2011-03,267,United Kingdom,Dormant (rule-based)
1656,609.85,2,2011-03,37,United Kingdom,Developing
1657,443.60,1,2011-10,51,United Kingdom,Developing
1658,2984.49,6,2010-12,53,United Kingdom,Loyal active
1659,2125.08,6,2011-04,25,United Kingdom,Champions
1660,110.46,1,2011-11,22,United Kingdom,Recent buyers
1661,19.80,1,2011-10,59,United Kingdom,Developing
1662,693.81,2,2010-12,171,United Kingdom,Dormant (rule-based)
1663,830.76,2,2011-02,68,United Kingdom,Developing
1664,597.09,2,2011-03,157,United Kingdom,Dormant (rule-based)
1665,58140.48,57,2010-12,3,Netherlands,Champions
1666,243.22,1,2011-05,202,United Kingdom,Dormant (rule-based)
1667,1355.82,4,2011-05,5,United Kingdom,Recent buyers
1668,654.60,2,2011-05,68,United Kingdom,Developing
1669,114.18,1,2011-09,78,United Kingdom,Developing
1670,1937.60,7,2011-01,2,United Kingdom,Champions
1671,1688.23,4,2011-05,9,United Kingdom,Recent buyers
1672,291.05,2,2011-03,170,United Kingdom,Dormant (rule-based)
1673,848.22,4,2011-01,18,United Kingdom,Recent buyers
1674,247.15,2,2011-08,6,United Kingdom,Recent buyers
1675,2529.93,9,2011-01,9,United Kingdom,Champions
1676,285.74,2,2011-08,87,United Kingdom,Developing
1677,107.95,1,2011-11,27,United Kingdom,Recent buyers
1678,771.17,4,2011-01,29,United Kingdom,Recent buyers
1679,637.89,2,2011-11,20,United Kingdom,Recent buyers
1680,1835.70,5,2011-02,61,United Kingdom,Loyal active
1681,179.95,1,2011-11,25,United Kingdom,Recent buyers
1682,9074.90,25,2010-12,11,United Kingdom,Champions
1683,1269.99,3,2011-01,242,United Kingdom,At risk (rule-based)
1684,411.53,2,2011-03,281,United Kingdom,Dormant (rule-based)
1685,765.55,2,2011-01,235,United Kingdom,Dormant (rule-based)
1686,1736.40,5,2010-12,4,United Kingdom,Champions
1687,604.75,1,2011-11,17,United Kingdom,Recent buyers
1688,1549.00,6,2011-03,32,United Kingdom,Loyal active
1689,8221.33,15,2010-12,26,United Kingdom,Champions
1690,498.95,3,2011-05,72,United Kingdom,Developing
1691,52.00,2,2011-05,188,United Kingdom,Dormant (rule-based)
1692,1235.96,5,2010-12,26,United Kingdom,Champions
1693,447.42,1,2011-08,107,United Kingdom,Dormant (rule-based)
1694,5543.99,21,2010-12,8,United Kingdom,Champions
1695,112.80,1,2011-05,209,United Kingdom,Dormant (rule-based)
1696,371.70,2,2011-07,45,United Kingdom,Developing
1697,2114.33,5,2011-05,31,United Kingdom,Loyal active
1698,591.55,4,2011-01,138,United Kingdom,At risk (rule-based)
1699,172.90,1,2011-03,265,United Kingdom,Dormant (rule-based)
1700,2078.95,7,2010-12,5,United Kingdom,Champions
1701,188.61,2,2011-05,219,United Kingdom,Dormant (rule-based)
1702,1250.76,5,2011-10,2,United Kingdom,Champions
1703,109.13,1,2011-05,215,United Kingdom,Dormant (rule-based)
1704,2209.38,3,2011-04,33,United Kingdom,Developing
1705,2549.37,9,2011-01,11,United Kingdom,Champions
1706,3292.14,17,2010-12,2,United Kingdom,Champions
1707,318.17,1,2011-11,15,United Kingdom,Recent buyers
1708,1544.57,9,2011-06,12,United Kingdom,Champions
1709,988.13,3,2010-12,3,United Kingdom,Recent buyers
1710,4921.04,13,2010-12,16,United Kingdom,Champions
1711,606.13,4,2011-10,15,United Kingdom,Recent buyers
1712,2796.80,11,2011-03,11,United Kingdom,Champions
1713,917.07,3,2011-08,30,United Kingdom,Recent buyers
1714,2666.36,11,2010-12,10,United Kingdom,Champions
1715,79.55,1,2011-11,25,United Kingdom,Recent buyers
1716,863.38,4,2011-01,25,United Kingdom,Recent buyers
1717,279.28,2,2011-07,44,United Kingdom,Developing
1718,1602.13,5,2011-04,2,United Kingdom,Champions
1719,663.81,3,2011-08,6,United Kingdom,Recent buyers
1720,187.92,1,2011-07,148,United Kingdom,Dormant (rule-based)
1721,1156.60,6,2010-12,11,United Kingdom,Champions
1722,628.32,1,2011-11,25,United Kingdom,Recent buyers
1723,268.58,1,2011-03,275,United Kingdom,Dormant (rule-based)
1724,313.49,1,2010-12,374,United Kingdom,Dormant (rule-based)
1725,2004.76,8,2011-03,2,United Kingdom,Champions
1726,380.02,3,2011-05,48,United Kingdom,Developing
1727,2582.49,8,2011-01,9,United Kingdom,Champions
1728,8936.39,12,2010-12,17,United Kingdom,Champions
1729,6004.21,31,2010-12,4,United Kingdom,Champions
1730,1164.55,3,2010-12,4,United Kingdom,Recent buyers
1731,1314.45,7,2011-01,43,United Kingdom,Loyal active
1732,2388.36,7,2010-12,5,United Kingdom,Champions
1733,1448.21,3,2011-03,198,United Kingdom,At risk (rule-based)
1734,1306.74,6,2010-12,12,United Kingdom,Champions
1735,664.98,7,2010-12,17,United Kingdom,Champions
1736,1192.42,5,2011-02,113,United Kingdom,At risk (rule-based)
1737,328.20,1,2011-04,250,United Kingdom,Dormant (rule-based)
1738,1411.75,5,2010-12,30,United Kingdom,Champions
1739,129.00,1,2011-10,44,United Kingdom,Developing
1740,563.15,1,2011-09,88,United Kingdom,Developing
1741,638.05,2,2011-02,45,United Kingdom,Developing
1742,5010.28,11,2011-01,10,United Kingdom,Champions
1743,738.96,1,2011-11,16,United Kingdom,Recent buyers
1744,420.50,1,2011-09,76,United Kingdom,Developing
1745,1484.06,4,2011-03,145,United Kingdom,At risk (rule-based)
1746,1625.97,3,2011-04,5,United Kingdom,Recent buyers
1747,89.20,1,2011-02,298,United Kingdom,Dormant (rule-based)
1748,255.90,2,2011-01,59,United Kingdom,Developing
1749,300.52,1,2011-03,264,United Kingdom,Dormant (rule-based)
1750,278.30,1,2011-10,47,United Kingdom,Developing
1751,254.11,3,2011-06,30,United Kingdom,Recent buyers
1752,2473.37,6,2010-12,9,United Kingdom,Champions
1753,192.60,2,2011-08,18,United Kingdom,Recent buyers
1754,10492.35,8,2010-12,3,United Kingdom,Champions
1755,876.42,2,2011-01,233,United Kingdom,Dormant (rule-based)
1756,139.26,1,2011-08,113,United Kingdom,Dormant (rule-based)
1757,934.86,3,2010-12,59,United Kingdom,Developing
1758,2427.42,11,2011-01,52,United Kingdom,Loyal active
1759,730.86,2,2011-02,128,United Kingdom,Dormant (rule-based)
1760,386.15,3,2011-01,281,United Kingdom,At risk (rule-based)
1761,447.68,2,2011-09,55,United Kingdom,Developing
1762,110.10,1,2011-01,320,United Kingdom,Dormant (rule-based)
1763,289.99,2,2011-01,27,United Kingdom,Recent buyers
1764,77.40,2,2011-11,11,United Kingdom,Recent buyers
1765,679.44,2,2011-11,8,United Kingdom,Recent buyers
1766,197.64,1,2011-11,29,United Kingdom,Recent buyers
1767,745.06,4,2011-03,17,United Kingdom,Recent buyers
1768,6.20,1,2011-10,64,United Kingdom,Developing
1769,228.99,1,2011-11,22,United Kingdom,Recent buyers
1770,1319.91,7,2011-01,3,United Kingdom,Champions
1771,131.45,1,2011-06,167,United Kingdom,Dormant (rule-based)
1772,8020.93,17,2010-12,2,United Kingdom,Champions
1773,173.74,3,2011-02,53,United Kingdom,Developing
1774,142.58,1,2011-10,52,United Kingdom,Developing
1775,4240.98,12,2010-12,48,United Kingdom,Loyal active
1776,193.14,1,2011-10,62,United Kingdom,Developing
1777,845.55,3,2011-02,163,United Kingdom,At risk (rule-based)
1778,353.27,1,2011-12,9,United Kingdom,Recent buyers
1779,554.65,4,2011-01,16,United Kingdom,Recent buyers
1780,193.39,1,2011-09,76,United Kingdom,Developing
1781,2575.69,8,2011-06,40,United Kingdom,Loyal active
1782,2087.88,11,2010-12,41,United Kingdom,Loyal active
1783,155.43,2,2010-12,370,United Kingdom,Dormant (rule-based)
1784,751.14,2,2011-10,37,United Kingdom,Developing
1785,271.85,1,2011-05,198,United Kingdom,Dormant (rule-based)
1786,1010.34,2,2011-03,201,United Kingdom,Dormant (rule-based)
1787,507.80,3,2011-03,74,United Kingdom,Developing
1788,272.07,2,2011-05,65,United Kingdom,Developing
1789,507.29,4,2011-06,22,United Kingdom,Recent buyers
1790,48.80,1,2010-12,367,United Kingdom,Dormant (rule-based)
1791,321.43,3,2011-05,181,United Kingdom,At risk (rule-based)
1792,961.31,4,2011-09,11,United Kingdom,Recent buyers
1793,2226.91,12,2010-12,4,United Kingdom,Champions
1794,1050.88,3,2011-01,197,United Kingdom,At risk (rule-based)
1795,697.55,4,2010-12,30,United Kingdom,Recent buyers
1796,196.28,1,2011-10,54,United Kingdom,Developing
1797,1591.42,6,2011-04,18,United Kingdom,Champions
1798,102.45,3,2011-11,11,United Kingdom,Recent buyers
1799,1640.86,4,2011-05,90,United Kingdom,Developing
1800,62.85,1,2011-03,268,United Kingdom,Dormant (rule-based)
1801,3235.28,6,2010-12,54,United Kingdom,Loyal active
1802,2824.69,4,2011-02,44,United Kingdom,Developing
1803,2294.81,4,2011-04,64,United Kingdom,Developing
1804,309.40,1,2011-07,149,United Kingdom,Dormant (rule-based)
1805,7851.34,25,2010-12,22,United Kingdom,Champions
1806,325.75,1,2011-02,312,United Kingdom,Dormant (rule-based)
1807,511.35,2,2011-03,24,United Kingdom,Recent buyers
1808,2836.69,6,2011-04,59,United Kingdom,Loyal active
1809,475.80,2,2011-05,25,United Kingdom,Recent buyers
1810,2738.95,7,2011-03,79,United Kingdom,Loyal active
1811,645.65,2,2011-07,120,United Kingdom,Dormant (rule-based)
1812,1311.38,3,2011-10,37,United Kingdom,Developing
1813,1173.12,2,2011-07,60,United Kingdom,Developing
1814,1353.74,4,2011-05,13,United Kingdom,Recent buyers
1815,149.44,1,2011-11,20,United Kingdom,Recent buyers
1816,125.79,1,2011-10,53,United Kingdom,Developing
1817,837.20,2,2011-07,26,United Kingdom,Recent buyers
1818,266.76,1,2011-11,30,United Kingdom,Recent buyers
1819,52.20,2,2010-12,8,United Kingdom,Recent buyers
1820,3843.96,8,2011-07,11,United Kingdom,Champions
1821,710.28,3,2011-01,186,United Kingdom,At risk (rule-based)
1822,2953.59,8,2011-04,4,United Kingdom,Champions
1823,725.70,2,2011-08,9,United Kingdom,Recent buyers
1824,327.25,1,2011-03,262,United Kingdom,Dormant (rule-based)
1825,522.38,4,2010-12,4,United Kingdom,Recent buyers
1826,519.68,1,2011-05,211,United Kingdom,Dormant (rule-based)
1827,1345.32,2,2011-03,108,United Kingdom,Dormant (rule-based)
1828,1485.54,9,2010-12,13,United Kingdom,Champions
1829,706.19,3,2011-02,78,United Kingdom,Developing
1830,228.04,1,2011-11,20,United Kingdom,Recent buyers
1831,589.70,2,2011-11,27,United Kingdom,Recent buyers
1832,761.59,6,2011-05,19,United Kingdom,Champions
1833,664.52,1,2011-07,132,United Kingdom,Dormant (rule-based)
1834,364.80,1,2011-04,253,United Kingdom,Dormant (rule-based)
1835,369.20,1,2011-05,208,United Kingdom,Dormant (rule-based)
1836,135.90,1,2011-01,337,United Kingdom,Dormant (rule-based)
1837,125.65,1,2011-03,254,United Kingdom,Dormant (rule-based)
1838,554.38,2,2011-06,149,United Kingdom,Dormant (rule-based)
1839,1222.73,2,2011-11,10,United Kingdom,Recent buyers
1840,655.75,1,2011-09,86,United Kingdom,Developing
1841,10915.51,20,2011-02,8,United Kingdom,Champions
1842,468.77,2,2010-12,205,United Kingdom,Dormant (rule-based)
1843,1366.38,4,2011-02,8,United Kingdom,Recent buyers
1844,1122.08,6,2010-12,24,United Kingdom,Champions
1845,1421.29,9,2010-12,12,United Kingdom,Champions
1846,332.66,1,2011-11,26,United Kingdom,Recent buyers
1847,2810.63,5,2011-03,22,United Kingdom,Champions
1848,875.76,2,2011-11,3,United Kingdom,Recent buyers
1849,616.15,2,2011-04,158,United Kingdom,Dormant (rule-based)
1850,3501.10,7,2010-12,4,United Kingdom,Champions
1851,277.80,1,2011-09,75,United Kingdom,Developing
1852,434.35,4,2011-10,3,United Kingdom,Recent buyers
1853,120483.80,197,2010-12,2,EIRE,Champions
1854,470.17,2,2011-04,17,Italy,Recent buyers
1855,1099.79,4,2010-12,36,United Kingdom,Developing
1856,307.48,2,2011-03,92,United Kingdom,Dormant (rule-based)
1857,1256.38,4,2011-01,71,United Kingdom,Developing
1858,1610.15,2,2011-07,116,United Kingdom,Dormant (rule-based)
1859,977.77,2,2011-05,213,United Kingdom,Dormant (rule-based)
1860,1316.07,2,2011-05,31,United Kingdom,Developing
1861,749.10,1,2011-10,51,United Kingdom,Developing
1862,310.05,1,2011-04,246,United Kingdom,Dormant (rule-based)
1863,223.88,1,2011-11,33,United Kingdom,Developing
1864,2372.86,3,2011-03,109,Channel Islands,At risk (rule-based)
1865,864.68,4,2011-04,5,Channel Islands,Recent buyers
1866,313.53,1,2010-12,366,Channel Islands,Dormant (rule-based)
1867,1809.34,2,2011-03,82,Channel Islands,Developing
1868,668.16,1,2011-02,298,Channel Islands,Dormant (rule-based)
1869,8137.02,8,2011-03,34,Channel Islands,Loyal active
1870,1409.48,2,2011-08,57,Channel Islands,Developing
1871,5900.25,12,2011-02,30,United Kingdom,Champions
1872,100.90,1,2011-11,15,United Kingdom,Recent buyers
1873,290.82,2,2011-08,73,United Kingdom,Developing
1874,1101.97,6,2011-05,24,United Kingdom,Champions
1875,371.20,1,2011-11,20,United Kingdom,Recent buyers
1876,309.77,1,2011-09,80,United Kingdom,Developing
1877,7016.13,11,2010-12,60,United Kingdom,Loyal active
1878,276.14,1,2011-11,26,United Kingdom,Recent buyers
1879,336.17,1,2011-11,13,United Kingdom,Recent buyers
1880,58.49,1,2011-03,254,United Kingdom,Dormant (rule-based)
1881,499.68,3,2011-04,148,United Kingdom,At risk (rule-based)
1882,695.42,4,2011-02,65,United Kingdom,Developing
1883,221.27,2,2011-06,9,United Kingdom,Recent buyers
1884,6539.68,9,2010-12,11,United Kingdom,Champions
1885,126.70,1,2011-03,271,United Kingdom,Dormant (rule-based)
1886,1271.80,5,2011-06,10,United Kingdom,Champions
1887,104.45,1,2011-04,248,United Kingdom,Dormant (rule-based)
1888,599.00,2,2011-09,97,United Kingdom,Dormant (rule-based)
1889,191.32,1,2011-11,15,United Kingdom,Recent buyers
1890,463.80,1,2011-10,50,United Kingdom,Developing
1891,146.69,1,2011-11,31,United Kingdom,Developing
1892,1592.06,4,2011-01,69,United Kingdom,Developing
1893,1116.57,3,2011-10,36,United Kingdom,Developing
1894,114.77,1,2011-08,129,United Kingdom,Dormant (rule-based)
1895,1314.45,3,2011-04,108,United Kingdom,At risk (rule-based)
1896,114.39,1,2011-11,38,United Kingdom,Developing
1897,186.07,1,2011-10,58,United Kingdom,Developing
1898,774.86,6,2011-01,58,United Kingdom,Loyal active
1899,1931.42,5,2011-01,73,United Kingdom,Loyal active
1900,102.12,1,2011-04,247,United Kingdom,Dormant (rule-based)
1901,213.27,2,2011-06,20,United Kingdom,Recent buyers
1902,296.75,2,2010-12,199,United Kingdom,Dormant (rule-based)
1903,326.40,2,2010-12,16,United Kingdom,Recent buyers
1904,334.54,1,2011-05,212,United Kingdom,Dormant (rule-based)
1905,233.23,2,2011-03,39,United Kingdom,Developing
1906,436.04,3,2011-06,47,United Kingdom,Developing
1907,429.87,2,2011-04,171,United Kingdom,Dormant (rule-based)
1908,490.52,1,2011-10,48,United Kingdom,Developing
1909,1641.76,4,2010-12,116,United Kingdom,At risk (rule-based)
1910,1245.93,1,2011-07,148,United Kingdom,Dormant (rule-based)
1911,6284.63,28,2010-12,16,United Kingdom,Champions
1912,497.14,1,2011-10,52,United Kingdom,Developing
1913,156.91,1,2011-07,160,United Kingdom,Dormant (rule-based)
1914,1261.78,3,2011-11,13,United Kingdom,Recent buyers
1915,308.94,1,2011-11,36,United Kingdom,Developing
1916,423.04,2,2010-12,54,United Kingdom,Developing
1917,260.17,2,2011-06,44,United Kingdom,Developing
1918,170.04,1,2011-06,173,United Kingdom,Dormant (rule-based)
1919,125.58,1,2011-11,34,United Kingdom,Developing
1920,496.21,3,2010-12,39,United Kingdom,Developing
1921,266.00,1,2011-03,267,United Kingdom,Dormant (rule-based)
1922,1913.34,9,2010-12,9,United Kingdom,Champions
1923,905.04,4,2011-10,12,United Kingdom,Recent buyers
1924,6783.86,11,2010-12,4,United Kingdom,Champions
1925,1661.33,10,2010-12,10,United Kingdom,Champions
1926,377.01,1,2011-11,34,United Kingdom,Developing
1927,464.20,3,2011-03,81,United Kingdom,Developing
1928,826.15,4,2011-04,31,United Kingdom,Developing
1929,627.13,4,2010-12,9,United Kingdom,Recent buyers
1930,245.40,2,2011-03,72,United Kingdom,Developing
1931,596.14,4,2011-03,5,United Kingdom,Recent buyers
1932,339.10,3,2010-12,257,United Kingdom,At risk (rule-based)
1933,2583.37,10,2011-01,5,United Kingdom,Champions
1934,3938.77,8,2010-12,16,United Kingdom,Champions
1935,241.21,1,2011-09,90,United Kingdom,Developing
1936,442.15,3,2011-06,73,United Kingdom,Developing
1937,705.49,6,2010-12,59,United Kingdom,Loyal active
1938,18467.24,47,2010-12,10,United Kingdom,Champions
1939,180.35,1,2011-06,171,United Kingdom,Dormant (rule-based)
1940,135.93,1,2011-05,200,United Kingdom,Dormant (rule-based)
1941,7695.43,17,2010-12,20,United Kingdom,Champions
1942,735.66,2,2011-03,152,United Kingdom,Dormant (rule-based)
1943,3997.46,15,2011-01,10,United Kingdom,Champions
1944,343.62,1,2011-03,270,United Kingdom,Dormant (rule-based)
1945,384.05,4,2010-12,66,United Kingdom,Developing
1946,121.17,1,2011-03,274,United Kingdom,Dormant (rule-based)
1947,1599.69,3,2011-09,26,United Kingdom,Recent buyers
1948,1305.81,3,2011-07,24,United Kingdom,Recent buyers
1949,215.78,1,2011-01,320,United Kingdom,Dormant (rule-based)
1950,634.27,3,2011-03,5,United Kingdom,Recent buyers
1951,302.10,2,2011-10,13,United Kingdom,Recent buyers
1952,1426.50,2,2011-01,276,United Kingdom,Dormant (rule-based)
1953,2124.99,11,2011-01,26,United Kingdom,Champions
1954,1337.72,9,2011-01,41,United Kingdom,Loyal active
1955,301.84,4,2011-11,9,United Kingdom,Recent buyers
1956,18844.07,41,2010-12,4,United Kingdom,Champions
1957,987.86,4,2010-12,72,United Kingdom,Developing
1958,370.80,1,2011-05,214,United Kingdom,Dormant (rule-based)
1959,3158.13,4,2011-02,38,United Kingdom,Developing
1960,893.59,1,2011-10,54,United Kingdom,Developing
1961,1678.52,3,2011-03,79,United Kingdom,Developing
1962,553.36,2,2011-03,47,United Kingdom,Developing
1963,1109.53,1,2011-06,180,United Kingdom,Dormant (rule-based)
1964,106.20,1,2010-12,373,United Kingdom,Dormant (rule-based)
1965,982.07,2,2011-03,94,United Kingdom,Dormant (rule-based)
1966,1043.41,3,2011-06,10,United Kingdom,Recent buyers
1967,748.87,1,2011-08,106,United Kingdom,Dormant (rule-based)
1968,722.63,1,2011-09,78,United Kingdom,Developing
1969,880.85,1,2011-06,173,United Kingdom,Dormant (rule-based)
1970,9743.11,32,2010-12,8,United Kingdom,Champions
1971,895.61,4,2010-12,213,United Kingdom,At risk (rule-based)
1972,504.80,5,2010-12,23,United Kingdom,Champions
1973,88.20,1,2011-03,257,United Kingdom,Dormant (rule-based)
1974,246.46,1,2011-03,282,United Kingdom,Dormant (rule-based)
1975,1160.07,2,2011-10,22,United Kingdom,Recent buyers
1976,2420.84,6,2011-08,11,United Kingdom,Champions
1977,381.32,1,2011-02,309,United Kingdom,Dormant (rule-based)
1978,480.71,1,2011-10,68,United Kingdom,Developing
1979,457.81,2,2011-03,216,United Kingdom,Dormant (rule-based)
1980,3205.52,6,2010-12,19,United Kingdom,Champions
1981,1196.36,4,2011-05,104,United Kingdom,At risk (rule-based)
1982,219.39,1,2011-10,43,United Kingdom,Developing
1983,248.08,1,2011-12,5,United Kingdom,Recent buyers
1984,649.50,1,2011-06,183,United Kingdom,Dormant (rule-based)
1985,330.80,1,2011-09,85,United Kingdom,Developing
1986,876.00,3,2010-12,334,United Kingdom,At risk (rule-based)
1987,150.73,2,2010-12,9,United Kingdom,Recent buyers
1988,703.36,2,2011-09,32,United Kingdom,Developing
1989,1027.44,2,2011-03,197,United Kingdom,Dormant (rule-based)
1990,2298.93,7,2011-07,19,United Kingdom,Champions
1991,1422.52,5,2011-03,18,United Kingdom,Champions
1992,319.50,6,2010-12,312,United Kingdom,At risk (rule-based)
1993,1159.25,3,2011-04,142,European Community,At risk (rule-based)
1994,484.95,1,2011-04,246,United Kingdom,Dormant (rule-based)
1995,996.10,4,2011-01,24,United Kingdom,Recent buyers
1996,1567.48,3,2010-12,30,United Kingdom,Recent buyers
1997,3233.82,3,2011-10,10,United Kingdom,Recent buyers
1998,2760.56,10,2011-02,31,United Kingdom,Loyal active
1999,340.11,1,2011-11,19,United Kingdom,Recent buyers
2000,1352.75,4,2011-05,18,United Kingdom,Recent buyers
2001,1199.78,5,2011-05,15,United Kingdom,Champions
2002,266.40,1,2011-04,246,United Kingdom,Dormant (rule-based)
2003,358.82,1,2011-07,134,United Kingdom,Dormant (rule-based)
2004,457.72,2,2011-02,51,United Kingdom,Developing
2005,1633.78,3,2011-02,115,United Kingdom,At risk (rule-based)
2006,2169.07,2,2011-05,8,United Kingdom,Recent buyers
2007,184.19,2,2011-06,23,United Kingdom,Recent buyers
2008,5743.60,12,2011-03,61,United Kingdom,Loyal active
2009,406.53,1,2011-10,66,United Kingdom,Developing
2010,1453.60,4,2011-05,61,United Kingdom,Developing
2011,2243.32,10,2011-02,51,United Kingdom,Loyal active
2012,330.11,1,2011-06,170,United Kingdom,Dormant (rule-based)
2013,908.81,5,2011-03,19,United Kingdom,Champions
2014,721.90,3,2011-02,128,United Kingdom,At risk (rule-based)
2015,1369.75,8,2011-04,15,United Kingdom,Champions
2016,139.05,1,2011-04,240,United Kingdom,Dormant (rule-based)
2017,1286.70,4,2011-09,3,United Kingdom,Recent buyers
2018,178.96,2,2011-01,240,United Kingdom,Dormant (rule-based)
2019,2113.93,7,2011-03,53,United Kingdom,Loyal active
2020,498.74,1,2011-10,47,United Kingdom,Developing
2021,259.45,1,2011-04,226,United Kingdom,Dormant (rule-based)
2022,6580.44,17,2011-01,9,United Kingdom,Champions
2023,1194.73,4,2011-04,5,United Kingdom,Recent buyers
2024,1215.32,2,2011-02,165,United Kingdom,Dormant (rule-based)
2025,623.50,1,2011-04,241,United Kingdom,Dormant (rule-based)
2026,301.29,1,2011-11,11,United Kingdom,Recent buyers
2027,520.80,1,2011-07,134,United Kingdom,Dormant (rule-based)
2028,5314.47,10,2011-03,18,United Kingdom,Champions
2029,4745.69,13,2011-06,10,United Kingdom,Champions
2030,301.17,1,2011-11,32,United Kingdom,Developing
2031,296.42,1,2011-09,76,United Kingdom,Developing
2032,961.49,3,2011-11,2,United Kingdom,Recent buyers
2033,1905.83,3,2010-12,4,United Kingdom,Recent buyers
2034,401.40,1,2011-10,46,United Kingdom,Developing
2035,18577.89,30,2010-12,2,United Kingdom,Champions
2036,158.16,1,2010-12,358,United Kingdom,Dormant (rule-based)
2037,304.47,2,2011-05,19,United Kingdom,Recent buyers
2038,843.05,3,2011-01,69,United Kingdom,Developing
2039,487.75,1,2010-12,374,United Kingdom,Dormant (rule-based)
2040,163.00,1,2011-01,321,United Kingdom,Dormant (rule-based)
2041,106.56,1,2011-11,26,United Kingdom,Recent buyers
2042,544.50,1,2011-01,332,United Kingdom,Dormant (rule-based)
2043,1624.05,5,2011-04,9,United Kingdom,Champions
2044,135.75,1,2011-01,323,United Kingdom,Dormant (rule-based)
2045,219.34,1,2011-09,72,United Kingdom,Developing
2046,40.50,1,2011-03,261,United Kingdom,Dormant (rule-based)
2047,1939.11,5,2011-01,19,United Kingdom,Champions
2048,87.50,1,2010-12,368,United Kingdom,Dormant (rule-based)
2049,585.48,3,2011-03,67,United Kingdom,Developing
2050,622.85,2,2011-03,155,United Kingdom,Dormant (rule-based)
2051,406.76,2,2011-06,30,United Kingdom,Recent buyers
2052,255.90,1,2011-09,71,United Kingdom,Developing
2053,411.41,2,2011-06,15,United Kingdom,Recent buyers
2054,4438.78,15,2011-05,2,United Kingdom,Champions
2055,13083.55,41,2011-01,2,United Kingdom,Champions
2056,987.44,3,2010-12,120,United Kingdom,At risk (rule-based)
2057,499.32,1,2011-10,61,United Kingdom,Developing
2058,6745.29,15,2010-12,4,United Kingdom,Champions
2059,1079.61,3,2010-12,11,United Kingdom,Recent buyers
2060,193.64,2,2011-08,93,United Kingdom,Dormant (rule-based)
2061,758.70,4,2011-02,60,United Kingdom,Developing
2062,1116.54,5,2011-04,88,United Kingdom,Loyal active
2063,1827.80,6,2011-02,26,United Kingdom,Champions
2064,276.26,1,2010-12,358,United Kingdom,Dormant (rule-based)
2065,653.24,2,2011-08,86,United Kingdom,Developing
2066,420.30,4,2011-03,11,United Kingdom,Recent buyers
2067,870.12,5,2010-12,2,United Kingdom,Champions
2068,331.18,1,2011-04,226,United Kingdom,Dormant (rule-based)
2069,894.41,2,2010-12,61,United Kingdom,Developing
2070,101.80,1,2011-04,242,United Kingdom,Dormant (rule-based)
2071,328.35,2,2011-01,319,United Kingdom,Dormant (rule-based)
2072,1633.36,8,2011-04,2,United Kingdom,Champions
2073,734.94,3,2011-09,47,United Kingdom,Developing
2074,96.60,1,2011-09,88,United Kingdom,Developing
2075,4285.09,10,2011-01,11,United Kingdom,Champions
2076,305.75,1,2011-06,177,United Kingdom,Dormant (rule-based)
2077,1709.36,6,2011-03,52,United Kingdom,Loyal active
2078,403.25,1,2010-12,367,United Kingdom,Dormant (rule-based)
2079,58.00,1,2011-01,319,United Kingdom,Dormant (rule-based)
2080,755.75,2,2011-04,226,United Kingdom,Dormant (rule-based)
2081,322.08,2,2010-12,359,United Kingdom,Dormant (rule-based)
2082,409.40,1,2011-04,235,United Kingdom,Dormant (rule-based)
2083,154.41,1,2011-02,311,United Kingdom,Dormant (rule-based)
2084,1170.68,5,2011-01,37,United Kingdom,Loyal active
2085,3015.19,4,2011-02,67,United Kingdom,Developing
2086,429.60,2,2011-04,240,United Kingdom,Dormant (rule-based)
2087,612.06,2,2011-07,114,United Kingdom,Dormant (rule-based)
2088,195.08,1,2011-03,277,United Kingdom,Dormant (rule-based)
2089,2247.51,12,2010-12,218,United Kingdom,At risk (rule-based)
2090,321.05,1,2011-02,299,United Kingdom,Dormant (rule-based)
2091,1412.32,4,2011-04,2,United Kingdom,Recent buyers
2092,936.79,3,2011-06,30,United Kingdom,Recent buyers
2093,780.59,2,2011-09,11,United Kingdom,Recent buyers
2094,1641.13,5,2011-02,45,United Kingdom,Loyal active
2095,1719.00,8,2011-03,67,United Kingdom,Loyal active
2096,316.68,1,2011-09,75,United Kingdom,Developing
2097,631.57,2,2011-04,66,United Kingdom,Developing
2098,2131.84,3,2011-03,135,United Kingdom,At risk (rule-based)
2099,514.15,2,2010-12,239,United Kingdom,Dormant (rule-based)
2100,356.00,1,2011-08,123,United Kingdom,Dormant (rule-based)
2101,6688.46,13,2011-03,32,United Kingdom,Loyal active
2102,6277.87,9,2011-04,41,United Kingdom,Loyal active
2103,740.78,2,2011-06,37,United Kingdom,Developing
2104,918.20,5,2011-06,17,United Kingdom,Champions
2105,270.12,1,2011-08,128,United Kingdom,Dormant (rule-based)
2106,890.85,1,2011-10,67,United Kingdom,Developing
2107,98.45,1,2011-07,149,United Kingdom,Dormant (rule-based)
2108,317.15,1,2011-03,284,United Kingdom,Dormant (rule-based)
2109,623.16,2,2011-05,169,United Kingdom,Dormant (rule-based)
2110,1810.77,7,2010-12,101,United Kingdom,At risk (rule-based)
2111,254.82,1,2011-07,136,United Kingdom,Dormant (rule-based)
2112,178.95,1,2011-01,324,United Kingdom,Dormant (rule-based)
2113,156.51,1,2011-08,107,United Kingdom,Dormant (rule-based)
2114,393.74,1,2011-10,65,United Kingdom,Developing
2115,1506.12,2,2011-04,152,United Kingdom,Dormant (rule-based)
2116,119.30,1,2011-01,339,United Kingdom,Dormant (rule-based)
2117,189.60,2,2011-10,23,United Kingdom,Recent buyers
2118,408.80,1,2011-11,24,United Kingdom,Recent buyers
2119,1563.49,7,2011-02,16,United Kingdom,Champions
2120,2507.07,15,2010-12,8,United Kingdom,Champions
2121,721.94,2,2011-09,58,United Kingdom,Developing
2122,681.77,2,2011-11,5,United Kingdom,Recent buyers
2123,615.14,1,2011-11,38,United Kingdom,Developing
2124,135.31,1,2011-10,67,United Kingdom,Developing
2125,255.90,1,2011-10,47,United Kingdom,Developing
2126,290.51,1,2010-12,355,United Kingdom,Dormant (rule-based)
2127,113.12,1,2011-06,173,United Kingdom,Dormant (rule-based)
2128,2332.15,9,2011-01,59,United Kingdom,Loyal active
2129,240.55,1,2011-10,50,United Kingdom,Developing
2130,414.69,2,2011-09,23,United Kingdom,Recent buyers
2131,2306.52,5,2010-12,44,United Kingdom,Loyal active
2132,749.94,3,2011-04,30,United Kingdom,Recent buyers
2133,7234.24,18,2010-12,5,United Kingdom,Champions
2134,3518.82,13,2010-12,26,United Kingdom,Champions
2135,180.94,1,2011-05,202,United Kingdom,Dormant (rule-based)
2136,3520.22,6,2011-01,51,United Kingdom,Loyal active
2137,641.94,3,2011-10,11,United Kingdom,Recent buyers
2138,3748.90,11,2010-12,3,United Kingdom,Champions
2139,496.44,1,2011-10,65,United Kingdom,Developing
2140,4447.85,11,2010-12,51,United Kingdom,Loyal active
2141,574.02,1,2011-02,291,United Kingdom,Dormant (rule-based)
2142,694.40,8,2010-12,61,United Kingdom,Loyal active
2143,1144.11,3,2011-07,65,United Kingdom,Developing
2144,205.30,1,2011-09,96,United Kingdom,Dormant (rule-based)
2145,310.47,1,2011-03,275,United Kingdom,Dormant (rule-based)
2146,26516.24,91,2010-12,1,United Kingdom,Champions
2147,924.85,4,2010-12,76,United Kingdom,Developing
2148,52.00,1,2011-08,111,United Kingdom,Dormant (rule-based)
2149,327.97,1,2011-05,200,United Kingdom,Dormant (rule-based)
2150,524.18,2,2011-08,65,United Kingdom,Developing
2151,312.62,1,2011-12,4,United Kingdom,Recent buyers
2152,204.50,1,2011-03,284,United Kingdom,Dormant (rule-based)
2153,197.53,1,2011-10,45,United Kingdom,Developing
2154,2748.31,3,2011-02,71,United Kingdom,Developing
2155,679.68,1,2011-09,86,United Kingdom,Developing
2156,162.29,1,2011-08,104,United Kingdom,Dormant (rule-based)
2157,311.71,1,2011-01,334,United Kingdom,Dormant (rule-based)
2158,208.75,1,2011-10,53,United Kingdom,Developing
2159,1049.70,3,2011-06,40,United Kingdom,Developing
2160,175.68,2,2011-10,33,United Kingdom,Developing
2161,1661.06,4,2010-12,367,Lithuania,At risk (rule-based)
2162,1028.56,1,2011-05,209,United Kingdom,Dormant (rule-based)
2163,348.72,3,2011-06,157,United Kingdom,At risk (rule-based)
2164,173.97,1,2011-10,54,United Kingdom,Developing
2165,561.91,2,2011-01,67,United Kingdom,Developing
2166,1304.52,1,2011-09,81,United Kingdom,Developing
2167,406.09,1,2011-08,130,United Kingdom,Dormant (rule-based)
2168,364.50,1,2011-09,88,United Kingdom,Developing
2169,563.94,3,2011-09,1,United Kingdom,Recent buyers
2170,393.54,1,2011-10,46,United Kingdom,Developing
2171,252.42,1,2011-01,333,United Kingdom,Dormant (rule-based)
2172,81.60,1,2010-12,367,United Kingdom,Dormant (rule-based)
2173,158.04,1,2011-09,73,United Kingdom,Developing
2174,473.81,2,2011-06,159,United Kingdom,Dormant (rule-based)
2175,115.65,1,2010-12,374,United Kingdom,Dormant (rule-based)
2176,1960.11,7,2010-12,13,United Kingdom,Champions
2177,777.02,2,2010-12,255,United Kingdom,Dormant (rule-based)
2178,277.05,2,2011-10,30,United Kingdom,Recent buyers
2179,2766.50,10,2010-12,32,United Kingdom,Loyal active
2180,8166.24,22,2010-12,5,United Kingdom,Champions
2181,427.93,1,2011-10,40,United Kingdom,Developing
2182,215.40,1,2010-12,362,United Kingdom,Dormant (rule-based)
2183,326.00,1,2010-12,373,United Kingdom,Dormant (rule-based)
2184,913.19,2,2011-03,96,United Kingdom,Dormant (rule-based)
2185,2314.32,7,2011-01,26,United Kingdom,Champions
2186,602.51,2,2010-12,76,United Kingdom,Developing
2187,1877.59,4,2011-03,58,United Kingdom,Developing
2188,167.70,1,2011-11,22,United Kingdom,Recent buyers
2189,2386.05,7,2011-01,41,United Kingdom,Loyal active
2190,338.88,1,2011-07,138,United Kingdom,Dormant (rule-based)
2191,2415.91,12,2010-12,9,United Kingdom,Champions
2192,76.20,1,2011-08,129,United Kingdom,Dormant (rule-based)
2193,1233.36,3,2011-05,41,United Kingdom,Developing
2194,3693.29,7,2010-12,170,United Kingdom,At risk (rule-based)
2195,1460.16,4,2011-07,9,United Kingdom,Recent buyers
2196,596.85,2,2011-03,214,United Kingdom,Dormant (rule-based)
2197,5886.11,6,2011-02,15,United Kingdom,Champions
2198,642.41,2,2010-12,170,United Kingdom,Dormant (rule-based)
2199,316.88,1,2011-10,41,United Kingdom,Developing
2200,394.14,1,2011-06,187,United Kingdom,Dormant (rule-based)
2201,140.54,1,2011-03,271,Canada,Dormant (rule-based)
2202,1514.65,4,2010-12,5,United Kingdom,Recent buyers
2203,231.86,2,2011-03,17,United Kingdom,Recent buyers
2204,2183.54,4,2010-12,10,United Kingdom,Recent buyers
2205,107.45,1,2011-01,326,United Kingdom,Dormant (rule-based)
2206,288.18,1,2011-08,113,United Kingdom,Dormant (rule-based)
2207,94.00,1,2011-02,290,United Kingdom,Dormant (rule-based)
2208,1345.53,2,2011-09,17,United Kingdom,Recent buyers
2209,787.69,3,2011-09,2,United Kingdom,Recent buyers
2210,655.00,5,2011-03,93,United Kingdom,At risk (rule-based)
2211,535.63,2,2011-05,149,United Kingdom,Dormant (rule-based)
2212,247.34,1,2011-06,190,United Kingdom,Dormant (rule-based)
2213,510.71,2,2011-02,32,United Kingdom,Developing
2214,1056.44,4,2011-02,34,United Kingdom,Developing
2215,267.18,1,2011-03,265,United Kingdom,Dormant (rule-based)
2216,3450.84,8,2011-03,85,United Kingdom,Loyal active
2217,1358.88,4,2011-06,27,United Kingdom,Recent buyers
2218,160.29,1,2011-06,172,United Kingdom,Dormant (rule-based)
2219,746.82,3,2011-04,10,United Kingdom,Recent buyers
2220,572.81,1,2011-01,314,United Kingdom,Dormant (rule-based)
2221,3984.32,4,2011-03,65,United Kingdom,Developing
2222,508.80,1,2011-09,86,United Kingdom,Developing
2223,99.86,1,2011-11,25,United Kingdom,Recent buyers
2224,950.36,4,2011-02,59,United Kingdom,Developing
2225,97.70,2,2011-01,324,United Kingdom,Dormant (rule-based)
2226,7.50,1,2011-11,39,United Kingdom,Developing
2227,322.86,2,2011-03,255,United Kingdom,Dormant (rule-based)
2228,1447.39,5,2010-12,20,United Kingdom,Champions
2229,1483.14,3,2011-10,34,United Kingdom,Developing
2230,93.78,1,2011-11,16,United Kingdom,Recent buyers
2231,397.35,2,2011-09,27,United Kingdom,Recent buyers
2232,171.19,1,2011-11,24,United Kingdom,Recent buyers
2233,533.30,2,2011-03,214,United Kingdom,Dormant (rule-based)
2234,1041.48,5,2011-05,9,United Kingdom,Champions
2235,149.29,1,2011-11,23,United Kingdom,Recent buyers
2236,1122.53,3,2011-04,13,United Kingdom,Recent buyers
2237,200.16,1,2011-03,263,United Kingdom,Dormant (rule-based)
2238,156.58,1,2011-07,132,United Kingdom,Dormant (rule-based)
2239,383.68,3,2011-05,55,United Kingdom,Developing
2240,3236.91,7,2011-01,2,United Kingdom,Champions
2241,1418.26,2,2011-10,10,United Kingdom,Recent buyers
2242,113.50,1,2011-03,265,United Kingdom,Dormant (rule-based)
2243,155.17,1,2011-01,331,United Kingdom,Dormant (rule-based)
2244,494.64,1,2011-01,313,United Kingdom,Dormant (rule-based)
2245,974.52,3,2011-03,27,United Kingdom,Recent buyers
2246,429.84,1,2011-11,31,United Kingdom,Developing
2247,538.73,3,2011-03,30,United Kingdom,Recent buyers
2248,1388.37,7,2011-06,2,United Kingdom,Champions
2249,179.10,1,2010-12,363,United Kingdom,Dormant (rule-based)
2250,401.86,3,2010-12,284,United Kingdom,At risk (rule-based)
2251,237.07,1,2011-03,263,United Kingdom,Dormant (rule-based)
2252,161.64,1,2011-11,26,United Kingdom,Recent buyers
2253,216.76,1,2010-12,355,United Kingdom,Dormant (rule-based)
2254,234.60,3,2011-06,95,United Kingdom,At risk (rule-based)
2255,126.14,1,2011-11,30,United Kingdom,Recent buyers
2256,1048.85,1,2011-01,339,United Kingdom,Dormant (rule-based)
2257,6844.62,18,2010-12,20,United Kingdom,Champions
2258,334.53,1,2011-09,86,United Kingdom,Developing
2259,524.88,3,2011-07,10,United Kingdom,Recent buyers
2260,467.51,2,2011-10,52,United Kingdom,Developing
2261,538.55,2,2011-08,51,United Kingdom,Developing
2262,469.48,1,2011-12,3,United Kingdom,Recent buyers
2263,371.56,1,2011-08,114,United Kingdom,Dormant (rule-based)
2264,690.00,5,2011-10,59,United Kingdom,Loyal active
2265,454.11,1,2011-09,78,United Kingdom,Developing
2266,1322.62,2,2011-10,41,United Kingdom,Developing
2267,905.50,1,2011-08,117,Malta,Dormant (rule-based)
2268,6555.32,11,2010-12,16,United Kingdom,Champions
2269,233.81,4,2011-03,162,United Kingdom,At risk (rule-based)
2270,3335.71,4,2011-09,2,United Kingdom,Recent buyers
2271,2311.24,3,2010-12,31,United Kingdom,Developing
2272,15.00,1,2011-09,93,United Kingdom,Dormant (rule-based)
2273,1134.28,3,2011-05,23,United Kingdom,Recent buyers
2274,3100.09,6,2011-04,96,United Kingdom,At risk (rule-based)
2275,659.46,2,2011-09,29,United Kingdom,Recent buyers
2276,2001.80,5,2011-03,33,United Kingdom,Loyal active
2277,1271.39,2,2011-08,22,United Kingdom,Recent buyers
2278,846.60,2,2011-01,18,United Kingdom,Recent buyers
2279,13053.51,27,2010-12,3,United Kingdom,Champions
2280,1131.56,4,2011-09,9,United Kingdom,Recent buyers
2281,5050.13,10,2010-12,16,United Kingdom,Champions
2282,147.09,1,2010-12,363,United Kingdom,Dormant (rule-based)
2283,52.83,1,2011-09,82,United Kingdom,Developing
2284,2586.76,5,2011-07,53,United Kingdom,Loyal active
2285,979.26,3,2011-07,23,United Kingdom,Recent buyers
2286,492.36,1,2011-06,172,United Kingdom,Dormant (rule-based)
2287,1000.27,6,2011-04,190,United Kingdom,At risk (rule-based)
2288,250.00,1,2011-01,331,United Kingdom,Dormant (rule-based)
2289,909.23,5,2011-09,12,United Kingdom,Champions
2290,121.00,2,2010-12,156,United Kingdom,Dormant (rule-based)
2291,13483.66,18,2010-12,34,United Kingdom,Loyal active
2292,2588.10,11,2010-12,13,United Kingdom,Champions
2293,62.43,3,2011-10,45,United Kingdom,Developing
2294,267.03,1,2011-04,234,United Kingdom,Dormant (rule-based)
2295,1912.21,8,2011-01,65,United Kingdom,Loyal active
2296,320.70,1,2011-12,2,United Kingdom,Recent buyers
2297,2796.86,8,2011-03,41,United Kingdom,Loyal active
2298,367.34,2,2011-09,33,United Kingdom,Developing
2299,412.01,1,2011-09,85,United Kingdom,Developing
2300,440.00,1,2011-11,25,United Kingdom,Recent buyers
2301,823.42,3,2010-12,3,United Kingdom,Recent buyers
2302,148.44,2,2011-11,34,United Kingdom,Developing
2303,2429.78,8,2010-12,19,United Kingdom,Champions
2304,229.33,1,2011-03,255,United Kingdom,Dormant (rule-based)
2305,3967.48,11,2010-12,23,United Kingdom,Champions
2306,1502.35,4,2011-04,22,United Kingdom,Recent buyers
2307,2007.44,2,2011-11,9,United Kingdom,Recent buyers
2308,1571.03,4,2010-12,26,United Kingdom,Recent buyers
2309,807.57,3,2011-09,20,United Kingdom,Recent buyers
2310,536.40,4,2011-01,174,United Kingdom,At risk (rule-based)
2311,110.92,1,2011-06,164,United Kingdom,Dormant (rule-based)
2312,538.46,1,2011-12,8,United Kingdom,Recent buyers
2313,185.22,1,2011-11,12,United Kingdom,Recent buyers
2314,85.13,1,2011-08,115,United Kingdom,Dormant (rule-based)
2315,127.86,1,2011-02,289,United Kingdom,Dormant (rule-based)
2316,3546.71,9,2010-12,10,United Kingdom,Champions
2317,292.72,2,2010-12,55,United Kingdom,Developing
2318,4738.12,14,2010-12,8,United Kingdom,Champions
2319,1689.51,3,2011-01,78,United Kingdom,Developing
2320,575.63,4,2011-02,5,United Kingdom,Recent buyers
2321,436.06,1,2011-11,37,United Kingdom,Developing
2322,90.12,1,2011-05,218,United Kingdom,Dormant (rule-based)
2323,437.23,1,2011-10,61,United Kingdom,Developing
2324,217.20,1,2011-03,278,United Kingdom,Dormant (rule-based)
2325,4801.88,16,2010-12,13,United Kingdom,Champions
2326,279.77,1,2011-11,25,United Kingdom,Recent buyers
2327,383.65,1,2011-11,29,United Kingdom,Recent buyers
2328,800.59,4,2011-05,12,United Kingdom,Recent buyers
2329,134.55,1,2010-12,352,United Kingdom,Dormant (rule-based)
2330,1316.80,3,2010-12,23,United Kingdom,Recent buyers
2331,173.16,2,2011-09,51,United Kingdom,Developing
2332,86.17,1,2011-11,19,United Kingdom,Recent buyers
2333,758.29,3,2011-09,3,United Kingdom,Recent buyers
2334,566.91,3,2011-01,132,United Kingdom,At risk (rule-based)
2335,4165.52,12,2010-12,8,United Kingdom,Champions
2336,650.43,4,2011-09,12,United Kingdom,Recent buyers
2337,2552.86,7,2011-03,5,United Kingdom,Champions
2338,599.50,2,2011-09,32,United Kingdom,Developing
2339,702.25,4,2010-12,178,United Kingdom,At risk (rule-based)
2340,701.63,1,2011-11,38,United Kingdom,Developing
2341,258.88,3,2011-02,152,United Kingdom,At risk (rule-based)
2342,127.10,1,2011-06,163,United Kingdom,Dormant (rule-based)
2343,348.60,2,2011-01,69,United Kingdom,Developing
2344,721.63,10,2010-12,157,United Kingdom,At risk (rule-based)
2345,682.91,3,2011-05,25,United Kingdom,Recent buyers
2346,725.11,4,2011-06,24,United Kingdom,Recent buyers
2347,455.30,1,2011-06,177,United Kingdom,Dormant (rule-based)
2348,669.60,4,2010-12,51,United Kingdom,Developing
2349,478.53,3,2011-02,256,United Kingdom,At risk (rule-based)
2350,388.58,1,2011-10,47,United Kingdom,Developing
2351,199.80,1,2011-09,71,United Kingdom,Developing
2352,1771.78,5,2011-04,16,United Kingdom,Champions
2353,1406.59,5,2010-12,101,United Kingdom,At risk (rule-based)
2354,324.57,1,2011-11,36,United Kingdom,Developing
2355,240.68,1,2011-10,54,United Kingdom,Developing
2356,761.74,2,2011-05,27,United Kingdom,Recent buyers
2357,6583.68,14,2010-12,12,United Kingdom,Champions
2358,1207.87,9,2010-12,9,United Kingdom,Champions
2359,48.48,1,2011-09,79,United Kingdom,Developing
2360,216.39,1,2011-10,53,United Kingdom,Developing
2361,1198.23,5,2010-12,37,United Kingdom,Loyal active
2362,2920.16,9,2011-01,62,United Kingdom,Loyal active
2363,104.76,1,2011-01,337,United Kingdom,Dormant (rule-based)
2364,986.40,4,2011-08,29,United Kingdom,Recent buyers
2365,298.48,1,2011-06,185,United Kingdom,Dormant (rule-based)
2366,112.46,1,2011-10,52,United Kingdom,Developing
2367,1183.81,11,2011-01,10,United Kingdom,Champions
2368,195.15,2,2011-10,37,United Kingdom,Developing
2369,10309.74,22,2010-12,11,United Kingdom,Champions
2370,776.85,4,2011-07,33,United Kingdom,Developing
2371,191.40,1,2011-11,11,United Kingdom,Recent buyers
2372,1553.18,3,2010-12,57,United Kingdom,Developing
2373,566.55,3,2011-11,5,United Kingdom,Recent buyers
2374,3709.56,9,2011-03,44,United Kingdom,Loyal active
2375,301.03,1,2011-07,142,United Kingdom,Dormant (rule-based)
2376,575.97,4,2011-03,117,United Kingdom,At risk (rule-based)
2377,1534.26,4,2011-04,104,United Kingdom,At risk (rule-based)
2378,660.68,2,2011-01,75,United Kingdom,Developing
2379,2870.24,9,2010-12,5,United Kingdom,Champions
2380,1186.35,2,2011-05,46,United Kingdom,Developing
2381,3261.19,8,2011-03,16,United Kingdom,Champions
2382,243.55,1,2011-11,18,United Kingdom,Recent buyers
2383,724.76,2,2011-03,90,United Kingdom,Developing
2384,223.36,1,2011-10,53,United Kingdom,Developing
2385,425.32,1,2011-07,135,United Kingdom,Dormant (rule-based)
2386,11940.30,15,2010-12,5,United Kingdom,Champions
2387,1859.48,4,2010-12,106,United Kingdom,At risk (rule-based)
2388,664.00,3,2011-03,192,United Kingdom,At risk (rule-based)
2389,813.00,4,2011-03,167,United Kingdom,At risk (rule-based)
2390,611.59,1,2011-11,19,United Kingdom,Recent buyers
2391,447.64,3,2010-12,158,United Kingdom,At risk (rule-based)
2392,657.35,2,2011-03,205,United Kingdom,Dormant (rule-based)
2393,646.30,3,2011-03,37,United Kingdom,Developing
2394,337.74,1,2011-09,92,United Kingdom,Dormant (rule-based)
2395,48.00,1,2011-08,116,United Kingdom,Dormant (rule-based)
2396,771.21,2,2011-11,10,United Kingdom,Recent buyers
2397,560.67,1,2011-04,244,United Kingdom,Dormant (rule-based)
2398,748.50,4,2011-02,46,United Kingdom,Developing
2399,30.00,1,2011-11,23,United Kingdom,Recent buyers
2400,1024.10,5,2010-12,191,United Kingdom,At risk (rule-based)
2401,306.45,1,2011-10,44,United Kingdom,Developing
2402,1600.86,9,2010-12,26,United Kingdom,Champions
2403,19.80,1,2011-01,318,United Kingdom,Dormant (rule-based)
2404,138.14,1,2011-08,107,United Kingdom,Dormant (rule-based)
2405,386.43,1,2011-10,51,United Kingdom,Developing
2406,2204.57,2,2011-04,169,United Kingdom,Dormant (rule-based)
2407,301.32,1,2011-10,40,United Kingdom,Developing
2408,684.34,4,2011-03,41,United Kingdom,Developing
2409,173.05,1,2011-02,297,United Kingdom,Dormant (rule-based)
2410,1726.17,7,2011-03,19,United Kingdom,Champions
2411,2881.02,4,2011-01,89,United Kingdom,Developing
2412,2084.05,4,2011-03,74,United Kingdom,Developing
2413,283.69,3,2011-03,82,United Kingdom,Developing
2414,3399.28,3,2011-03,19,United Kingdom,Recent buyers
2415,657.23,1,2011-10,50,United Kingdom,Developing
2416,352.70,1,2011-10,53,United Kingdom,Developing
2417,779.36,4,2011-06,25,United Kingdom,Recent buyers
2418,1333.68,3,2010-12,10,United Kingdom,Recent buyers
2419,1426.16,5,2011-03,26,United Kingdom,Champions
2420,193.75,1,2011-08,118,United Kingdom,Dormant (rule-based)
2421,2993.10,9,2011-01,9,United Kingdom,Champions
2422,254.10,2,2010-12,120,United Kingdom,Dormant (rule-based)
2423,239.76,2,2011-08,5,United Kingdom,Recent buyers
2424,136.80,1,2011-04,253,United Kingdom,Dormant (rule-based)
2425,191.04,1,2011-11,29,United Kingdom,Recent buyers
2426,5302.32,12,2010-12,9,United Kingdom,Champions
2427,409.98,2,2011-03,267,United Kingdom,Dormant (rule-based)
2428,2736.46,8,2011-01,34,United Kingdom,Loyal active
2429,309.65,1,2011-11,18,United Kingdom,Recent buyers
2430,696.68,2,2011-06,173,United Kingdom,Dormant (rule-based)
2431,1542.14,4,2011-08,3,United Kingdom,Recent buyers
2432,211.50,1,2011-03,265,United Kingdom,Dormant (rule-based)
2433,2293.62,4,2011-05,141,United Kingdom,At risk (rule-based)
2434,143.10,1,2011-05,202,United Kingdom,Dormant (rule-based)
2435,1060.56,4,2011-08,64,United Kingdom,Developing
2436,945.58,4,2011-09,36,United Kingdom,Developing
2437,3364.24,7,2010-12,41,United Kingdom,Loyal active
2438,133.25,1,2011-03,284,United Kingdom,Dormant (rule-based)
2439,970.60,5,2011-02,10,United Kingdom,Champions
2440,356.70,2,2010-12,144,United Kingdom,Dormant (rule-based)
2441,330.88,2,2011-09,12,United Kingdom,Recent buyers
2442,968.09,4,2010-12,146,United Kingdom,At risk (rule-based)
2443,150.30,1,2011-04,235,United Kingdom,Dormant (rule-based)
2444,5043.96,13,2011-01,33,United Kingdom,Loyal active
2445,598.73,1,2011-11,25,United Kingdom,Recent buyers
2446,503.08,1,2011-11,12,United Kingdom,Recent buyers
2447,1991.56,5,2011-02,36,United Kingdom,Loyal active
2448,203.10,1,2010-12,365,United Kingdom,Dormant (rule-based)
2449,218.25,2,2011-02,202,United Kingdom,Dormant (rule-based)
2450,415.25,1,2011-11,16,United Kingdom,Recent buyers
2451,5178.96,7,2010-12,17,United Kingdom,Champions
2452,85.00,1,2011-05,213,United Kingdom,Dormant (rule-based)
2453,1120.88,3,2011-05,66,United Kingdom,Developing
2454,294.12,2,2010-12,213,United Kingdom,Dormant (rule-based)
2455,162.30,1,2011-03,283,United Kingdom,Dormant (rule-based)
2456,1339.45,2,2011-05,115,United Kingdom,Dormant (rule-based)
2457,1205.12,8,2011-04,15,United Kingdom,Champions
2458,4761.42,16,2010-12,19,United Kingdom,Champions
2459,77.60,1,2011-10,67,United Kingdom,Developing
2460,126.80,1,2011-10,50,United Kingdom,Developing
2461,784.46,4,2011-06,17,United Kingdom,Recent buyers
2462,34.80,1,2011-09,78,United Kingdom,Developing
2463,1094.59,4,2011-04,20,United Kingdom,Recent buyers
2464,196.88,1,2011-07,135,United Kingdom,Dormant (rule-based)
2465,974.04,3,2011-06,13,United Kingdom,Recent buyers
2466,149.31,1,2011-10,41,United Kingdom,Developing
2467,2465.48,8,2010-12,3,United Kingdom,Champions
2468,2637.38,7,2010-12,40,United Kingdom,Loyal active
2469,458.57,3,2011-04,52,United Kingdom,Developing
2470,2364.25,6,2011-02,11,United Kingdom,Champions
2471,532.96,4,2011-04,62,United Kingdom,Developing
2472,714.42,2,2011-05,66,United Kingdom,Developing
2473,205.25,1,2011-11,25,United Kingdom,Recent buyers
2474,253.04,3,2010-12,219,United Kingdom,At risk (rule-based)
2475,583.75,2,2011-09,66,United Kingdom,Developing
2476,1086.92,2,2011-09,32,United Kingdom,Developing
2477,3252.13,6,2011-03,89,United Kingdom,Loyal active
2478,315.06,1,2011-10,65,United Kingdom,Developing
2479,621.83,3,2011-04,116,United Kingdom,At risk (rule-based)
2480,971.44,6,2010-12,65,United Kingdom,Loyal active
2481,147.52,1,2011-12,6,United Kingdom,Recent buyers
2482,270.80,1,2011-10,69,United Kingdom,Developing
2483,104.90,1,2011-04,246,United Kingdom,Dormant (rule-based)
2484,241.62,1,2011-07,134,United Kingdom,Dormant (rule-based)
2485,761.51,3,2010-12,242,United Kingdom,At risk (rule-based)
2486,475.28,3,2010-12,184,United Kingdom,At risk (rule-based)
2487,345.46,3,2011-02,26,United Kingdom,Recent buyers
2488,2315.22,3,2011-09,10,United Kingdom,Recent buyers
2489,228.06,1,2011-11,11,United Kingdom,Recent buyers
2490,1917.97,5,2011-02,33,United Kingdom,Loyal active
2491,4932.20,3,2011-08,47,United Kingdom,Developing
2492,948.05,3,2011-10,27,United Kingdom,Recent buyers
2493,351.30,1,2010-12,359,United Kingdom,Dormant (rule-based)
2494,220.85,1,2011-11,11,United Kingdom,Recent buyers
2495,1612.69,2,2011-05,44,United Kingdom,Developing
2496,449.45,3,2011-03,15,United Kingdom,Recent buyers
2497,610.01,1,2011-07,150,United Kingdom,Dormant (rule-based)
2498,2710.56,8,2011-02,2,United Kingdom,Champions
2499,879.02,3,2011-01,76,United Kingdom,Developing
2500,699.08,2,2011-04,108,United Kingdom,Dormant (rule-based)
2501,1063.95,3,2011-08,47,United Kingdom,Developing
2502,154.86,1,2011-10,52,United Kingdom,Developing
2503,4206.39,13,2011-05,1,United Kingdom,Champions
2504,5528.48,17,2010-12,24,United Kingdom,Champions
2505,784.58,3,2011-03,47,United Kingdom,Developing
2506,903.90,3,2011-09,51,United Kingdom,Developing
2507,3734.97,4,2010-12,307,United Kingdom,At risk (rule-based)
2508,515.77,5,2011-02,37,United Kingdom,Loyal active
2509,1391.98,4,2011-02,79,United Kingdom,Developing
2510,2218.62,6,2010-12,23,United Kingdom,Champions
2511,1332.78,5,2011-01,108,United Kingdom,At risk (rule-based)
2512,1303.91,2,2011-04,208,United Kingdom,Dormant (rule-based)
2513,1752.25,4,2011-10,17,United Kingdom,Recent buyers
2514,1316.08,4,2011-03,64,United Kingdom,Developing
2515,1841.85,4,2011-03,50,United Kingdom,Developing
2516,116.98,1,2011-01,320,United Kingdom,Dormant (rule-based)
2517,570.96,2,2011-10,45,United Kingdom,Developing
2518,885.47,2,2010-12,4,United Kingdom,Recent buyers
2519,15.00,1,2010-12,373,United Kingdom,Dormant (rule-based)
2520,532.94,1,2011-06,173,United Kingdom,Dormant (rule-based)
2521,1654.31,3,2011-05,57,United Kingdom,Developing
2522,1836.09,14,2010-12,74,United Kingdom,Loyal active
2523,633.26,2,2011-07,100,United Kingdom,Dormant (rule-based)
2524,576.00,1,2011-11,38,United Kingdom,Developing
2525,767.20,3,2011-01,59,United Kingdom,Developing
2526,836.79,1,2011-03,255,United Kingdom,Dormant (rule-based)
2527,2180.25,4,2011-03,71,United Kingdom,Developing
2528,954.09,4,2011-01,45,United Kingdom,Developing
2529,137.37,1,2011-10,51,United Kingdom,Developing
2530,391.98,1,2011-10,65,United Kingdom,Developing
2531,4970.40,13,2011-02,12,United Kingdom,Champions
2532,1045.61,3,2011-07,34,United Kingdom,Developing
2533,355.56,2,2011-06,59,United Kingdom,Developing
2534,1224.06,4,2011-01,73,United Kingdom,Developing
2535,118.95,1,2011-02,304,United Kingdom,Dormant (rule-based)
2536,130.74,1,2011-10,47,United Kingdom,Developing
2537,3711.77,8,2011-01,18,United Kingdom,Champions
2538,328.79,2,2011-02,39,United Kingdom,Developing
2539,238.85,2,2011-06,20,United Kingdom,Recent buyers
2540,160.71,2,2011-05,187,United Kingdom,Dormant (rule-based)
2541,110.80,1,2011-10,52,United Kingdom,Developing
2542,2946.81,12,2010-12,5,United Kingdom,Champions
2543,712.24,5,2011-03,137,United Kingdom,At risk (rule-based)
2544,13525.79,26,2010-12,5,United Kingdom,Champions
2545,297.00,1,2011-11,19,United Kingdom,Recent buyers
2546,1438.85,5,2010-12,16,United Kingdom,Champions
2547,977.21,8,2010-12,41,United Kingdom,Loyal active
2548,3135.12,8,2011-03,13,United Kingdom,Champions
2549,810.20,4,2010-12,9,United Kingdom,Recent buyers
2550,68.84,2,2011-05,26,United Kingdom,Recent buyers
2551,600.12,3,2011-01,67,United Kingdom,Developing
2552,895.13,3,2011-05,41,United Kingdom,Developing
2553,230.53,1,2011-08,102,United Kingdom,Dormant (rule-based)
2554,3787.86,15,2010-12,6,United Kingdom,Champions
2555,119.40,2,2011-03,278,United Kingdom,Dormant (rule-based)
2556,354.09,1,2011-11,33,United Kingdom,Developing
2557,360.93,2,2011-11,15,United Kingdom,Recent buyers
2558,3631.40,7,2011-02,64,United Kingdom,Loyal active
2559,451.28,2,2011-11,2,United Kingdom,Recent buyers
2560,343.28,1,2010-12,370,United Kingdom,Dormant (rule-based)
2561,501.39,5,2010-12,313,United Kingdom,At risk (rule-based)
2562,514.08,4,2010-12,199,United Kingdom,At risk (rule-based)
2563,396.48,2,2011-11,3,United Kingdom,Recent buyers
2564,349.35,1,2011-09,94,United Kingdom,Dormant (rule-based)
2565,172.45,1,2011-10,61,United Kingdom,Developing
2566,162.64,1,2011-09,81,United Kingdom,Developing
2567,427.57,2,2010-12,157,United Kingdom,Dormant (rule-based)
2568,521.97,1,2011-04,227,United Kingdom,Dormant (rule-based)
2569,262.90,2,2010-12,254,United Kingdom,Dormant (rule-based)
2570,179.17,1,2011-07,150,United Kingdom,Dormant (rule-based)
2571,111.55,2,2011-05,195,United Kingdom,Dormant (rule-based)
2572,1113.88,5,2010-12,2,United Kingdom,Champions
2573,56.25,1,2010-12,369,United Kingdom,Dormant (rule-based)
2574,351.11,1,2011-11,24,United Kingdom,Recent buyers
2575,357.26,3,2011-07,17,United Kingdom,Recent buyers
2576,3971.16,7,2011-02,10,United Kingdom,Champions
2577,164.68,1,2011-12,9,United Kingdom,Recent buyers
2578,1567.69,7,2011-03,20,United Kingdom,Champions
2579,966.60,3,2011-05,4,United Kingdom,Recent buyers
2580,191.94,1,2011-06,174,United Kingdom,Dormant (rule-based)
2581,1232.18,8,2011-01,1,United Kingdom,Champions
2582,264.62,2,2011-04,179,United Kingdom,Dormant (rule-based)
2583,1527.31,8,2010-12,17,United Kingdom,Champions
2584,123.10,1,2011-04,248,United Kingdom,Dormant (rule-based)
2585,334.23,2,2011-03,191,United Kingdom,Dormant (rule-based)
2586,639.89,2,2010-12,20,United Kingdom,Recent buyers
2587,163.55,3,2011-07,155,United Kingdom,At risk (rule-based)
2588,336.03,1,2011-06,173,United Kingdom,Dormant (rule-based)
2589,369.50,1,2010-12,374,United Kingdom,Dormant (rule-based)
2590,127.08,1,2010-12,373,United Kingdom,Dormant (rule-based)
2591,207.15,1,2011-05,195,United Kingdom,Dormant (rule-based)
2592,426.63,1,2011-10,68,United Kingdom,Developing
2593,2387.15,8,2011-02,5,United Kingdom,Champions
2594,1079.62,3,2011-09,22,United Kingdom,Recent buyers
2595,108.04,1,2011-04,240,United Kingdom,Dormant (rule-based)
2596,145.35,1,2011-10,65,United Kingdom,Developing
2597,404.58,5,2011-01,113,United Kingdom,At risk (rule-based)
2598,1873.31,13,2011-01,90,United Kingdom,Loyal active
2599,35.80,1,2011-02,312,United Kingdom,Dormant (rule-based)
2600,337.44,1,2011-07,134,United Kingdom,Dormant (rule-based)
2601,325.10,1,2011-03,277,United Kingdom,Dormant (rule-based)
2602,181.00,1,2010-12,366,United Kingdom,Dormant (rule-based)
2603,674.04,1,2011-09,83,United Kingdom,Developing
2604,955.24,2,2011-10,9,United Kingdom,Recent buyers
2605,364.72,2,2011-09,17,United Kingdom,Recent buyers
2606,1765.51,4,2010-12,32,United Kingdom,Developing
2607,708.22,2,2011-02,9,United Kingdom,Recent buyers
2608,806.57,4,2011-04,34,United Kingdom,Developing
2609,1659.38,8,2010-12,16,United Kingdom,Champions
2610,4167.74,14,2010-12,25,United Kingdom,Champions
2611,428.89,1,2011-11,32,United Kingdom,Developing
2612,104.35,1,2011-09,75,United Kingdom,Developing
2613,470.76,2,2011-10,20,United Kingdom,Recent buyers
2614,845.64,4,2010-12,18,United Kingdom,Recent buyers
2615,418.83,2,2011-01,24,United Kingdom,Recent buyers
2616,666.10,3,2011-06,3,United Kingdom,Recent buyers
2617,314.10,1,2011-02,304,United Kingdom,Dormant (rule-based)
2618,1107.10,7,2011-03,53,United Kingdom,Loyal active
2619,231.50,1,2010-12,367,United Kingdom,Dormant (rule-based)
2620,3309.15,7,2011-02,40,United Kingdom,Loyal active
2621,371.01,1,2011-09,85,United Kingdom,Developing
2622,430.94,2,2011-05,166,United Kingdom,Dormant (rule-based)
2623,914.33,2,2011-10,18,United Kingdom,Recent buyers
2624,1098.78,1,2011-09,78,United Kingdom,Developing
2625,2026.38,3,2011-03,89,United Kingdom,Developing
2626,3408.48,8,2011-02,25,United Kingdom,Champions
2627,1475.02,4,2010-12,23,United Kingdom,Recent buyers
2628,2624.07,10,2010-12,3,United Kingdom,Champions
2629,1037.42,2,2011-04,124,United Kingdom,Dormant (rule-based)
2630,168.12,1,2011-11,31,United Kingdom,Developing
2631,970.14,6,2010-12,13,United Kingdom,Champions
2632,154.03,1,2011-11,20,United Kingdom,Recent buyers
2633,741.11,2,2011-02,45,United Kingdom,Developing
2634,41.99,1,2011-12,4,United Kingdom,Recent buyers
2635,2788.87,7,2011-10,9,United Kingdom,Champions
2636,427.07,1,2011-10,55,United Kingdom,Developing
2637,1060.68,6,2010-12,89,United Kingdom,Loyal active
2638,3089.97,5,2010-12,37,United Kingdom,Loyal active
2639,2735.37,5,2010-12,30,United Kingdom,Champions
2640,615.39,4,2011-03,13,United Kingdom,Recent buyers
2641,101.40,1,2011-05,212,United Kingdom,Dormant (rule-based)
2642,1701.94,4,2011-05,48,United Kingdom,Developing
2643,478.78,3,2011-05,24,United Kingdom,Recent buyers
2644,992.71,4,2011-07,23,United Kingdom,Recent buyers
2645,407.50,3,2010-12,246,United Kingdom,At risk (rule-based)
2646,3341.83,16,2010-12,9,United Kingdom,Champions
2647,1415.29,3,2011-07,36,United Kingdom,Developing
2648,6405.12,19,2010-12,8,United Kingdom,Champions
2649,662.38,3,2011-02,38,United Kingdom,Developing
2650,618.82,3,2011-10,4,United Kingdom,Recent buyers
2651,1508.76,8,2010-12,4,United Kingdom,Champions
2652,211.88,1,2011-10,48,United Kingdom,Developing
2653,408.90,2,2011-06,40,United Kingdom,Developing
2654,3786.24,9,2010-12,47,United Kingdom,Loyal active
2655,851.01,3,2011-10,17,United Kingdom,Recent buyers
2656,628.28,1,2011-03,261,United Kingdom,Dormant (rule-based)
2657,719.81,3,2011-03,47,United Kingdom,Developing
2658,245.96,1,2011-11,13,United Kingdom,Recent buyers
2659,439.66,1,2011-11,30,United Kingdom,Recent buyers
2660,236.09,1,2011-10,44,United Kingdom,Developing
2661,303.90,4,2011-02,138,United Kingdom,At risk (rule-based)
2662,7873.39,37,2010-12,39,United Kingdom,Loyal active
2663,331.24,1,2011-02,310,United Kingdom,Dormant (rule-based)
2664,548.94,2,2011-04,93,United Kingdom,Dormant (rule-based)
2665,8816.40,20,2010-12,6,United Kingdom,Champions
2666,437.70,3,2011-01,197,United Kingdom,At risk (rule-based)
2667,728.68,2,2011-03,88,United Kingdom,Developing
2668,855.02,3,2010-12,270,United Kingdom,At risk (rule-based)
2669,471.78,3,2011-05,8,United Kingdom,Recent buyers
2670,1313.55,3,2011-03,66,United Kingdom,Developing
2671,812.00,1,2011-07,142,United Kingdom,Dormant (rule-based)
2672,1197.27,5,2011-01,23,United Kingdom,Champions
2673,719.39,4,2011-01,38,United Kingdom,Developing
2674,1340.70,4,2011-02,120,United Kingdom,At risk (rule-based)
2675,256.44,2,2010-12,374,United Kingdom,Dormant (rule-based)
2676,1111.79,3,2011-09,41,United Kingdom,Developing
2677,129.26,1,2011-06,174,United Kingdom,Dormant (rule-based)
2678,362.06,1,2011-10,55,United Kingdom,Developing
2679,1252.75,2,2011-08,33,United Kingdom,Developing
2680,783.90,1,2011-07,146,United Kingdom,Dormant (rule-based)
2681,134.80,1,2011-05,221,United Kingdom,Dormant (rule-based)
2682,664.85,1,2011-10,46,United Kingdom,Developing
2683,2263.12,7,2011-02,17,United Kingdom,Champions
2684,1459.86,6,2010-12,66,United Kingdom,Loyal active
2685,1153.62,4,2010-12,10,United Kingdom,Recent buyers
2686,335.32,1,2011-03,261,United Kingdom,Dormant (rule-based)
2687,372.09,1,2010-12,366,United Kingdom,Dormant (rule-based)
2688,1418.19,5,2011-08,17,United Kingdom,Champions
2689,852.15,2,2011-11,23,United Kingdom,Recent buyers
2690,326.24,1,2011-10,45,United Kingdom,Developing
2691,584.32,1,2011-02,289,United Kingdom,Dormant (rule-based)
2692,122.40,1,2011-02,298,United Kingdom,Dormant (rule-based)
2693,2171.37,9,2011-05,4,United Kingdom,Champions
2694,79.20,1,2011-03,284,United Kingdom,Dormant (rule-based)
2695,752.48,3,2011-10,17,United Kingdom,Recent buyers
2696,217.16,2,2011-03,82,United Kingdom,Developing
2697,2806.90,5,2010-12,57,United Kingdom,Loyal active
2698,1074.62,2,2010-12,101,United Kingdom,Dormant (rule-based)
2699,436.18,1,2011-02,300,United Kingdom,Dormant (rule-based)
2700,981.51,5,2011-01,24,United Kingdom,Champions
2701,1121.39,5,2010-12,60,United Kingdom,Loyal active
2702,315.06,2,2011-05,155,United Kingdom,Dormant (rule-based)
2703,817.86,3,2011-03,115,United Kingdom,At risk (rule-based)
2704,17.00,1,2011-08,107,United Kingdom,Dormant (rule-based)
2705,1078.23,4,2011-05,12,United Kingdom,Recent buyers
2706,320.62,1,2011-03,265,United Kingdom,Dormant (rule-based)
2707,185.05,1,2011-04,241,United Kingdom,Dormant (rule-based)
2708,2005.63,7,2010-12,88,United Kingdom,Loyal active
2709,731.90,3,2011-04,51,United Kingdom,Developing
2710,1290.70,1,2011-09,71,United Kingdom,Developing
2711,1712.54,3,2011-08,43,United Kingdom,Developing
2712,1429.64,6,2011-04,8,United Kingdom,Champions
2713,302.36,1,2011-10,62,United Kingdom,Developing
2714,235.20,1,2011-04,249,United Kingdom,Dormant (rule-based)
2715,108.38,1,2011-10,66,United Kingdom,Developing
2716,1723.12,6,2011-06,29,United Kingdom,Champions
2717,842.50,1,2011-09,85,United Kingdom,Developing
2718,521.16,2,2011-02,219,United Kingdom,Dormant (rule-based)
2719,1337.48,3,2011-02,46,United Kingdom,Developing
2720,120.86,3,2011-01,144,United Kingdom,At risk (rule-based)
2721,146.26,1,2011-06,184,United Kingdom,Dormant (rule-based)
2722,135.75,1,2011-06,171,United Kingdom,Dormant (rule-based)
2723,1667.97,8,2011-02,10,United Kingdom,Champions
2724,612.78,1,2011-05,212,United Kingdom,Dormant (rule-based)
2725,232.21,1,2011-06,190,United Kingdom,Dormant (rule-based)
2726,423.36,2,2011-09,9,United Kingdom,Recent buyers
2727,900.58,4,2011-10,60,United Kingdom,Developing
2728,867.11,2,2011-05,58,United Kingdom,Developing
2729,459.06,4,2010-12,74,United Kingdom,Developing
2730,307.78,1,2011-10,52,United Kingdom,Developing
2731,249.00,1,2011-01,318,United Kingdom,Dormant (rule-based)
2732,289.35,1,2010-12,368,United Kingdom,Dormant (rule-based)
2733,6122.77,4,2011-02,30,United Kingdom,Recent buyers
2734,656.25,1,2011-10,40,United Kingdom,Developing
2735,1880.22,5,2011-03,18,United Kingdom,Champions
2736,3188.30,6,2011-04,52,United Kingdom,Loyal active
2737,11109.00,32,2011-01,4,United Kingdom,Champions
2738,618.09,2,2010-12,22,United Kingdom,Recent buyers
2739,517.55,1,2011-03,263,United Kingdom,Dormant (rule-based)
2740,709.38,3,2011-03,60,United Kingdom,Developing
2741,635.41,3,2011-05,19,United Kingdom,Recent buyers
2742,542.30,2,2010-12,66,United Kingdom,Developing
2743,620.40,1,2011-09,89,United Kingdom,Developing
2744,535.34,1,2011-04,250,United Kingdom,Dormant (rule-based)
2745,2424.94,6,2010-12,4,United Kingdom,Champions
2746,175.20,1,2011-04,247,United Kingdom,Dormant (rule-based)
2747,3772.13,11,2010-12,9,United Kingdom,Champions
2748,659.13,2,2011-04,204,United Kingdom,Dormant (rule-based)
2749,375.00,1,2011-07,134,United Kingdom,Dormant (rule-based)
2750,280.52,2,2011-07,5,United Kingdom,Recent buyers
2751,2053.02,5,2010-12,43,United Kingdom,Loyal active
2752,1650.96,1,2011-03,269,United Kingdom,Dormant (rule-based)
2753,1671.59,5,2010-12,50,United Kingdom,Loyal active
2754,3122.04,9,2011-02,9,United Kingdom,Champions
2755,476.45,3,2011-09,16,United Kingdom,Recent buyers
2756,348.20,1,2011-03,282,United Kingdom,Dormant (rule-based)
2757,621.12,2,2011-09,66,United Kingdom,Developing
2758,5575.56,19,2010-12,2,United Kingdom,Champions
2759,37.40,1,2011-04,253,United Kingdom,Dormant (rule-based)
2760,441.60,1,2010-12,366,United Kingdom,Dormant (rule-based)
2761,822.48,3,2011-10,18,United Kingdom,Recent buyers
2762,2893.84,26,2010-12,11,United Kingdom,Champions
2763,1802.09,4,2011-09,9,United Kingdom,Recent buyers
2764,1811.97,6,2011-04,51,United Kingdom,Loyal active
2765,73.20,1,2011-10,60,United Kingdom,Developing
2766,1140.21,5,2011-04,96,United Kingdom,At risk (rule-based)
2767,1418.32,6,2011-09,16,United Kingdom,Champions
2768,551.95,3,2011-07,127,United Kingdom,At risk (rule-based)
2769,1037.59,4,2011-04,95,United Kingdom,At risk (rule-based)
2770,331.95,1,2011-10,51,United Kingdom,Developing
2771,197.90,1,2011-07,139,United Kingdom,Dormant (rule-based)
2772,215.83,1,2011-10,61,United Kingdom,Developing
2773,3108.18,8,2011-04,101,United Kingdom,At risk (rule-based)
2774,305.54,1,2011-09,74,United Kingdom,Developing
2775,162.65,1,2011-09,73,United Kingdom,Developing
2776,338.71,1,2011-10,68,United Kingdom,Developing
2777,1158.79,6,2011-05,65,United Kingdom,Loyal active
2778,529.41,2,2011-04,17,United Kingdom,Recent buyers
2779,4006.94,12,2010-12,23,United Kingdom,Champions
2780,6897.76,15,2011-02,32,United Kingdom,Loyal active
2781,981.86,4,2011-04,45,United Kingdom,Developing
2782,215.48,2,2011-09,16,United Kingdom,Recent buyers
2783,215.08,1,2011-10,41,United Kingdom,Developing
2784,3394.64,12,2010-12,3,United Kingdom,Champions
2785,314.45,1,2011-04,237,United Kingdom,Dormant (rule-based)
2786,400.68,1,2011-09,76,United Kingdom,Developing
2787,1080.62,2,2011-06,5,United Kingdom,Recent buyers
2788,1863.47,4,2011-08,4,United Kingdom,Recent buyers
2789,365.27,1,2010-12,361,United Kingdom,Dormant (rule-based)
2790,592.90,4,2010-12,59,United Kingdom,Developing
2791,405.71,1,2011-11,24,United Kingdom,Recent buyers
2792,724.54,4,2011-06,31,United Kingdom,Developing
2793,537.06,4,2011-01,55,United Kingdom,Developing
2794,394.38,1,2011-11,26,United Kingdom,Recent buyers
2795,664.26,2,2011-02,45,United Kingdom,Developing
2796,903.98,5,2011-04,89,United Kingdom,Loyal active
2797,3816.06,17,2010-12,2,United Kingdom,Champions
2798,547.02,1,2011-09,89,United Kingdom,Developing
2799,690.34,2,2011-03,20,United Kingdom,Recent buyers
2800,159.00,1,2011-09,79,United Kingdom,Developing
2801,1062.75,3,2011-03,171,United Kingdom,At risk (rule-based)
2802,242.35,1,2011-09,81,United Kingdom,Developing
2803,914.93,1,2011-03,268,United Kingdom,Dormant (rule-based)
2804,304.25,2,2011-03,236,United Kingdom,Dormant (rule-based)
2805,2609.68,6,2010-12,30,United Kingdom,Champions
2806,825.98,3,2010-12,37,United Kingdom,Developing
2807,846.72,1,2011-01,319,United Kingdom,Dormant (rule-based)
2808,1282.50,4,2011-04,58,United Kingdom,Developing
2809,1096.32,5,2011-03,45,United Kingdom,Loyal active
2810,255.12,3,2011-04,204,United Kingdom,At risk (rule-based)
2811,314.22,1,2011-04,226,United Kingdom,Dormant (rule-based)
2812,1010.60,2,2011-05,88,United Kingdom,Developing
2813,542.03,2,2011-05,190,United Kingdom,Dormant (rule-based)
2814,840.88,4,2011-05,44,United Kingdom,Developing
2815,536.68,3,2010-12,72,United Kingdom,Developing
2816,857.31,4,2011-01,41,United Kingdom,Developing
2817,432.20,1,2011-09,79,United Kingdom,Developing
2818,414.20,2,2011-06,57,United Kingdom,Developing
2819,3718.80,2,2011-09,25,United Kingdom,Recent buyers
2820,2607.87,13,2010-12,10,United Kingdom,Champions
2821,3603.21,7,2011-03,9,United Kingdom,Champions
2822,409.10,2,2011-10,34,United Kingdom,Developing
2823,1522.75,2,2010-12,212,United Kingdom,Dormant (rule-based)
2824,1395.42,3,2011-03,24,United Kingdom,Recent buyers
2825,114.56,1,2011-06,171,United Kingdom,Dormant (rule-based)
2826,152.94,1,2011-10,62,United Kingdom,Developing
2827,1720.07,5,2011-04,53,United Kingdom,Loyal active
2828,389.44,2,2010-12,262,United Kingdom,Dormant (rule-based)
2829,3513.22,2,2011-03,67,United Kingdom,Developing
2830,2468.71,8,2010-12,17,United Kingdom,Champions
2831,475.95,1,2011-03,267,United Kingdom,Dormant (rule-based)
2832,21.95,1,2011-06,177,United Kingdom,Dormant (rule-based)
2833,4800.31,5,2011-05,46,United Kingdom,Loyal active
2834,652.45,1,2011-10,51,United Kingdom,Developing
2835,746.83,4,2011-04,18,United Kingdom,Recent buyers
2836,5347.00,9,2010-12,10,United Kingdom,Champions
2837,861.89,7,2011-05,74,United Kingdom,Loyal active
2838,617.65,2,2011-09,72,United Kingdom,Developing
2839,1141.24,1,2010-12,354,United Kingdom,Dormant (rule-based)
2840,1429.24,5,2010-12,3,United Kingdom,Champions
2841,411.70,1,2011-08,117,United Kingdom,Dormant (rule-based)
2842,337.75,1,2010-12,374,United Kingdom,Dormant (rule-based)
2843,559.87,1,2011-05,197,United Kingdom,Dormant (rule-based)
2844,277.80,1,2011-06,177,United Kingdom,Dormant (rule-based)
2845,566.38,1,2011-08,101,United Kingdom,Dormant (rule-based)
2846,1509.58,3,2011-06,22,United Kingdom,Recent buyers
2847,856.78,1,2011-09,73,United Kingdom,Developing
2848,168.30,1,2011-01,340,United Kingdom,Dormant (rule-based)
2849,1564.31,5,2011-05,6,United Kingdom,Champions
2850,823.97,2,2011-10,32,United Kingdom,Developing
2851,125.22,1,2011-06,170,United Kingdom,Dormant (rule-based)
2852,302.25,1,2011-08,122,United Kingdom,Dormant (rule-based)
2853,2248.99,10,2010-12,22,United Kingdom,Champions
2854,1328.55,4,2011-10,10,United Kingdom,Recent buyers
2855,301.90,1,2011-03,269,United Kingdom,Dormant (rule-based)
2856,598.20,3,2011-06,23,United Kingdom,Recent buyers
2857,233.22,1,2011-08,127,United Kingdom,Dormant (rule-based)
2858,5360.63,3,2011-01,26,United Kingdom,Recent buyers
2859,361.22,1,2011-07,139,United Kingdom,Dormant (rule-based)
2860,632.27,6,2010-12,214,United Kingdom,At risk (rule-based)
2861,706.57,2,2011-04,107,United Kingdom,Dormant (rule-based)
2862,616.26,2,2011-10,18,United Kingdom,Recent buyers
2863,274.15,2,2011-10,4,United Kingdom,Recent buyers
2864,226.37,1,2011-01,331,United Kingdom,Dormant (rule-based)
2865,2938.91,8,2010-12,65,United Kingdom,Loyal active
2866,1272.53,3,2011-02,120,United Kingdom,At risk (rule-based)
2867,328.15,1,2011-11,36,United Kingdom,Developing
2868,404.40,1,2011-05,218,United Kingdom,Dormant (rule-based)
2869,1038.46,2,2011-05,173,Unspecified,Dormant (rule-based)
2870,373.65,5,2011-01,73,Australia,Loyal active
2871,326.75,2,2011-11,2,United Kingdom,Recent buyers
2872,207.50,1,2011-05,197,United Kingdom,Dormant (rule-based)
2873,428.68,3,2011-06,129,United Kingdom,At risk (rule-based)
2874,594.24,3,2011-04,47,United Kingdom,Developing
2875,3110.96,14,2011-01,6,United Kingdom,Champions
2876,3664.82,6,2010-12,15,United Kingdom,Champions
2877,139.41,3,2011-08,18,United Kingdom,Recent buyers
2878,1593.20,7,2011-02,29,United Kingdom,Champions
2879,151.05,1,2011-11,37,United Kingdom,Developing
2880,214.80,1,2011-07,158,United Kingdom,Dormant (rule-based)
2881,109.95,1,2011-02,285,United Kingdom,Dormant (rule-based)
2882,549.07,1,2011-08,108,United Kingdom,Dormant (rule-based)
2883,1971.87,4,2011-05,25,United Kingdom,Recent buyers
2884,322.41,4,2011-06,76,United Kingdom,Developing
2885,370.48,2,2011-11,17,United Kingdom,Recent buyers
2886,101.10,1,2011-07,159,United Kingdom,Dormant (rule-based)
2887,575.41,1,2011-10,45,United Kingdom,Developing
2888,887.65,2,2011-11,12,United Kingdom,Recent buyers
2889,1467.11,7,2011-04,33,United Kingdom,Loyal active
2890,53.50,1,2011-02,291,United Kingdom,Dormant (rule-based)
2891,1116.47,4,2011-01,22,United Kingdom,Recent buyers
2892,153.90,1,2011-01,333,United Kingdom,Dormant (rule-based)
2893,494.44,2,2011-11,18,United Kingdom,Recent buyers
2894,4706.51,21,2010-12,8,United Kingdom,Champions
2895,395.80,2,2011-09,64,United Kingdom,Developing
2896,211.77,3,2011-03,198,United Kingdom,At risk (rule-based)
2897,658.88,3,2011-05,34,United Kingdom,Developing
2898,2027.50,4,2011-06,2,United Kingdom,Recent buyers
2899,1131.96,8,2011-01,8,United Kingdom,Champions
2900,3512.53,6,2011-09,5,United Kingdom,Champions
2901,896.66,4,2011-09,10,United Kingdom,Recent buyers
2902,734.77,5,2011-09,33,United Kingdom,Loyal active
2903,109.36,1,2011-10,54,United Kingdom,Developing
2904,707.04,2,2011-07,12,United Kingdom,Recent buyers
2905,938.96,9,2010-12,18,United Kingdom,Champions
2906,327.30,1,2011-11,19,United Kingdom,Recent buyers
2907,799.69,2,2010-12,38,United Kingdom,Developing
2908,497.43,2,2011-11,3,United Kingdom,Recent buyers
2909,1551.58,3,2011-05,19,United Kingdom,Recent buyers
2910,1320.56,4,2011-04,83,United Kingdom,Developing
2911,367.93,2,2011-11,34,United Kingdom,Developing
2912,465.08,2,2011-03,67,United Kingdom,Developing
2913,987.01,2,2011-11,9,United Kingdom,Recent buyers
2914,362.95,3,2011-02,248,United Kingdom,At risk (rule-based)
2915,2157.40,4,2011-09,5,United Kingdom,Recent buyers
2916,387.95,1,2011-10,62,United Kingdom,Developing
2917,668.36,2,2011-03,75,United Kingdom,Developing
2918,584.50,2,2011-03,90,United Kingdom,Developing
2919,555.89,3,2010-12,61,United Kingdom,Developing
2920,317.08,2,2011-03,29,United Kingdom,Recent buyers
2921,94.36,1,2011-01,323,United Kingdom,Dormant (rule-based)
2922,1095.51,4,2011-03,54,United Kingdom,Developing
2923,221.19,1,2011-03,270,United Kingdom,Dormant (rule-based)
2924,3046.21,13,2010-12,3,United Kingdom,Champions
2925,938.60,5,2011-02,57,United Kingdom,Loyal active
2926,1441.38,5,2011-01,61,United Kingdom,Loyal active
2927,1633.80,2,2011-03,155,United Kingdom,Dormant (rule-based)
2928,406.77,2,2011-04,20,United Kingdom,Recent buyers
2929,303.93,1,2011-09,95,United Kingdom,Dormant (rule-based)
2930,2894.18,12,2011-01,2,United Kingdom,Champions
2931,299.60,2,2010-12,265,United Kingdom,Dormant (rule-based)
2932,177.50,1,2011-01,313,United Kingdom,Dormant (rule-based)
2933,443.05,1,2011-09,71,United Kingdom,Developing
2934,74.85,2,2011-02,303,United Kingdom,Dormant (rule-based)
2935,162.77,1,2011-11,19,United Kingdom,Recent buyers
2936,2051.93,10,2011-01,13,United Kingdom,Champions
2937,1988.56,5,2011-01,37,United Kingdom,Loyal active
2938,214.65,2,2010-12,20,United Kingdom,Recent buyers
2939,151.83,1,2011-10,54,United Kingdom,Developing
2940,262.20,1,2011-10,57,United Kingdom,Developing
2941,126.25,2,2011-03,22,United Kingdom,Recent buyers
2942,210.35,1,2011-10,45,United Kingdom,Developing
2943,990.20,3,2011-10,27,United Kingdom,Recent buyers
2944,675.27,3,2011-04,45,United Kingdom,Developing
2945,895.91,6,2011-02,113,United Kingdom,At risk (rule-based)
2946,14836.84,46,2010-12,18,United Kingdom,Champions
2947,346.12,1,2011-11,25,United Kingdom,Recent buyers
2948,133.56,1,2011-06,192,United Kingdom,Dormant (rule-based)
2949,302.70,1,2011-02,303,United Kingdom,Dormant (rule-based)
2950,1908.25,10,2011-03,3,United Kingdom,Champions
2951,241.06,2,2011-02,264,United Kingdom,Dormant (rule-based)
2952,284.55,1,2011-08,107,United Kingdom,Dormant (rule-based)
2953,300.85,1,2011-10,58,United Kingdom,Developing
2954,642.81,3,2011-02,214,United Kingdom,At risk (rule-based)
2955,143.40,1,2011-10,65,United Kingdom,Developing
2956,184.26,1,2011-11,29,United Kingdom,Recent buyers
2957,1522.25,7,2011-02,30,United Kingdom,Champions
2958,798.35,5,2011-09,6,United Kingdom,Champions
2959,3640.67,5,2011-05,8,United Kingdom,Champions
2960,381.20,2,2011-02,68,United Kingdom,Developing
2961,616.79,3,2010-12,2,United Kingdom,Recent buyers
2962,654.67,4,2011-03,47,United Kingdom,Developing
2963,230.51,1,2011-11,34,United Kingdom,Developing
2964,2.90,1,2011-05,206,United Kingdom,Dormant (rule-based)
2965,259.01,1,2011-07,136,United Kingdom,Dormant (rule-based)
2966,188.89,1,2011-05,199,United Kingdom,Dormant (rule-based)
2967,707.69,2,2011-03,198,United Kingdom,Dormant (rule-based)
2968,311.92,1,2011-07,150,United Kingdom,Dormant (rule-based)
2969,266.97,1,2011-09,88,United Kingdom,Developing
2970,5.90,1,2011-10,65,United Kingdom,Developing
2971,1841.18,7,2010-12,64,United Kingdom,Loyal active
2972,2158.37,5,2010-12,100,United Kingdom,At risk (rule-based)
2973,161.56,1,2011-05,219,United Kingdom,Dormant (rule-based)
2974,3482.74,18,2010-12,3,United Kingdom,Champions
2975,807.04,3,2011-09,29,United Kingdom,Recent buyers
2976,151.42,1,2011-06,178,United Kingdom,Dormant (rule-based)
2977,136.00,3,2011-03,74,United Kingdom,Developing
2978,1417.60,4,2011-05,22,United Kingdom,Recent buyers
2979,1278.20,3,2011-07,20,United Kingdom,Recent buyers
2980,1573.22,7,2011-02,34,United Kingdom,Loyal active
2981,74.90,1,2011-09,75,United Kingdom,Developing
2982,650.43,4,2011-04,24,United Kingdom,Recent buyers
2983,762.39,4,2010-12,52,United Kingdom,Developing
2984,223.95,1,2011-03,275,United Kingdom,Dormant (rule-based)
2985,316.11,3,2011-01,165,United Kingdom,At risk (rule-based)
2986,1871.34,7,2011-07,8,United Kingdom,Champions
2987,502.70,4,2011-03,89,United Kingdom,Developing
2988,2494.46,7,2010-12,64,United Kingdom,Loyal active
2989,331.00,3,2011-10,26,United Kingdom,Recent buyers
2990,300.83,2,2011-11,11,United Kingdom,Recent buyers
2991,692.97,1,2011-09,76,United Kingdom,Developing
2992,220.62,1,2011-11,16,United Kingdom,Recent buyers
2993,139.35,1,2011-05,193,United Kingdom,Dormant (rule-based)
2994,404.30,2,2011-06,174,United Kingdom,Dormant (rule-based)
2995,363.65,1,2011-09,78,United Kingdom,Developing
2996,486.00,3,2011-07,34,United Kingdom,Developing
2997,731.50,1,2011-10,47,United Kingdom,Developing
2998,1273.63,4,2011-01,80,United Kingdom,Developing
2999,826.53,1,2011-02,297,United Kingdom,Dormant (rule-based)
3000,684.41,3,2011-03,4,United Kingdom,Recent buyers
3001,1599.52,3,2011-01,9,United Kingdom,Recent buyers
3002,2965.69,6,2011-01,50,United Kingdom,Loyal active
3003,100.97,2,2011-06,162,United Kingdom,Dormant (rule-based)
3004,365.45,2,2010-12,361,United Kingdom,Dormant (rule-based)
3005,400.86,6,2011-01,5,United Kingdom,Champions
3006,1431.93,4,2010-12,107,United Kingdom,At risk (rule-based)
3007,484.38,1,2011-11,26,United Kingdom,Recent buyers
3008,90.30,2,2011-10,20,United Kingdom,Recent buyers
3009,363.70,1,2011-02,297,United Kingdom,Dormant (rule-based)
3010,248.10,1,2010-12,373,United Kingdom,Dormant (rule-based)
3011,901.46,3,2011-03,22,United Kingdom,Recent buyers
3012,874.59,4,2011-10,5,United Kingdom,Recent buyers
3013,1540.73,5,2011-02,53,United Kingdom,Loyal active
3014,101.70,1,2011-11,31,United Kingdom,Developing
3015,162.70,1,2011-03,278,United Kingdom,Dormant (rule-based)
3016,484.32,2,2011-02,62,United Kingdom,Developing
3017,212.98,2,2010-12,26,United Kingdom,Recent buyers
3018,1046.57,3,2010-12,187,United Kingdom,At risk (rule-based)
3019,9404.79,21,2011-01,2,United Kingdom,Champions
3020,9372.37,26,2010-12,3,United Kingdom,Champions
3021,290.36,1,2011-06,172,United Kingdom,Dormant (rule-based)
3022,228.06,1,2011-09,82,United Kingdom,Developing
3023,244.41,1,2011-12,4,United Kingdom,Recent buyers
3024,455.25,1,2011-06,191,United Kingdom,Dormant (rule-based)
3025,1239.79,7,2010-12,23,United Kingdom,Champions
3026,1095.56,3,2011-10,20,United Kingdom,Recent buyers
3027,593.75,1,2011-12,6,United Kingdom,Recent buyers
3028,548.97,1,2011-08,111,United Kingdom,Dormant (rule-based)
3029,1388.81,4,2010-12,3,United Kingdom,Recent buyers
3030,119.62,1,2011-10,54,United Kingdom,Developing
3031,339.30,1,2011-06,165,United Kingdom,Dormant (rule-based)
3032,787.15,2,2010-12,291,United Kingdom,Dormant (rule-based)
3033,4092.84,10,2011-01,11,United Kingdom,Champions
3034,2253.25,5,2010-12,109,United Kingdom,At risk (rule-based)
3035,657.88,3,2011-01,96,United Kingdom,At risk (rule-based)
3036,379.73,2,2010-12,243,United Kingdom,Dormant (rule-based)
3037,3164.70,11,2010-12,164,United Kingdom,At risk (rule-based)
3038,837.10,3,2011-01,43,United Kingdom,Developing
3039,285.89,2,2011-08,36,United Kingdom,Developing
3040,3313.79,7,2010-12,67,United Kingdom,Loyal active
3041,281.85,2,2011-07,25,United Kingdom,Recent buyers
3042,7900.73,20,2010-12,1,United Kingdom,Champions
3043,841.41,2,2010-12,27,United Kingdom,Recent buyers
3044,511.12,2,2011-10,6,United Kingdom,Recent buyers
3045,755.74,1,2011-10,54,United Kingdom,Developing
3046,173.70,1,2010-12,365,United Kingdom,Dormant (rule-based)
3047,430.18,5,2011-02,16,United Kingdom,Champions
3048,704.56,2,2011-01,195,United Kingdom,Dormant (rule-based)
3049,124.20,1,2011-12,4,United Kingdom,Recent buyers
3050,3496.72,10,2011-02,16,United Kingdom,Champions
3051,1418.81,3,2011-03,27,United Kingdom,Recent buyers
3052,1009.60,3,2011-03,128,United Kingdom,At risk (rule-based)
3053,663.61,2,2011-02,85,United Kingdom,Developing
3054,451.44,1,2011-09,72,United Kingdom,Developing
3055,105.84,1,2011-06,183,United Kingdom,Dormant (rule-based)
3056,313.62,1,2011-08,114,United Kingdom,Dormant (rule-based)
3057,233.45,1,2010-12,374,United Kingdom,Dormant (rule-based)
3058,831.08,2,2011-03,81,United Kingdom,Developing
3059,463.95,1,2011-04,249,United Kingdom,Dormant (rule-based)
3060,225.15,1,2011-04,233,United Kingdom,Dormant (rule-based)
3061,459.24,3,2011-07,72,United Kingdom,Developing
3062,213.50,1,2011-10,69,United Kingdom,Developing
3063,3991.28,16,2011-02,5,United Kingdom,Champions
3064,330.03,3,2011-01,51,United Kingdom,Developing
3065,181.09,1,2011-09,76,United Kingdom,Developing
3066,359.26,1,2011-10,62,United Kingdom,Developing
3067,250.15,2,2010-12,16,United Kingdom,Recent buyers
3068,69.52,1,2011-12,5,United Kingdom,Recent buyers
3069,145.05,1,2011-02,286,United Kingdom,Dormant (rule-based)
3070,813.52,6,2011-01,5,United Kingdom,Champions
3071,243.63,1,2011-10,41,United Kingdom,Developing
3072,528.08,1,2011-11,37,United Kingdom,Developing
3073,478.47,2,2011-09,75,United Kingdom,Developing
3074,3326.43,14,2010-12,18,United Kingdom,Champions
3075,5466.10,7,2011-04,16,United Kingdom,Champions
3076,75.66,1,2011-05,220,United Kingdom,Dormant (rule-based)
3077,129.49,1,2011-06,187,United Kingdom,Dormant (rule-based)
3078,1187.66,4,2011-02,33,United Kingdom,Developing
3079,618.59,1,2011-09,71,United Kingdom,Developing
3080,506.19,1,2011-06,183,United Kingdom,Dormant (rule-based)
3081,500.42,2,2011-07,16,United Kingdom,Recent buyers
3082,151.85,1,2011-04,236,United Kingdom,Dormant (rule-based)
3083,2647.59,5,2011-01,32,United Kingdom,Loyal active
3084,226.21,1,2011-03,264,United Kingdom,Dormant (rule-based)
3085,178.96,2,2011-03,4,United Kingdom,Recent buyers
3086,737.16,4,2011-03,52,United Kingdom,Developing
3087,129.45,1,2011-04,246,United Kingdom,Dormant (rule-based)
3088,810.57,2,2011-05,81,United Kingdom,Developing
3089,333.08,1,2011-03,275,United Kingdom,Dormant (rule-based)
3090,3871.54,17,2011-03,1,United Kingdom,Champions
3091,322.80,1,2011-09,80,United Kingdom,Developing
3092,2188.05,5,2011-04,30,United Kingdom,Champions
3093,413.73,2,2011-09,74,United Kingdom,Developing
3094,2883.10,6,2011-04,18,United Kingdom,Champions
3095,217.90,2,2010-12,223,United Kingdom,Dormant (rule-based)
3096,1127.11,4,2011-04,33,United Kingdom,Developing
3097,1680.72,10,2010-12,23,United Kingdom,Champions
3098,1257.51,3,2011-04,32,United Kingdom,Developing
3099,231.10,1,2011-08,106,United Kingdom,Dormant (rule-based)
3100,688.33,2,2011-05,5,United Kingdom,Recent buyers
3101,487.51,1,2011-04,246,United Kingdom,Dormant (rule-based)
3102,833.78,2,2011-05,178,United Kingdom,Dormant (rule-based)
3103,214.06,2,2011-05,170,United Kingdom,Dormant (rule-based)
3104,290.66,1,2011-10,43,United Kingdom,Developing
3105,518.42,1,2011-09,72,United Kingdom,Developing
3106,5871.09,7,2011-03,59,United Kingdom,Loyal active
3107,1212.66,2,2011-09,17,United Kingdom,Recent buyers
3108,601.27,4,2010-12,142,United Kingdom,At risk (rule-based)
3109,3590.52,6,2011-01,18,United Kingdom,Champions
3110,1671.68,13,2010-12,23,United Kingdom,Champions
3111,921.62,4,2011-03,10,United Kingdom,Recent buyers
3112,123.24,1,2010-12,369,United Kingdom,Dormant (rule-based)
3113,39.12,1,2011-06,190,United Kingdom,Dormant (rule-based)
3114,708.69,2,2011-01,17,United Kingdom,Recent buyers
3115,135.40,1,2010-12,363,United Kingdom,Dormant (rule-based)
3116,118.98,1,2011-11,20,United Kingdom,Recent buyers
3117,570.13,2,2011-02,69,United Kingdom,Developing
3118,306.72,6,2011-02,16,United Kingdom,Champions
3119,1366.47,2,2011-09,24,United Kingdom,Recent buyers
3120,4095.90,11,2010-12,17,United Kingdom,Champions
3121,343.35,2,2011-06,36,United Kingdom,Developing
3122,6883.58,20,2011-03,3,United Kingdom,Champions
3123,319.61,2,2011-09,55,United Kingdom,Developing
3124,1592.12,4,2011-01,34,United Kingdom,Developing
3125,3079.75,12,2011-03,3,United Kingdom,Champions
3126,129.75,1,2010-12,367,United Kingdom,Dormant (rule-based)
3127,183.70,1,2011-10,44,United Kingdom,Developing
3128,1588.18,6,2011-03,73,United Kingdom,Loyal active
3129,738.48,5,2011-06,5,United Kingdom,Champions
3130,7055.18,13,2010-12,5,United Kingdom,Champions
3131,324.24,2,2011-10,62,United Kingdom,Developing
3132,3062.83,7,2010-12,48,United Kingdom,Loyal active
3133,1260.86,4,2011-10,2,United Kingdom,Recent buyers
3134,370.76,2,2011-09,76,United Kingdom,Developing
3135,225.58,2,2011-05,73,United Kingdom,Developing
3136,8.50,1,2011-02,290,United Kingdom,Dormant (rule-based)
3137,482.01,2,2011-03,69,United Kingdom,Developing
3138,657.90,4,2011-04,136,United Kingdom,At risk (rule-based)
3139,112.75,1,2011-04,242,United Kingdom,Dormant (rule-based)
3140,5063.95,13,2010-12,9,United Kingdom,Champions
3141,3163.40,12,2010-12,9,United Kingdom,Champions
3142,11921.07,20,2010-12,1,United Kingdom,Champions
3143,531.35,3,2011-08,38,United Kingdom,Developing
3144,656.63,1,2011-10,46,United Kingdom,Developing
3145,2957.87,5,2011-03,85,United Kingdom,Loyal active
3146,2462.04,10,2010-12,20,United Kingdom,Champions
3147,1047.15,5,2010-12,4,United Kingdom,Champions
3148,3612.58,11,2011-03,10,United Kingdom,Champions
3149,6533.85,15,2010-12,19,United Kingdom,Champions
3150,1161.53,3,2011-01,219,United Kingdom,At risk (rule-based)
3151,140.92,1,2011-09,79,United Kingdom,Developing
3152,166.80,1,2011-03,267,United Kingdom,Dormant (rule-based)
3153,3786.38,6,2010-12,24,United Kingdom,Champions
3154,623.75,1,2010-12,370,United Kingdom,Dormant (rule-based)
3155,1739.66,7,2010-12,15,United Kingdom,Champions
3156,155.24,1,2011-11,27,United Kingdom,Recent buyers
3157,292.47,1,2011-03,263,United Kingdom,Dormant (rule-based)
3158,4614.17,13,2010-12,18,United Kingdom,Champions
3159,561.31,2,2011-08,92,United Kingdom,Dormant (rule-based)
3160,779.57,6,2010-12,303,United Kingdom,At risk (rule-based)
3161,1382.02,5,2010-12,27,United Kingdom,Champions
3162,272.82,1,2010-12,365,United Kingdom,Dormant (rule-based)
3163,1054.67,4,2011-03,47,United Kingdom,Developing
3164,7173.96,21,2011-04,39,United Kingdom,Loyal active
3165,743.11,3,2011-01,53,United Kingdom,Developing
3166,603.75,1,2011-11,32,United Kingdom,Developing
3167,650.51,3,2011-08,53,United Kingdom,Developing
3168,2300.56,5,2011-01,79,United Kingdom,Loyal active
3169,3.75,1,2011-02,298,United Kingdom,Dormant (rule-based)
3170,323.00,1,2011-06,177,United Kingdom,Dormant (rule-based)
3171,2238.09,7,2010-12,30,United Kingdom,Champions
3172,1304.76,7,2011-06,12,United Kingdom,Champions
3173,5314.20,17,2011-02,87,United Kingdom,Loyal active
3174,6306.10,18,2010-12,5,United Kingdom,Champions
3175,807.98,2,2011-10,38,United Kingdom,Developing
3176,1515.90,5,2011-01,18,United Kingdom,Champions
3177,623.93,5,2011-04,45,United Kingdom,Loyal active
3178,298.52,1,2011-11,31,United Kingdom,Developing
3179,207.50,1,2010-12,373,United Kingdom,Dormant (rule-based)
3180,223.92,1,2011-10,59,United Kingdom,Developing
3181,1496.83,3,2011-01,115,United Kingdom,At risk (rule-based)
3182,239.40,1,2011-05,215,United Kingdom,Dormant (rule-based)
3183,106.83,1,2011-01,319,United Kingdom,Dormant (rule-based)
3184,369.34,1,2011-10,66,United Kingdom,Developing
3185,789.79,3,2011-11,8,United Kingdom,Recent buyers
3186,269.82,1,2011-09,97,United Kingdom,Dormant (rule-based)
3187,1501.38,3,2011-07,20,United Kingdom,Recent buyers
3188,611.85,1,2011-05,199,United Kingdom,Dormant (rule-based)
3189,2799.25,13,2011-07,4,United Kingdom,Champions
3190,34.00,1,2011-02,295,United Kingdom,Dormant (rule-based)
3191,1145.60,2,2011-03,274,United Kingdom,Dormant (rule-based)
3192,4797.75,11,2011-01,31,United Kingdom,Loyal active
3193,478.09,3,2011-03,48,United Kingdom,Developing
3194,380.39,1,2011-03,261,United Kingdom,Dormant (rule-based)
3195,770.10,5,2010-12,58,United Kingdom,Loyal active
3196,2204.57,5,2011-01,34,United Kingdom,Loyal active
3197,124.79,1,2011-10,58,United Kingdom,Developing
3198,661.52,4,2011-06,68,United Kingdom,Developing
3199,1695.66,11,2010-12,11,United Kingdom,Champions
3200,388.28,1,2011-10,61,United Kingdom,Developing
3201,226.35,2,2011-03,81,United Kingdom,Developing
3202,245.94,2,2011-03,75,United Kingdom,Developing
3203,9476.76,22,2010-12,3,United Kingdom,Champions
3204,425.19,2,2011-03,101,United Kingdom,Dormant (rule-based)
3205,311.25,1,2010-12,373,United Kingdom,Dormant (rule-based)
3206,2279.90,13,2010-12,11,United Kingdom,Champions
3207,107.60,1,2011-11,20,United Kingdom,Recent buyers
3208,595.83,2,2011-03,124,United Kingdom,Dormant (rule-based)
3209,80.80,1,2011-12,9,United Kingdom,Recent buyers
3210,1545.62,6,2011-11,4,United Kingdom,Champions
3211,1709.03,7,2011-01,30,United Kingdom,Champions
3212,110.38,2,2011-03,283,United Kingdom,Dormant (rule-based)
3213,243.84,1,2011-10,58,United Kingdom,Developing
3214,1220.69,10,2011-06,2,United Kingdom,Champions
3215,414.88,1,2010-12,366,United Kingdom,Dormant (rule-based)
3216,305.62,1,2011-09,90,United Kingdom,Developing
3217,1201.49,1,2011-11,12,United Kingdom,Recent buyers
3218,1619.73,4,2011-03,164,United Kingdom,At risk (rule-based)
3219,332.30,1,2011-10,66,United Kingdom,Developing
3220,536.99,3,2011-03,24,United Kingdom,Recent buyers
3221,430.35,2,2010-12,174,United Kingdom,Dormant (rule-based)
3222,775.54,4,2011-04,104,United Kingdom,At risk (rule-based)
3223,1121.59,3,2011-03,143,United Kingdom,At risk (rule-based)
3224,288.42,2,2011-03,100,United Kingdom,Dormant (rule-based)
3225,914.69,5,2011-03,24,United Kingdom,Champions
3226,309.54,1,2011-05,193,United Kingdom,Dormant (rule-based)
3227,507.95,2,2011-11,5,United Kingdom,Recent buyers
3228,479.35,1,2010-12,361,United Kingdom,Dormant (rule-based)
3229,1632.50,10,2011-05,9,United Kingdom,Champions
3230,6499.20,21,2010-12,15,United Kingdom,Champions
3231,417.06,4,2010-12,104,United Kingdom,At risk (rule-based)
3232,1604.75,9,2010-12,3,United Kingdom,Champions
3233,3349.57,11,2011-05,11,United Kingdom,Champions
3234,497.61,1,2011-09,96,United Kingdom,Dormant (rule-based)
3235,358.38,1,2011-04,228,United Kingdom,Dormant (rule-based)
3236,460.64,2,2011-06,16,United Kingdom,Recent buyers
3237,602.38,2,2011-06,39,United Kingdom,Developing
3238,341.70,1,2011-10,52,United Kingdom,Developing
3239,113.50,1,2011-08,113,United Kingdom,Dormant (rule-based)
3240,197.22,1,2011-07,157,United Kingdom,Dormant (rule-based)
3241,325.91,1,2011-11,39,United Kingdom,Developing
3242,199.15,3,2011-05,185,United Kingdom,At risk (rule-based)
3243,1106.53,4,2011-01,2,United Kingdom,Recent buyers
3244,413.46,1,2011-04,228,United Kingdom,Dormant (rule-based)
3245,180.85,2,2010-12,129,United Kingdom,Dormant (rule-based)
3246,175.55,2,2011-08,40,United Kingdom,Developing
3247,3152.74,11,2011-04,32,United Kingdom,Loyal active
3248,588.85,2,2011-02,198,United Kingdom,Dormant (rule-based)
3249,8832.67,34,2010-12,9,United Kingdom,Champions
3250,1845.58,6,2011-02,37,United Kingdom,Loyal active
3251,1264.19,3,2011-02,101,United Kingdom,At risk (rule-based)
3252,9320.81,16,2011-01,43,United Kingdom,Loyal active
3253,214.32,1,2011-10,51,United Kingdom,Developing
3254,193.44,1,2011-10,44,United Kingdom,Developing
3255,281.42,1,2011-10,53,United Kingdom,Developing
3256,124.57,1,2011-06,187,United Kingdom,Dormant (rule-based)
3257,332.41,1,2011-01,334,United Kingdom,Dormant (rule-based)
3258,342.45,3,2011-10,5,United Kingdom,Recent buyers
3259,144.91,2,2011-06,11,United Kingdom,Recent buyers
3260,328.40,2,2011-10,24,United Kingdom,Recent buyers
3261,35.40,1,2011-11,15,United Kingdom,Recent buyers
3262,375.69,1,2010-12,369,United Kingdom,Dormant (rule-based)
3263,747.81,2,2011-03,145,United Kingdom,Dormant (rule-based)
3264,173.76,2,2011-07,60,United Kingdom,Developing
3265,502.80,2,2010-12,32,United Kingdom,Developing
3266,207.74,3,2011-07,141,United Kingdom,At risk (rule-based)
3267,824.82,4,2011-06,23,United Kingdom,Recent buyers
3268,2812.34,6,2011-03,23,United Kingdom,Champions
3269,62.70,1,2011-09,78,United Kingdom,Developing
3270,6900.42,6,2010-12,5,United Kingdom,Champions
3271,2095.53,5,2011-01,68,United Kingdom,Loyal active
3272,853.72,6,2011-05,13,United Kingdom,Champions
3273,13.30,1,2011-09,85,United Kingdom,Developing
3274,1519.08,7,2011-06,31,United Kingdom,Loyal active
3275,705.12,3,2011-01,67,United Kingdom,Developing
3276,276.73,2,2010-12,188,United Kingdom,Dormant (rule-based)
3277,429.84,2,2011-11,38,United Kingdom,Developing
3278,471.51,3,2010-12,16,United Kingdom,Recent buyers
3279,194.88,1,2011-11,36,United Kingdom,Developing
3280,1578.67,3,2011-01,195,United Kingdom,At risk (rule-based)
3281,809.70,5,2010-12,2,United Kingdom,Champions
3282,525.54,5,2011-06,2,United Kingdom,Champions
3283,145.93,1,2010-12,367,United Kingdom,Dormant (rule-based)
3284,219.14,1,2011-10,65,United Kingdom,Developing
3285,289.78,2,2011-01,300,United Kingdom,Dormant (rule-based)
3286,507.31,3,2010-12,27,United Kingdom,Recent buyers
3287,1281.56,6,2010-12,8,United Kingdom,Champions
3288,854.76,2,2011-10,20,United Kingdom,Recent buyers
3289,1706.88,1,2011-08,117,United Kingdom,Dormant (rule-based)
3290,373.24,1,2011-11,30,United Kingdom,Recent buyers
3291,3719.15,16,2010-12,5,United Kingdom,Champions
3292,3102.43,7,2010-12,6,United Kingdom,Champions
3293,478.01,4,2011-04,82,United Kingdom,Developing
3294,981.65,5,2010-12,30,United Kingdom,Champions
3295,301.38,1,2011-09,73,United Kingdom,Developing
3296,1510.06,8,2011-09,5,United Kingdom,Champions
3297,2575.38,11,2011-01,29,United Kingdom,Champions
3298,113.44,1,2011-02,291,United Kingdom,Dormant (rule-based)
3299,208.46,1,2011-11,37,United Kingdom,Developing
3300,621.68,6,2011-03,10,United Kingdom,Champions
3301,576.26,2,2010-12,24,United Kingdom,Recent buyers
3302,315.20,1,2011-03,277,United Kingdom,Dormant (rule-based)
3303,1068.82,6,2011-01,50,United Kingdom,Loyal active
3304,2596.45,11,2010-12,157,United Kingdom,At risk (rule-based)
3305,169.79,1,2011-10,62,United Kingdom,Developing
3306,6842.73,19,2010-12,13,United Kingdom,Champions
3307,846.75,3,2011-09,22,United Kingdom,Recent buyers
3308,230.25,1,2010-12,372,United Kingdom,Dormant (rule-based)
3309,139.85,2,2010-12,277,United Kingdom,Dormant (rule-based)
3310,2689.65,17,2010-12,81,United Kingdom,Loyal active
3311,1295.39,7,2011-07,4,United Kingdom,Champions
3312,380.55,3,2011-10,27,United Kingdom,Recent buyers
3313,4603.86,21,2010-12,6,United Kingdom,Champions
3314,161.94,1,2011-10,54,United Kingdom,Developing
3315,563.23,2,2011-04,2,United Kingdom,Recent buyers
3316,950.93,2,2011-10,55,United Kingdom,Developing
3317,262.68,1,2011-11,26,United Kingdom,Recent buyers
3318,1872.89,4,2011-02,9,United Kingdom,Recent buyers
3319,3021.80,3,2011-02,53,United Kingdom,Developing
3320,1920.59,9,2011-04,13,United Kingdom,Champions
3321,816.73,3,2011-01,212,United Kingdom,At risk (rule-based)
3322,4336.86,19,2010-12,22,United Kingdom,Champions
3323,406.48,1,2011-04,236,United Kingdom,Dormant (rule-based)
3324,285.74,3,2011-01,139,United Kingdom,At risk (rule-based)
3325,1258.19,6,2011-01,4,United Kingdom,Champions
3326,1003.20,3,2010-12,57,United Kingdom,Developing
3327,1277.75,3,2011-02,135,United Kingdom,At risk (rule-based)
3328,167.61,2,2011-08,110,United Kingdom,Dormant (rule-based)
3329,20.80,1,2011-11,31,United Kingdom,Developing
3330,2085.08,9,2010-12,1,United Kingdom,Champions
3331,518.67,4,2010-12,185,United Kingdom,At risk (rule-based)
3332,308.74,1,2011-11,18,United Kingdom,Recent buyers
3333,416.64,2,2011-03,240,United Kingdom,Dormant (rule-based)
3334,117.35,1,2011-09,88,United Kingdom,Developing
3335,505.10,3,2011-04,39,United Kingdom,Developing
3336,234.17,1,2011-08,117,United Kingdom,Dormant (rule-based)
3337,110.55,1,2011-06,188,United Kingdom,Dormant (rule-based)
3338,160.75,1,2011-04,227,United Kingdom,Dormant (rule-based)
3339,733.93,6,2011-04,9,United Kingdom,Champions
3340,319.02,1,2011-06,190,United Kingdom,Dormant (rule-based)
3341,439.43,2,2011-08,5,United Kingdom,Recent buyers
3342,633.13,3,2011-06,40,United Kingdom,Developing
3343,357.21,1,2011-11,39,United Kingdom,Developing
3344,175.20,1,2011-03,268,United Kingdom,Dormant (rule-based)
3345,344.33,1,2011-09,78,United Kingdom,Developing
3346,1852.00,6,2011-02,4,United Kingdom,Champions
3347,845.76,2,2011-02,256,United Kingdom,Dormant (rule-based)
3348,384.06,1,2011-10,61,United Kingdom,Developing
3349,1891.89,7,2010-12,13,United Kingdom,Champions
3350,4190.95,2,2011-08,89,United Kingdom,Developing
3351,4729.72,10,2010-12,18,United Kingdom,Champions
3352,83.20,1,2011-11,31,United Kingdom,Developing
3353,1625.05,7,2011-05,4,United Kingdom,Champions
3354,126.12,1,2011-12,6,United Kingdom,Recent buyers
3355,404.25,5,2011-07,8,United Kingdom,Champions
3356,1614.31,5,2011-02,11,United Kingdom,Champions
3357,1456.96,6,2010-12,31,United Kingdom,Loyal active
3358,702.00,3,2011-01,289,United Kingdom,At risk (rule-based)
3359,295.00,4,2011-02,150,United Kingdom,At risk (rule-based)
3360,305.82,2,2011-09,24,United Kingdom,Recent buyers
3361,3989.57,11,2010-12,1,United Kingdom,Champions
3362,1493.73,3,2011-02,86,United Kingdom,Developing
3363,1069.74,2,2011-09,47,United Kingdom,Developing
3364,781.78,4,2011-09,5,United Kingdom,Recent buyers
3365,848.33,6,2010-12,51,United Kingdom,Loyal active
3366,195.36,1,2011-11,19,United Kingdom,Recent buyers
3367,270.90,1,2011-11,31,United Kingdom,Developing
3368,586.33,3,2011-10,9,United Kingdom,Recent buyers
3369,1842.56,3,2011-06,29,United Kingdom,Recent buyers
3370,7540.10,20,2010-12,3,United Kingdom,Champions
3371,920.10,2,2011-01,41,United Kingdom,Developing
3372,1272.61,4,2010-12,12,United Kingdom,Recent buyers
3373,71.00,1,2011-11,32,United Kingdom,Developing
3374,95.85,3,2011-07,46,United Kingdom,Developing
3375,281.45,3,2010-12,61,United Kingdom,Developing
3376,33.15,1,2010-12,370,United Kingdom,Dormant (rule-based)
3377,890.29,6,2011-01,79,United Kingdom,Loyal active
3378,146.87,1,2011-10,64,United Kingdom,Developing
3379,380.35,2,2011-07,12,United Kingdom,Recent buyers
3380,769.98,3,2010-12,87,United Kingdom,Developing
3381,745.52,3,2011-02,17,United Kingdom,Recent buyers
3382,433.53,2,2011-02,246,United Kingdom,Dormant (rule-based)
3383,1267.32,1,2011-09,88,United Kingdom,Developing
3384,112.40,1,2011-11,31,United Kingdom,Developing
3385,449.73,1,2011-07,138,United Kingdom,Dormant (rule-based)
3386,1081.57,3,2010-12,27,United Kingdom,Recent buyers
3387,1044.38,5,2011-04,3,United Kingdom,Champions
3388,1622.18,4,2011-03,33,United Kingdom,Developing
3389,384.00,1,2011-11,26,United Kingdom,Recent buyers
3390,339.44,3,2011-04,114,United Kingdom,At risk (rule-based)
3391,540.26,1,2011-07,158,United Kingdom,Dormant (rule-based)
3392,1100.90,3,2011-05,86,United Kingdom,Developing
3393,925.35,3,2011-01,118,United Kingdom,At risk (rule-based)
3394,5659.98,9,2011-03,3,United Kingdom,Champions
3395,3228.84,6,2011-02,97,United Kingdom,At risk (rule-based)
3396,247.14,1,2011-05,195,United Kingdom,Dormant (rule-based)
3397,413.75,1,2011-11,29,United Kingdom,Recent buyers
3398,498.48,1,2011-08,131,United Kingdom,Dormant (rule-based)
3399,1356.33,5,2011-04,29,United Kingdom,Champions
3400,1179.89,3,2011-04,82,United Kingdom,Developing
3401,3004.32,5,2010-12,30,United Kingdom,Champions
3402,81.60,1,2011-03,267,United Kingdom,Dormant (rule-based)
3403,4748.11,10,2011-04,74,United Kingdom,Loyal active
3404,533.33,4,2010-12,314,United Kingdom,At risk (rule-based)
3405,1461.14,7,2011-02,22,United Kingdom,Champions
3406,859.35,3,2011-01,59,United Kingdom,Developing
3407,4545.89,21,2010-12,13,United Kingdom,Champions
3408,2709.70,9,2010-12,29,United Kingdom,Champions
3409,312.14,1,2011-08,115,United Kingdom,Dormant (rule-based)
3410,2429.03,9,2011-02,29,United Kingdom,Champions
3411,1444.84,4,2011-08,18,United Kingdom,Recent buyers
3412,834.12,4,2011-01,18,United Kingdom,Recent buyers
3413,764.76,3,2010-12,37,United Kingdom,Developing
3414,343.06,2,2011-11,37,United Kingdom,Developing
3415,118.80,1,2011-09,79,United Kingdom,Developing
3416,211.30,1,2011-11,23,United Kingdom,Recent buyers
3417,290.16,2,2011-10,26,United Kingdom,Recent buyers
3418,1942.65,2,2011-01,34,United Kingdom,Developing
3419,1405.78,3,2011-02,110,United Kingdom,At risk (rule-based)
3420,2804.37,2,2011-11,36,United Kingdom,Developing
3421,1566.65,5,2010-12,124,United Kingdom,At risk (rule-based)
3422,1585.48,6,2011-10,8,United Kingdom,Champions
3423,1991.01,4,2011-03,29,United Kingdom,Recent buyers
3424,1741.55,6,2010-12,5,United Kingdom,Champions
3425,3827.76,9,2010-12,3,United Kingdom,Champions
3426,1777.78,4,2011-03,51,United Kingdom,Developing
3427,302.00,1,2011-01,323,United Kingdom,Dormant (rule-based)
3428,1324.16,3,2011-01,23,United Kingdom,Recent buyers
3429,1022.13,4,2011-03,16,United Kingdom,Recent buyers
3430,954.42,8,2010-12,3,Spain,Champions
3431,971.74,2,2011-11,19,United Kingdom,Recent buyers
3432,1265.13,3,2011-06,30,United Kingdom,Recent buyers
3433,25.50,1,2011-03,262,United Kingdom,Dormant (rule-based)
3434,655.78,2,2011-02,160,United Kingdom,Dormant (rule-based)
3435,8339.83,6,2011-03,34,United Kingdom,Loyal active
3436,885.04,6,2011-04,30,United Kingdom,Champions
3437,163.30,1,2011-06,166,United Kingdom,Dormant (rule-based)
3438,248.61,1,2011-10,48,United Kingdom,Developing
3439,808.62,8,2011-01,6,United Kingdom,Champions
3440,837.50,3,2011-04,9,United Kingdom,Recent buyers
3441,116.20,1,2011-02,289,United Kingdom,Dormant (rule-based)
3442,157.02,1,2011-01,318,United Kingdom,Dormant (rule-based)
3443,606.91,2,2011-10,4,United Kingdom,Recent buyers
3444,307.46,1,2011-04,234,United Kingdom,Dormant (rule-based)
3445,138.32,1,2011-08,120,United Kingdom,Dormant (rule-based)
3446,263.70,1,2011-07,162,United Kingdom,Dormant (rule-based)
3447,298.89,1,2011-06,186,United Kingdom,Dormant (rule-based)
3448,243.83,1,2011-10,51,United Kingdom,Developing
3449,984.71,5,2010-12,153,United Kingdom,At risk (rule-based)
3450,157.09,1,2011-01,335,United Kingdom,Dormant (rule-based)
3451,2463.17,5,2011-09,6,United Kingdom,Champions
3452,1261.40,5,2011-03,16,United Kingdom,Champions
3453,425.00,2,2011-03,107,United Kingdom,Dormant (rule-based)
3454,963.33,7,2010-12,17,United Kingdom,Champions
3455,380.50,1,2011-03,276,United Kingdom,Dormant (rule-based)
3456,10668.47,12,2011-02,16,United Kingdom,Champions
3457,285.32,1,2011-04,248,United Kingdom,Dormant (rule-based)
3458,579.00,1,2011-04,240,United Kingdom,Dormant (rule-based)
3459,912.57,2,2011-09,2,United Kingdom,Recent buyers
3460,749.78,3,2010-12,106,United Kingdom,At risk (rule-based)
3461,1714.59,4,2011-02,23,United Kingdom,Recent buyers
3462,124.88,1,2011-10,52,United Kingdom,Developing
3463,446.30,3,2011-03,195,United Kingdom,At risk (rule-based)
3464,213.78,1,2011-11,25,United Kingdom,Recent buyers
3465,317.82,1,2011-09,76,United Kingdom,Developing
3466,251.70,2,2011-06,18,United Kingdom,Recent buyers
3467,319.00,2,2011-06,8,United Kingdom,Recent buyers
3468,1266.97,3,2010-12,33,United Kingdom,Developing
3469,1536.00,3,2011-06,22,United Kingdom,Recent buyers
3470,3518.03,6,2011-04,32,United Kingdom,Loyal active
3471,1715.46,10,2011-02,29,United Kingdom,Champions
3472,293.10,2,2011-09,22,United Kingdom,Recent buyers
3473,2467.35,7,2011-03,33,United Kingdom,Loyal active
3474,158.68,1,2011-02,285,United Kingdom,Dormant (rule-based)
3475,206.34,2,2011-05,39,United Kingdom,Developing
3476,835.78,2,2011-06,58,United Kingdom,Developing
3477,224.91,1,2011-02,290,United Kingdom,Dormant (rule-based)
3478,289.68,1,2011-09,79,United Kingdom,Developing
3479,3766.60,8,2011-07,6,United Kingdom,Champions
3480,59.90,1,2011-05,218,United Kingdom,Dormant (rule-based)
3481,1348.49,4,2011-02,45,United Kingdom,Developing
3482,306.13,1,2011-05,202,United Kingdom,Dormant (rule-based)
3483,711.79,3,2010-12,179,United Kingdom,At risk (rule-based)
3484,796.03,4,2011-01,57,United Kingdom,Developing
3485,84.40,1,2011-10,58,United Kingdom,Developing
3486,3141.63,6,2011-08,8,United Kingdom,Champions
3487,154.15,1,2011-04,227,United Kingdom,Dormant (rule-based)
3488,2474.23,7,2010-12,12,United Kingdom,Champions
3489,384.40,2,2010-12,107,United Kingdom,Dormant (rule-based)
3490,444.74,2,2011-05,59,United Kingdom,Developing
3491,2069.21,7,2010-12,29,United Kingdom,Champions
3492,1232.74,7,2011-06,36,United Kingdom,Loyal active
3493,139.78,1,2010-12,361,United Kingdom,Dormant (rule-based)
3494,1013.01,1,2011-11,30,United Kingdom,Recent buyers
3495,692.22,3,2010-12,24,United Kingdom,Recent buyers
3496,291.63,1,2011-10,54,United Kingdom,Developing
3497,1720.00,6,2011-10,36,United Kingdom,Loyal active
3498,1564.56,4,2011-03,176,United Kingdom,At risk (rule-based)
3499,157.10,1,2011-10,54,United Kingdom,Developing
3500,204.24,1,2011-10,54,United Kingdom,Developing
3501,2317.22,8,2010-12,27,United Kingdom,Champions
3502,226.85,1,2011-03,254,United Kingdom,Dormant (rule-based)
3503,2781.23,7,2010-12,41,United Kingdom,Loyal active
3504,1069.12,6,2010-12,61,United Kingdom,Loyal active
3505,113.50,1,2011-04,235,United Kingdom,Dormant (rule-based)
3506,1960.72,10,2010-12,5,United Kingdom,Champions
3507,114.23,1,2011-11,32,United Kingdom,Developing
3508,3198.25,14,2010-12,25,United Kingdom,Champions
3509,258.51,2,2011-11,8,United Kingdom,Recent buyers
3510,354.15,1,2011-10,66,United Kingdom,Developing
3511,391.79,2,2010-12,311,United Kingdom,Dormant (rule-based)
3512,169.69,1,2011-02,309,United Kingdom,Dormant (rule-based)
3513,733.72,6,2010-12,19,United Kingdom,Champions
3514,1890.97,8,2010-12,16,United Kingdom,Champions
3515,318.76,2,2011-07,97,United Kingdom,Dormant (rule-based)
3516,2924.89,8,2010-12,265,United Kingdom,At risk (rule-based)
3517,3146.24,10,2010-12,13,United Kingdom,Champions
3518,421.52,2,2011-11,3,United Kingdom,Recent buyers
3519,190.88,1,2011-11,36,United Kingdom,Developing
3520,149.89,1,2011-06,183,United Kingdom,Dormant (rule-based)
3521,550.06,2,2010-12,26,United Kingdom,Recent buyers
3522,916.13,6,2010-12,13,United Kingdom,Champions
3523,314.69,2,2011-11,12,United Kingdom,Recent buyers
3524,3744.65,17,2010-12,3,United Kingdom,Champions
3525,382.50,1,2011-01,313,United Kingdom,Dormant (rule-based)
3526,1135.04,2,2011-06,109,United Kingdom,Dormant (rule-based)
3527,8074.57,26,2010-12,2,United Kingdom,Champions
3528,907.50,1,2011-10,54,United Kingdom,Developing
3529,171.45,1,2011-05,205,United Kingdom,Dormant (rule-based)
3530,282.19,1,2011-11,16,United Kingdom,Recent buyers
3531,318.65,1,2011-08,121,United Kingdom,Dormant (rule-based)
3532,384.52,2,2011-03,4,United Kingdom,Recent buyers
3533,283.28,1,2010-12,363,United Kingdom,Dormant (rule-based)
3534,353.86,2,2011-06,117,United Kingdom,Dormant (rule-based)
3535,178.26,1,2011-11,19,United Kingdom,Recent buyers
3536,271.54,2,2011-11,5,United Kingdom,Recent buyers
3537,298.41,2,2011-02,41,United Kingdom,Developing
3538,240.00,2,2011-01,108,United Kingdom,Dormant (rule-based)
3539,603.37,2,2010-12,149,United Kingdom,Dormant (rule-based)
3540,756.76,4,2010-12,53,United Kingdom,Developing
3541,63.44,1,2011-05,209,United Kingdom,Dormant (rule-based)
3542,562.90,2,2011-06,139,United Kingdom,Dormant (rule-based)
3543,310.64,3,2011-07,3,United Kingdom,Recent buyers
3544,317.62,2,2011-08,128,United Kingdom,Dormant (rule-based)
3545,35.00,1,2011-07,151,United Kingdom,Dormant (rule-based)
3546,2101.83,4,2011-03,43,United Kingdom,Developing
3547,111.98,1,2011-11,36,United Kingdom,Developing
3548,1065.35,2,2011-01,228,United Kingdom,Dormant (rule-based)
3549,246.04,1,2011-04,242,United Kingdom,Dormant (rule-based)
3550,187.83,1,2011-10,58,United Kingdom,Developing
3551,666.45,3,2011-02,131,United Kingdom,At risk (rule-based)
3552,1652.58,6,2011-01,61,United Kingdom,Loyal active
3553,153.92,1,2011-11,22,United Kingdom,Recent buyers
3554,1064.11,7,2010-12,27,United Kingdom,Champions
3555,1389.49,7,2010-12,10,United Kingdom,Champions
3556,944.41,3,2011-06,32,United Kingdom,Developing
3557,513.72,2,2011-11,4,United Kingdom,Recent buyers
3558,1761.11,9,2010-12,9,United Kingdom,Champions
3559,556.95,3,2011-10,29,United Kingdom,Recent buyers
3560,131.78,1,2011-11,18,United Kingdom,Recent buyers
3561,498.42,2,2011-08,102,United Kingdom,Dormant (rule-based)
3562,669.11,4,2011-06,12,United Kingdom,Recent buyers
3563,197.63,1,2011-11,22,United Kingdom,Recent buyers
3564,1135.63,5,2011-02,15,United Kingdom,Champions
3565,250.04,1,2010-12,362,United Kingdom,Dormant (rule-based)
3566,1919.04,12,2011-01,11,United Kingdom,Champions
3567,82.75,1,2011-09,96,United Kingdom,Dormant (rule-based)
3568,1219.97,2,2011-01,79,United Kingdom,Developing
3569,104.30,2,2011-07,156,United Kingdom,Dormant (rule-based)
3570,1073.16,1,2011-11,32,United Kingdom,Developing
3571,2451.36,8,2011-01,25,United Kingdom,Champions
3572,5610.78,36,2010-12,2,United Kingdom,Champions
3573,887.28,2,2011-09,47,United Kingdom,Developing
3574,1170.38,3,2010-12,101,United Kingdom,At risk (rule-based)
3575,700.86,2,2011-10,9,United Kingdom,Recent buyers
3576,917.67,7,2011-02,16,United Kingdom,Champions
3577,573.59,4,2010-12,18,United Kingdom,Recent buyers
3578,96.80,1,2011-03,281,United Kingdom,Dormant (rule-based)
3579,523.11,2,2011-01,15,United Kingdom,Recent buyers
3580,363.90,2,2011-10,23,United Kingdom,Recent buyers
3581,175.20,1,2011-08,124,United Kingdom,Dormant (rule-based)
3582,494.25,1,2011-09,86,United Kingdom,Developing
3583,236.82,2,2011-02,303,United Kingdom,Dormant (rule-based)
3584,2026.42,4,2011-02,152,United Kingdom,At risk (rule-based)
3585,6635.14,8,2010-12,18,United Kingdom,Champions
3586,243.36,2,2010-12,95,United Kingdom,Dormant (rule-based)
3587,11643.73,11,2010-12,30,United Kingdom,Champions
3588,781.36,3,2010-12,157,United Kingdom,At risk (rule-based)
3589,193.64,1,2010-12,356,United Kingdom,Dormant (rule-based)
3590,160.57,1,2011-10,47,United Kingdom,Developing
3591,537.74,4,2011-05,16,United Kingdom,Recent buyers
3592,2676.56,15,2010-12,4,United Kingdom,Champions
3593,1124.48,5,2011-02,15,United Kingdom,Champions
3594,110.75,1,2011-06,180,United Kingdom,Dormant (rule-based)
3595,1286.07,4,2011-10,9,United Kingdom,Recent buyers
3596,587.15,3,2011-03,37,United Kingdom,Developing
3597,189.64,1,2011-10,51,United Kingdom,Developing
3598,178.22,1,2011-02,312,United Kingdom,Dormant (rule-based)
3599,388.14,2,2011-11,25,United Kingdom,Recent buyers
3600,365.85,2,2010-12,304,United Kingdom,Dormant (rule-based)
3601,104.46,1,2011-11,12,United Kingdom,Recent buyers
3602,585.79,3,2011-06,18,United Kingdom,Recent buyers
3603,488.20,3,2011-02,50,United Kingdom,Developing
3604,312.23,2,2011-02,240,United Kingdom,Dormant (rule-based)
3605,4481.18,11,2011-01,1,United Kingdom,Champions
3606,4655.40,8,2011-01,13,United Kingdom,Champions
3607,168.40,1,2011-04,239,United Kingdom,Dormant (rule-based)
3608,1353.47,8,2011-01,24,United Kingdom,Champions
3609,443.30,4,2011-06,73,United Kingdom,Developing
3610,423.89,3,2010-12,18,United Kingdom,Recent buyers
3611,1342.68,8,2010-12,41,United Kingdom,Loyal active
3612,646.92,4,2011-01,41,United Kingdom,Developing
3613,495.77,2,2011-03,219,United Kingdom,Dormant (rule-based)
3614,400.10,3,2010-12,200,United Kingdom,At risk (rule-based)
3615,203.20,2,2011-02,71,United Kingdom,Developing
3616,4100.92,20,2010-12,24,United Kingdom,Champions
3617,395.86,1,2011-11,12,United Kingdom,Recent buyers
3618,1519.41,11,2011-02,67,United Kingdom,Loyal active
3619,65.40,1,2011-10,66,United Kingdom,Developing
3620,199.29,1,2011-12,5,United Kingdom,Recent buyers
3621,336.40,2,2011-05,20,United Kingdom,Recent buyers
3622,261.11,1,2011-11,15,United Kingdom,Recent buyers
3623,775.38,3,2011-06,8,United Kingdom,Recent buyers
3624,784.11,2,2011-11,20,United Kingdom,Recent buyers
3625,191.08,2,2011-07,78,United Kingdom,Developing
3626,17261.98,32,2011-01,1,United Kingdom,Champions
3627,451.91,2,2010-12,307,United Kingdom,Dormant (rule-based)
3628,48.35,1,2011-05,220,United Kingdom,Dormant (rule-based)
3629,1320.30,4,2010-12,149,United Kingdom,At risk (rule-based)
3630,696.41,2,2011-11,23,United Kingdom,Recent buyers
3631,653.38,3,2011-03,115,United Kingdom,At risk (rule-based)
3632,2129.96,5,2010-12,127,United Kingdom,At risk (rule-based)
3633,1613.41,11,2010-12,5,United Kingdom,Champions
3634,281.62,1,2011-11,37,United Kingdom,Developing
3635,3548.38,10,2010-12,5,Sweden,Champions
3636,1031.41,3,2011-07,2,United Kingdom,Recent buyers
3637,2200.42,3,2010-12,334,United Kingdom,At risk (rule-based)
3638,32.65,1,2011-06,164,United Kingdom,Dormant (rule-based)
3639,771.85,2,2011-04,185,United Kingdom,Dormant (rule-based)
3640,1142.72,5,2011-05,17,United Kingdom,Champions
3641,778.94,3,2011-03,13,United Kingdom,Recent buyers
3642,1258.06,7,2010-12,3,United Kingdom,Champions
3643,28.00,1,2011-06,185,United Kingdom,Dormant (rule-based)
3644,507.84,1,2011-09,80,United Kingdom,Developing
3645,6261.98,6,2011-03,30,United Kingdom,Champions
3646,463.46,2,2011-01,43,United Kingdom,Developing
3647,4226.57,12,2010-12,12,United Kingdom,Champions
3648,598.83,3,2010-12,51,United Kingdom,Developing
3649,1796.57,6,2011-02,17,United Kingdom,Champions
3650,629.29,2,2011-05,47,United Kingdom,Developing
3651,759.17,2,2011-10,20,United Kingdom,Recent buyers
3652,5037.26,6,2011-03,9,United Kingdom,Champions
3653,100.80,1,2011-09,72,United Kingdom,Developing
3654,10706.01,25,2010-12,1,United Kingdom,Champions
3655,512.76,3,2011-05,129,United Kingdom,At risk (rule-based)
3656,265.76,2,2010-12,33,United Kingdom,Developing
3657,403.30,1,2011-01,314,United Kingdom,Dormant (rule-based)
3658,365.76,2,2011-11,19,United Kingdom,Recent buyers
3659,303.16,1,2011-09,89,United Kingdom,Developing
3660,2361.66,7,2011-09,3,United Kingdom,Champions
3661,216.30,2,2011-04,2,United Kingdom,Recent buyers
3662,388.45,1,2011-03,254,United Kingdom,Dormant (rule-based)
3663,84.42,3,2011-04,157,United Kingdom,At risk (rule-based)
3664,2248.56,6,2011-02,37,United Kingdom,Loyal active
3665,2328.62,2,2011-06,152,Canada,Dormant (rule-based)
3666,120.90,2,2011-02,177,United Kingdom,Dormant (rule-based)
3667,541.53,2,2011-09,41,United Kingdom,Developing
3668,2517.86,7,2010-12,3,United Kingdom,Champions
3669,17263.46,20,2010-12,11,United Kingdom,Champions
3670,1721.40,7,2011-08,2,United Kingdom,Champions
3671,486.72,2,2011-10,18,United Kingdom,Recent buyers
3672,517.53,4,2010-12,193,United Kingdom,At risk (rule-based)
3673,131.70,1,2011-05,204,United Kingdom,Dormant (rule-based)
3674,249.86,1,2010-12,366,United Kingdom,Dormant (rule-based)
3675,830.50,4,2011-01,127,United Kingdom,At risk (rule-based)
3676,316.50,1,2011-11,16,United Kingdom,Recent buyers
3677,627.06,2,2011-10,44,United Kingdom,Developing
3678,622.43,6,2010-12,95,United Kingdom,At risk (rule-based)
3679,757.46,3,2011-11,23,United Kingdom,Recent buyers
3680,675.69,2,2011-02,61,United Kingdom,Developing
3681,1896.41,5,2011-01,17,United Kingdom,Champions
3682,248.20,1,2011-07,159,United Kingdom,Dormant (rule-based)
3683,763.28,2,2011-09,11,United Kingdom,Recent buyers
3684,137.00,2,2011-11,11,United Kingdom,Recent buyers
3685,1870.97,5,2011-05,17,United Kingdom,Champions
3686,1066.75,5,2010-12,45,United Kingdom,Loyal active
3687,710.29,3,2011-02,192,United Kingdom,At risk (rule-based)
3688,194.37,1,2011-09,80,United Kingdom,Developing
3689,511.82,1,2011-09,78,United Kingdom,Developing
3690,1191.03,4,2011-09,4,United Kingdom,Recent buyers
3691,414.04,3,2011-06,66,United Kingdom,Developing
3692,396.87,1,2011-03,262,United Kingdom,Dormant (rule-based)
3693,376.64,2,2011-05,59,United Kingdom,Developing
3694,1788.24,7,2011-06,1,United Kingdom,Champions
3695,2882.91,10,2010-12,2,United Kingdom,Champions
3696,374.57,1,2011-04,249,United Kingdom,Dormant (rule-based)
3697,497.56,2,2011-11,8,United Kingdom,Recent buyers
3698,271.05,1,2010-12,359,United Kingdom,Dormant (rule-based)
3699,235.74,1,2011-09,76,United Kingdom,Developing
3700,622.88,1,2011-02,290,United Kingdom,Dormant (rule-based)
3701,1138.00,3,2011-11,18,United Kingdom,Recent buyers
3702,288.60,2,2011-05,221,United Kingdom,Dormant (rule-based)
3703,689.10,4,2011-11,10,United Kingdom,Recent buyers
3704,558.96,2,2011-11,3,United Kingdom,Recent buyers
3705,2860.15,9,2011-01,207,United Kingdom,At risk (rule-based)
3706,1145.84,2,2011-05,162,United Kingdom,Dormant (rule-based)
3707,302.20,1,2011-09,76,United Kingdom,Developing
3708,605.58,2,2011-02,262,United Kingdom,Dormant (rule-based)
3709,387.31,1,2011-03,281,Greece,Dormant (rule-based)
3710,6115.14,8,2011-10,58,United Kingdom,Loyal active
3711,308.48,1,2011-11,25,United Kingdom,Recent buyers
3712,34569.30,29,2010-12,3,United Kingdom,Champions
3713,1921.31,9,2011-02,29,United Kingdom,Champions
3714,409.20,1,2011-09,73,United Kingdom,Developing
3715,208.65,1,2011-08,129,United Kingdom,Dormant (rule-based)
3716,639.02,4,2011-01,32,United Kingdom,Developing
3717,768.08,5,2011-02,16,United Kingdom,Champions
3718,153.94,1,2011-02,309,United Kingdom,Dormant (rule-based)
3719,1723.90,6,2010-12,18,United Kingdom,Champions
3720,546.81,1,2011-10,54,United Kingdom,Developing
3721,723.21,3,2011-05,30,United Kingdom,Recent buyers
3722,1066.15,5,2011-05,2,United Kingdom,Champions
3723,314.28,2,2011-11,12,United Kingdom,Recent buyers
3724,145.00,1,2010-12,362,United Kingdom,Dormant (rule-based)
3725,422.70,1,2010-12,360,United Kingdom,Dormant (rule-based)
3726,1195.90,4,2010-12,5,United Kingdom,Recent buyers
3727,939.37,4,2011-05,54,United Kingdom,Developing
3728,3628.50,8,2011-09,2,United Kingdom,Champions
3729,2354.49,10,2010-12,2,United Kingdom,Champions
3730,296.70,1,2011-06,191,United Kingdom,Dormant (rule-based)
3731,223.36,1,2011-10,54,United Kingdom,Developing
3732,164.40,1,2011-03,281,United Kingdom,Dormant (rule-based)
3733,76.50,1,2011-06,178,United Kingdom,Dormant (rule-based)
3734,897.62,2,2011-02,30,United Kingdom,Recent buyers
3735,98.42,1,2011-11,26,United Kingdom,Recent buyers
3736,578.90,2,2011-01,25,United Kingdom,Recent buyers
3737,170.75,1,2011-03,270,United Kingdom,Dormant (rule-based)
3738,645.66,3,2011-10,44,United Kingdom,Developing
3739,103.30,1,2011-04,234,United Kingdom,Dormant (rule-based)
3740,120.78,2,2011-10,24,United Kingdom,Recent buyers
3741,267.16,3,2011-04,198,United Kingdom,At risk (rule-based)
3742,306.84,1,2010-12,360,United Kingdom,Dormant (rule-based)
3743,930.41,4,2010-12,61,United Kingdom,Developing
3744,237.60,1,2011-08,130,United Kingdom,Dormant (rule-based)
3745,1673.13,5,2011-07,2,United Kingdom,Champions
3746,483.26,2,2011-01,20,United Kingdom,Recent buyers
3747,82.90,1,2011-05,206,United Kingdom,Dormant (rule-based)
3748,541.46,3,2011-09,15,United Kingdom,Recent buyers
3749,691.75,4,2011-02,95,United Kingdom,At risk (rule-based)
3750,167.62,1,2011-11,20,United Kingdom,Recent buyers
3751,1101.50,7,2011-06,15,United Kingdom,Champions
3752,454.01,3,2011-09,25,United Kingdom,Recent buyers
3753,901.21,2,2011-11,9,United Kingdom,Recent buyers
3754,3376.60,8,2010-12,8,United Kingdom,Champions
3755,344.14,1,2011-01,333,United Kingdom,Dormant (rule-based)
3756,1496.18,4,2011-02,51,United Kingdom,Developing
3757,226.75,4,2010-12,72,United Kingdom,Developing
3758,380.60,3,2011-09,30,United Kingdom,Recent buyers
3759,185.65,1,2011-04,243,United Kingdom,Dormant (rule-based)
3760,3622.68,19,2010-12,9,United Kingdom,Champions
3761,143.46,1,2011-05,219,United Kingdom,Dormant (rule-based)
3762,448.90,3,2011-06,5,United Kingdom,Recent buyers
3763,212.77,3,2010-12,253,United Kingdom,At risk (rule-based)
3764,11045.04,25,2010-12,1,United Kingdom,Champions
3765,175.27,1,2011-04,237,United Kingdom,Dormant (rule-based)
3766,1242.30,2,2011-08,8,United Kingdom,Recent buyers
3767,1107.39,4,2011-01,110,United Kingdom,At risk (rule-based)
3768,684.96,2,2011-04,101,United Kingdom,Dormant (rule-based)
3769,2387.80,4,2011-04,61,United Kingdom,Developing
3770,1469.33,3,2011-10,3,United Kingdom,Recent buyers
3771,2225.97,7,2010-12,74,United Kingdom,Loyal active
3772,3794.50,5,2010-12,4,United Kingdom,Champions
3773,993.18,2,2011-03,86,United Kingdom,Developing
3774,388.79,2,2011-11,13,United Kingdom,Recent buyers
3775,1976.14,7,2010-12,24,United Kingdom,Champions
3776,1983.89,1,2011-05,214,United Kingdom,Dormant (rule-based)
3777,161.67,1,2011-11,18,United Kingdom,Recent buyers
3778,116.01,1,2011-04,240,United Kingdom,Dormant (rule-based)
3779,4689.57,6,2011-01,3,United Kingdom,Champions
3780,394.72,1,2011-09,79,United Kingdom,Developing
3781,309.36,2,2011-01,218,United Kingdom,Dormant (rule-based)
3782,193.42,2,2011-11,34,United Kingdom,Developing
3783,1104.72,5,2011-01,41,United Kingdom,Loyal active
3784,3969.10,15,2010-12,8,United Kingdom,Champions
3785,1857.77,6,2011-02,54,United Kingdom,Loyal active
3786,4434.35,14,2011-02,23,United Kingdom,Champions
3787,390.07,1,2011-10,58,United Kingdom,Developing
3788,329.60,3,2011-05,131,United Kingdom,At risk (rule-based)
3789,81.60,1,2011-03,255,United Kingdom,Dormant (rule-based)
3790,971.58,3,2010-12,6,United Kingdom,Recent buyers
3791,218.52,1,2011-01,313,United Kingdom,Dormant (rule-based)
3792,81.44,1,2011-10,60,United Kingdom,Developing
3793,1379.90,3,2010-12,22,United Kingdom,Recent buyers
3794,527.05,1,2011-11,33,United Kingdom,Developing
3795,843.48,2,2011-05,15,United Kingdom,Recent buyers
3796,2047.00,4,2011-03,19,United Kingdom,Recent buyers
3797,75.75,1,2011-09,82,United Kingdom,Developing
3798,1811.24,8,2010-12,6,United Kingdom,Champions
3799,503.60,2,2011-04,170,United Kingdom,Dormant (rule-based)
3800,528.33,3,2011-04,2,United Kingdom,Recent buyers
3801,1324.84,4,2011-08,32,United Kingdom,Developing
3802,2361.97,9,2011-01,37,United Kingdom,Loyal active
3803,285.56,1,2011-11,20,United Kingdom,Recent buyers
3804,547.06,2,2011-08,32,United Kingdom,Developing
3805,108.50,1,2011-03,277,United Kingdom,Dormant (rule-based)
3806,114.30,1,2011-09,87,United Kingdom,Developing
3807,712.29,2,2011-06,120,United Kingdom,Dormant (rule-based)
3808,101.55,1,2010-12,374,United Kingdom,Dormant (rule-based)
3809,2895.64,11,2011-03,2,United Kingdom,Champions
3810,1008.39,3,2010-12,220,United Kingdom,At risk (rule-based)
3811,133.06,1,2011-10,66,United Kingdom,Developing
3812,1797.50,4,2011-04,61,United Kingdom,Developing
3813,868.49,1,2011-07,139,United Kingdom,Dormant (rule-based)
3814,166.08,1,2011-11,22,United Kingdom,Recent buyers
3815,3853.40,10,2011-06,12,United Kingdom,Champions
3816,4729.48,12,2011-03,26,United Kingdom,Champions
3817,751.32,4,2011-08,37,United Kingdom,Developing
3818,117.55,1,2011-03,278,United Kingdom,Dormant (rule-based)
3819,2571.74,7,2010-12,11,United Kingdom,Champions
3820,1644.93,5,2011-08,74,United Kingdom,Loyal active
3821,493.90,2,2011-05,26,United Kingdom,Recent buyers
3822,2971.62,12,2010-12,18,United Kingdom,Champions
3823,196.00,1,2011-07,142,United Kingdom,Dormant (rule-based)
3824,1802.91,7,2011-02,26,United Kingdom,Champions
3825,604.64,2,2011-05,19,United Kingdom,Recent buyers
3826,431.16,2,2011-10,4,United Kingdom,Recent buyers
3827,2055.51,5,2011-02,67,United Kingdom,Loyal active
3828,347.75,2,2011-11,2,United Kingdom,Recent buyers
3829,1974.72,7,2011-04,43,United Kingdom,Loyal active
3830,205.70,1,2011-04,228,United Kingdom,Dormant (rule-based)
3831,1340.71,4,2010-12,16,United Kingdom,Recent buyers
3832,2926.17,2,2011-02,51,United Kingdom,Developing
3833,1614.72,6,2011-01,2,United Kingdom,Champions
3834,294.72,2,2010-12,75,United Kingdom,Developing
3835,19886.60,31,2010-12,2,United Kingdom,Champions
3836,1387.68,6,2010-12,5,United Kingdom,Champions
3837,5184.75,25,2010-12,2,United Kingdom,Champions
3838,298.11,1,2011-03,264,United Kingdom,Dormant (rule-based)
3839,1941.71,2,2011-09,53,United Kingdom,Developing
3840,184.40,1,2011-11,24,United Kingdom,Recent buyers
3841,2474.33,6,2010-12,11,United Kingdom,Champions
3842,239.41,1,2011-10,44,United Kingdom,Developing
3843,2756.53,7,2010-12,17,United Kingdom,Champions
3844,5739.46,7,2011-02,8,United Kingdom,Champions
3845,4757.95,15,2010-12,31,United Kingdom,Loyal active
3846,290.40,2,2010-12,359,United Kingdom,Dormant (rule-based)
3847,725.58,4,2010-12,128,United Kingdom,At risk (rule-based)
3848,200.47,1,2011-07,138,United Kingdom,Dormant (rule-based)
3849,283.12,1,2011-07,142,United Kingdom,Dormant (rule-based)
3850,747.10,2,2011-06,132,United Kingdom,Dormant (rule-based)
3851,2270.59,8,2010-12,39,United Kingdom,Loyal active
3852,338.95,1,2011-04,237,United Kingdom,Dormant (rule-based)
3853,154.95,1,2011-03,261,United Kingdom,Dormant (rule-based)
3854,2534.64,4,2011-03,17,United Kingdom,Recent buyers
3855,417.95,1,2011-04,253,United Kingdom,Dormant (rule-based)
3856,1108.37,4,2011-05,31,United Kingdom,Developing
3857,798.74,3,2011-07,36,United Kingdom,Developing
3858,885.19,2,2011-04,169,United Kingdom,Dormant (rule-based)
3859,1823.52,9,2011-02,4,United Kingdom,Champions
3860,10504.49,17,2010-12,5,United Kingdom,Champions
3861,50.40,2,2011-01,186,United Kingdom,Dormant (rule-based)
3862,267.08,2,2011-01,188,United Kingdom,Dormant (rule-based)
3863,137.45,1,2011-06,170,United Kingdom,Dormant (rule-based)
3864,385.10,2,2011-02,11,United Kingdom,Recent buyers
3865,522.91,1,2011-10,45,United Kingdom,Developing
3866,153.00,1,2011-01,321,United Kingdom,Dormant (rule-based)
3867,5655.99,11,2011-03,23,United Kingdom,Champions
3868,139.35,1,2011-04,233,United Kingdom,Dormant (rule-based)
3869,5226.84,15,2011-03,38,United Kingdom,Loyal active
3870,1195.94,4,2010-12,27,United Kingdom,Recent buyers
3871,2118.04,4,2010-12,97,United Kingdom,At risk (rule-based)
3872,371.40,2,2011-05,173,United Kingdom,Dormant (rule-based)
3873,1033.00,3,2011-07,72,United Kingdom,Developing
3874,3439.08,11,2011-03,17,United Kingdom,Champions
3875,1060.25,1,2011-11,16,United Kingdom,Recent buyers
3876,2876.01,3,2011-09,4,United Kingdom,Recent buyers
3877,5298.48,13,2011-01,4,United Kingdom,Champions
3878,1240.11,4,2011-06,80,United Kingdom,Developing
3879,303.97,1,2010-12,373,United Kingdom,Dormant (rule-based)
3880,692.19,2,2011-03,39,United Kingdom,Developing
3881,700.63,3,2011-04,54,United Kingdom,Developing
3882,13004.90,19,2010-12,3,United Kingdom,Champions
3883,377.44,3,2011-08,10,United Kingdom,Recent buyers
3884,168.24,2,2011-10,10,United Kingdom,Recent buyers
3885,1879.05,4,2011-03,20,United Kingdom,Recent buyers
3886,2447.91,7,2010-12,12,United Kingdom,Champions
3887,355.11,2,2011-01,114,United Kingdom,Dormant (rule-based)
3888,2127.52,6,2010-12,4,United Kingdom,Champions
3889,110.25,1,2011-04,241,United Kingdom,Dormant (rule-based)
3890,71.40,1,2011-08,113,United Kingdom,Dormant (rule-based)
3891,674.52,2,2011-03,179,United Kingdom,Dormant (rule-based)
3892,1559.52,9,2011-06,6,United Kingdom,Champions
3893,1168.78,5,2011-03,1,United Kingdom,Champions
3894,5349.34,30,2010-12,2,United Kingdom,Champions
3895,3456.70,8,2011-04,20,United Kingdom,Champions
3896,768.22,3,2011-06,18,United Kingdom,Recent buyers
3897,257.35,2,2010-12,22,United Kingdom,Recent buyers
3898,712.78,1,2011-11,33,United Kingdom,Developing
3899,15.00,1,2011-03,264,United Kingdom,Dormant (rule-based)
3900,818.82,2,2011-05,51,United Kingdom,Developing
3901,371.88,3,2011-03,159,United Kingdom,At risk (rule-based)
3902,271.20,1,2011-11,16,United Kingdom,Recent buyers
3903,2198.18,3,2011-06,9,United Kingdom,Recent buyers
3904,3997.98,10,2011-01,13,United Kingdom,Champions
3905,1143.27,5,2011-03,199,United Kingdom,At risk (rule-based)
3906,245.33,2,2011-01,57,United Kingdom,Developing
3907,182.77,2,2011-11,11,United Kingdom,Recent buyers
3908,1225.41,4,2011-02,97,United Kingdom,At risk (rule-based)
3909,56.40,1,2011-03,255,United Kingdom,Dormant (rule-based)
3910,665.86,3,2011-08,25,United Kingdom,Recent buyers
3911,658.57,3,2011-07,22,United Kingdom,Recent buyers
3912,188.02,2,2011-03,160,United Kingdom,Dormant (rule-based)
3913,283.47,2,2011-04,73,United Kingdom,Developing
3914,131.94,1,2011-10,54,United Kingdom,Developing
3915,278.74,2,2011-01,86,United Kingdom,Developing
3916,1865.19,4,2010-12,153,United Kingdom,At risk (rule-based)
3917,11.75,1,2011-08,130,United Kingdom,Dormant (rule-based)
3918,225.90,1,2011-03,282,United Kingdom,Dormant (rule-based)
3919,1965.55,14,2010-12,27,United Kingdom,Champions
3920,106.10,1,2011-11,30,United Kingdom,Recent buyers
3921,264.72,1,2011-11,26,United Kingdom,Recent buyers
3922,350.39,2,2011-03,180,United Kingdom,Dormant (rule-based)
3923,697.90,4,2010-12,41,United Kingdom,Developing
3924,780.43,3,2011-06,23,United Kingdom,Recent buyers
3925,3055.93,10,2010-12,23,United Kingdom,Champions
3926,1198.01,9,2011-01,38,United Kingdom,Loyal active
3927,1285.04,3,2010-12,83,United Kingdom,Developing
3928,297.75,1,2011-09,74,United Kingdom,Developing
3929,532.36,1,2011-11,12,United Kingdom,Recent buyers
3930,3683.65,10,2010-12,17,United Kingdom,Champions
3931,7061.83,39,2011-01,5,United Kingdom,Champions
3932,732.16,4,2010-12,13,United Kingdom,Recent buyers
3933,1770.88,5,2011-09,15,United Kingdom,Champions
3934,36.56,4,2010-12,37,United Kingdom,Developing
3935,387.68,3,2011-03,5,United Kingdom,Recent buyers
3936,3704.87,7,2010-12,72,United Kingdom,Loyal active
3937,256.64,1,2011-10,52,United Kingdom,Developing
3938,1995.46,5,2010-12,6,United Kingdom,Champions
3939,1165.09,4,2011-06,23,Malta,Recent buyers
3940,781.24,1,2011-02,299,United Arab Emirates,Dormant (rule-based)
3941,398.70,3,2011-02,2,United Kingdom,Recent buyers
3942,35.40,1,2011-11,34,United Kingdom,Developing
3943,155.37,1,2011-10,50,United Kingdom,Developing
3944,303.84,3,2011-11,3,United Kingdom,Recent buyers
3945,109.83,1,2011-10,48,United Kingdom,Developing
3946,1587.48,8,2011-06,43,United Kingdom,Loyal active
3947,2654.50,5,2010-12,27,United Kingdom,Champions
3948,338.80,1,2011-10,43,United Kingdom,Developing
3949,40445.74,124,2010-12,2,United Kingdom,Champions
3950,197.73,1,2011-02,304,United Kingdom,Dormant (rule-based)
3951,51.56,1,2011-08,107,Canada,Dormant (rule-based)
3952,752.48,8,2010-12,82,United Kingdom,Loyal active
3953,605.80,4,2011-01,219,United Kingdom,At risk (rule-based)
3954,5391.21,34,2010-12,373,United Kingdom,At risk (rule-based)
3955,114.34,2,2011-11,12,United Kingdom,Recent buyers
3956,311.26,2,2011-04,186,United Kingdom,Dormant (rule-based)
3957,208.97,1,2010-12,373,United Kingdom,Dormant (rule-based)
3958,417.23,3,2011-03,2,United Kingdom,Recent buyers
3959,78.00,2,2010-12,267,United Kingdom,Dormant (rule-based)
3960,3523.66,10,2010-12,6,United Kingdom,Champions
3961,148.21,1,2011-02,305,United Kingdom,Dormant (rule-based)
3962,252.80,1,2010-12,369,United Kingdom,Dormant (rule-based)
3963,2092.16,8,2011-01,4,United Kingdom,Champions
3964,330.90,1,2011-01,324,United Kingdom,Dormant (rule-based)
3965,3066.40,6,2010-12,60,United Kingdom,Loyal active
3966,597.50,3,2011-03,13,United Kingdom,Recent buyers
3967,9237.10,20,2010-12,31,United Kingdom,Loyal active
3968,254.65,1,2011-07,143,United Kingdom,Dormant (rule-based)
3969,635.50,6,2011-02,31,United Kingdom,Loyal active
3970,428.18,5,2010-12,108,United Kingdom,At risk (rule-based)
3971,1542.45,11,2011-07,3,United Kingdom,Champions
3972,155.90,1,2011-05,205,United Kingdom,Dormant (rule-based)
3973,1729.78,5,2010-12,81,United Kingdom,Loyal active
3974,683.46,6,2011-03,186,United Kingdom,At risk (rule-based)
3975,237.61,1,2011-06,171,United Kingdom,Dormant (rule-based)
3976,349.21,1,2011-10,44,United Kingdom,Developing
3977,178.52,1,2011-06,174,United Kingdom,Dormant (rule-based)
3978,458.92,1,2010-12,365,United Kingdom,Dormant (rule-based)
3979,133.35,1,2011-02,305,United Kingdom,Dormant (rule-based)
3980,671.77,4,2011-04,4,United Kingdom,Recent buyers
3981,707.85,4,2010-12,4,United Kingdom,Recent buyers
3982,190.19,1,2011-11,13,United Kingdom,Recent buyers
3983,681.81,3,2011-04,32,United Kingdom,Developing
3984,111.35,1,2011-08,130,United Kingdom,Dormant (rule-based)
3985,622.73,7,2010-12,39,United Kingdom,Loyal active
3986,203.87,2,2011-01,213,United Kingdom,Dormant (rule-based)
3987,602.09,2,2010-12,323,United Kingdom,Dormant (rule-based)
3988,203.86,1,2011-06,163,United Kingdom,Dormant (rule-based)
3989,244.10,3,2011-07,57,United Kingdom,Developing
3990,112.25,1,2011-04,226,United Kingdom,Dormant (rule-based)
3991,1119.39,8,2010-12,72,United Kingdom,Loyal active
3992,98.00,1,2011-10,45,United Kingdom,Developing
3993,566.60,3,2010-12,173,United Kingdom,At risk (rule-based)
3994,152.06,2,2011-05,86,United Kingdom,Developing
3995,155.80,1,2011-07,160,United Kingdom,Dormant (rule-based)
3996,112.20,2,2011-06,191,United Kingdom,Dormant (rule-based)
3997,110.38,1,2011-11,30,United Kingdom,Recent buyers
3998,191.67,1,2011-11,22,United Kingdom,Recent buyers
3999,440.49,3,2010-12,157,United Kingdom,At risk (rule-based)
4000,72.90,1,2011-04,248,United Kingdom,Dormant (rule-based)
4001,243.28,1,2010-12,374,United Kingdom,Dormant (rule-based)
4002,366.23,1,2011-11,10,United Kingdom,Recent buyers
4003,311.01,5,2010-12,311,United Kingdom,At risk (rule-based)
4004,411.60,2,2010-12,59,United Kingdom,Developing
4005,308.59,1,2011-12,4,United Kingdom,Recent buyers
4006,341.28,3,2010-12,46,United Kingdom,Developing
4007,1229.16,1,2011-09,89,United Kingdom,Developing
4008,4131.72,17,2010-12,5,United Kingdom,Champions
4009,826.52,4,2011-03,65,United Kingdom,Developing
4010,207.50,1,2011-03,283,United Kingdom,Dormant (rule-based)
4011,2454.90,6,2010-12,12,United Kingdom,Champions
4012,397.29,2,2011-05,134,United Kingdom,Dormant (rule-based)
4013,184.46,2,2011-04,46,United Kingdom,Developing
4014,843.00,4,2011-02,12,United Kingdom,Recent buyers
4015,1394.88,5,2011-04,36,United Kingdom,Loyal active
4016,338.40,2,2011-03,135,United Kingdom,Dormant (rule-based)
4017,1331.57,3,2011-05,30,United Kingdom,Recent buyers
4018,599.25,2,2011-10,52,United Kingdom,Developing
4019,142.89,2,2011-07,139,United Kingdom,Dormant (rule-based)
4020,389.84,1,2011-12,6,United Kingdom,Recent buyers
4021,3712.38,7,2010-12,9,United Kingdom,Champions
4022,99.14,1,2011-07,160,United Kingdom,Dormant (rule-based)
4023,77.50,1,2011-12,8,United Kingdom,Recent buyers
4024,149.58,2,2011-03,234,United Kingdom,Dormant (rule-based)
4025,176.68,1,2011-11,38,United Kingdom,Developing
4026,1715.82,8,2011-05,8,United Kingdom,Champions
4027,482.20,3,2010-12,73,United Kingdom,Developing
4028,653.34,3,2010-12,40,United Kingdom,Developing
4029,2211.76,12,2010-12,6,United Kingdom,Champions
4030,394.10,3,2011-05,219,United Kingdom,At risk (rule-based)
4031,12.75,1,2011-04,250,United Kingdom,Dormant (rule-based)
4032,108.62,1,2011-10,67,United Kingdom,Developing
4033,508.46,1,2011-08,117,United Kingdom,Dormant (rule-based)
4034,73.78,1,2011-06,172,United Kingdom,Dormant (rule-based)
4035,1296.44,39,2010-12,22,United Kingdom,Champions
4036,102.83,1,2011-07,143,United Kingdom,Dormant (rule-based)
4037,471.70,2,2010-12,32,United Kingdom,Developing
4038,2622.57,14,2010-12,38,United Kingdom,Loyal active
4039,520.93,4,2011-03,152,United Kingdom,At risk (rule-based)
4040,123.07,1,2010-12,372,United Kingdom,Dormant (rule-based)
4041,277.35,1,2010-12,374,United Kingdom,Dormant (rule-based)
4042,128.00,2,2010-12,167,United Kingdom,Dormant (rule-based)
4043,480.59,1,2011-05,212,United Kingdom,Dormant (rule-based)
4044,136.04,1,2011-04,242,United Kingdom,Dormant (rule-based)
4045,337.04,1,2011-10,52,United Kingdom,Developing
4046,740.79,3,2011-05,25,United Kingdom,Recent buyers
4047,4485.51,13,2010-12,16,United Kingdom,Champions
4048,353.19,1,2010-12,373,United Kingdom,Dormant (rule-based)
4049,260.30,1,2011-11,30,United Kingdom,Recent buyers
4050,145.40,1,2010-12,366,United Kingdom,Dormant (rule-based)
4051,754.31,4,2011-03,36,United Kingdom,Developing
4052,461.05,3,2010-12,166,United Kingdom,At risk (rule-based)
4053,152.68,1,2011-07,146,United Kingdom,Dormant (rule-based)
4054,634.95,1,2011-11,23,United Kingdom,Recent buyers
4055,20.80,1,2011-10,57,United Kingdom,Developing
4056,198.57,1,2011-06,186,United Kingdom,Dormant (rule-based)
4057,201.12,7,2011-01,12,United Kingdom,Champions
4058,630.84,3,2010-12,237,United Kingdom,At risk (rule-based)
4059,93.35,2,2011-04,226,United Kingdom,Dormant (rule-based)
4060,603.49,4,2011-02,122,United Kingdom,At risk (rule-based)
4061,23.60,1,2011-03,282,United Kingdom,Dormant (rule-based)
4062,1915.47,8,2011-06,75,United Kingdom,Loyal active
4063,382.06,2,2010-12,38,United Kingdom,Developing
4064,417.23,2,2011-09,13,United Kingdom,Recent buyers
4065,169.47,1,2010-12,363,United Kingdom,Dormant (rule-based)
4066,249.72,2,2011-10,4,United Kingdom,Recent buyers
4067,344.68,1,2011-11,24,United Kingdom,Recent buyers
4068,298.09,5,2011-01,71,United Kingdom,Loyal active
4069,257.34,1,2011-04,236,United Kingdom,Dormant (rule-based)
4070,174.80,1,2011-03,257,United Kingdom,Dormant (rule-based)
4071,102.79,1,2010-12,374,United Kingdom,Dormant (rule-based)
4072,187.29,2,2011-07,156,United Kingdom,Dormant (rule-based)
4073,158.47,1,2011-11,29,United Kingdom,Recent buyers
4074,120.03,1,2011-12,5,United Kingdom,Recent buyers
4075,1352.52,5,2010-12,33,United Kingdom,Loyal active
4076,122.14,2,2011-05,109,United Kingdom,Dormant (rule-based)
4077,38.45,1,2011-10,52,United Kingdom,Developing
4078,636.97,1,2011-11,36,United Kingdom,Developing
4079,299.78,2,2011-07,153,United Kingdom,Dormant (rule-based)
4080,115.31,1,2011-09,99,United Kingdom,Dormant (rule-based)
4081,230.65,2,2011-10,5,United Kingdom,Recent buyers
4082,73.50,1,2011-01,335,United Kingdom,Dormant (rule-based)
4083,93.97,1,2011-10,66,United Kingdom,Developing
4084,422.88,2,2011-11,22,United Kingdom,Recent buyers
4085,730.40,3,2011-10,36,United Kingdom,Developing
4086,405.62,3,2011-04,33,United Kingdom,Developing
4087,70.02,6,2010-12,155,United Kingdom,At risk (rule-based)
4088,357.20,2,2011-04,20,United Kingdom,Recent buyers
4089,3859.03,21,2010-12,12,United Kingdom,Champions
4090,165.05,1,2011-10,54,United Kingdom,Developing
4091,559.51,3,2010-12,25,United Kingdom,Recent buyers
4092,2088.60,10,2010-12,5,United Kingdom,Champions
4093,189.40,1,2011-10,46,United Kingdom,Developing
4094,95.97,2,2011-05,204,United Kingdom,Dormant (rule-based)
4095,74.40,1,2010-12,360,United Kingdom,Dormant (rule-based)
4096,300.02,1,2011-09,71,United Kingdom,Developing
4097,6784.19,10,2010-12,8,United Kingdom,Champions
4098,363.65,1,2011-02,289,United Kingdom,Dormant (rule-based)
4099,170.16,1,2011-11,10,United Kingdom,Recent buyers
4100,306.46,3,2011-10,24,United Kingdom,Recent buyers
4101,1706.13,10,2010-12,22,United Kingdom,Champions
4102,720.52,3,2011-01,174,United Kingdom,At risk (rule-based)
4103,48.00,1,2011-07,134,United Kingdom,Dormant (rule-based)
4104,2392.83,14,2010-12,6,United Kingdom,Champions
4105,318.00,1,2011-09,76,United Kingdom,Developing
4106,396.33,1,2011-10,41,United Kingdom,Developing
4107,101.70,1,2011-02,290,United Kingdom,Dormant (rule-based)
4108,2036.67,5,2011-01,27,United Kingdom,Champions
4109,453.00,2,2010-12,258,United Kingdom,Dormant (rule-based)
4110,247.44,1,2011-06,186,United Kingdom,Dormant (rule-based)
4111,1251.20,11,2011-05,115,United Kingdom,At risk (rule-based)
4112,489.60,1,2010-12,374,United Kingdom,Dormant (rule-based)
4113,2611.75,10,2010-12,24,United Kingdom,Champions
4114,2633.01,11,2010-12,9,United Kingdom,Champions
4115,336.13,2,2011-03,218,United Kingdom,Dormant (rule-based)
4116,1377.43,4,2011-04,46,United Kingdom,Developing
4117,343.45,3,2011-07,37,United Kingdom,Developing
4118,703.37,1,2011-11,26,United Kingdom,Recent buyers
4119,689.95,2,2010-12,331,United Kingdom,Dormant (rule-based)
4120,101.34,1,2011-03,275,United Kingdom,Dormant (rule-based)
4121,167.67,1,2011-10,62,United Kingdom,Developing
4122,6725.86,10,2010-12,3,United Kingdom,Champions
4123,1490.80,4,2011-02,94,United Kingdom,At risk (rule-based)
4124,2231.66,6,2011-02,82,United Kingdom,Loyal active
4125,509.85,2,2011-01,313,United Kingdom,Dormant (rule-based)
4126,905.71,3,2011-10,12,United Kingdom,Recent buyers
4127,2568.56,6,2010-12,8,United Kingdom,Champions
4128,168.31,1,2011-08,128,United Kingdom,Dormant (rule-based)
4129,223.65,2,2011-07,12,United Kingdom,Recent buyers
4130,15726.55,24,2010-12,2,United Kingdom,Champions
4131,754.64,1,2011-11,38,United Kingdom,Developing
4132,113.48,1,2011-11,38,United Kingdom,Developing
4133,430.70,1,2011-01,330,United Kingdom,Dormant (rule-based)
4134,271.00,1,2011-03,255,United Kingdom,Dormant (rule-based)
4135,7114.09,26,2010-12,2,United Kingdom,Champions
4136,236.30,1,2011-11,20,United Kingdom,Recent buyers
4137,315.97,2,2011-06,13,United Kingdom,Recent buyers
4138,220.10,1,2011-02,291,United Kingdom,Dormant (rule-based)
4139,1369.97,8,2010-12,68,United Kingdom,Loyal active
4140,286.59,1,2011-11,26,United Kingdom,Recent buyers
4141,5492.30,26,2010-12,11,United Kingdom,Champions
4142,181.12,1,2010-12,368,United Kingdom,Dormant (rule-based)
4143,111.15,1,2011-05,215,United Kingdom,Dormant (rule-based)
4144,673.10,2,2011-07,150,United Kingdom,Dormant (rule-based)
4145,1824.99,6,2011-07,9,United Kingdom,Champions
4146,477.60,2,2011-11,25,United Kingdom,Recent buyers
4147,1142.99,4,2011-01,30,United Kingdom,Recent buyers
4148,204.09,1,2011-10,61,United Kingdom,Developing
4149,348.73,3,2011-07,20,United Kingdom,Recent buyers
4150,112.55,1,2011-04,244,United Kingdom,Dormant (rule-based)
4151,1059.39,3,2011-10,16,United Kingdom,Recent buyers
4152,433.75,4,2011-06,30,United Kingdom,Recent buyers
4153,784.33,3,2011-01,64,United Kingdom,Developing
4154,152.65,1,2011-02,296,United Kingdom,Dormant (rule-based)
4155,5489.46,6,2011-11,18,United Kingdom,Champions
4156,366.24,2,2011-05,158,United Kingdom,Dormant (rule-based)
4157,1000.16,2,2011-07,117,United Kingdom,Dormant (rule-based)
4158,1458.35,11,2010-12,31,United Kingdom,Loyal active
4159,2833.71,4,2011-01,13,United Kingdom,Recent buyers
4160,160.35,2,2011-05,141,United Kingdom,Dormant (rule-based)
4161,147.84,2,2011-08,46,United Kingdom,Developing
4162,476.88,3,2011-03,51,United Kingdom,Developing
4163,566.58,3,2011-05,33,United Kingdom,Developing
4164,653.35,2,2011-02,135,United Kingdom,Dormant (rule-based)
4165,399.19,2,2011-10,4,United Kingdom,Recent buyers
4166,371.62,3,2011-02,76,United Kingdom,Developing
4167,734.94,2,2010-12,13,United Kingdom,Recent buyers
4168,453.40,2,2011-09,10,United Kingdom,Recent buyers
4169,530.15,1,2011-02,302,United Kingdom,Dormant (rule-based)
4170,638.06,2,2011-05,58,United Kingdom,Developing
4171,1618.69,5,2011-01,16,United Kingdom,Champions
4172,399.65,1,2011-11,38,United Kingdom,Developing
4173,177.66,1,2011-06,178,United Kingdom,Dormant (rule-based)
4174,1384.86,3,2011-08,24,United Kingdom,Recent buyers
4175,1169.94,6,2010-12,177,United Kingdom,At risk (rule-based)
4176,202.65,1,2011-10,61,United Kingdom,Developing
4177,980.31,3,2011-05,34,United Kingdom,Developing
4178,1231.31,5,2011-01,59,United Kingdom,Loyal active
4179,5680.68,17,2011-02,15,United Kingdom,Champions
4180,1270.08,4,2011-03,87,United Kingdom,Developing
4181,104.00,1,2011-12,8,United Kingdom,Recent buyers
4182,476.35,1,2010-12,359,United Kingdom,Dormant (rule-based)
4183,1341.42,6,2011-03,32,United Kingdom,Loyal active
4184,1590.81,4,2010-12,129,United Kingdom,At risk (rule-based)
4185,1522.69,5,2011-01,10,United Kingdom,Champions
4186,1825.51,6,2011-07,5,United Kingdom,Champions
4187,382.80,1,2011-11,25,United Kingdom,Recent buyers
4188,590.47,2,2011-03,228,United Kingdom,Dormant (rule-based)
4189,304.25,1,2011-04,250,United Kingdom,Dormant (rule-based)
4190,1526.92,3,2011-02,16,United Kingdom,Recent buyers
4191,1090.24,2,2011-03,78,United Kingdom,Developing
4192,284.46,2,2011-01,193,United Kingdom,Dormant (rule-based)
4193,207.80,1,2011-03,262,United Kingdom,Dormant (rule-based)
4194,957.97,1,2011-09,72,United Kingdom,Developing
4195,243.76,1,2011-06,166,United Kingdom,Dormant (rule-based)
4196,26.00,1,2011-09,83,United Kingdom,Developing
4197,689.13,2,2011-02,96,United Kingdom,Dormant (rule-based)
4198,3125.40,17,2011-01,5,United Kingdom,Champions
4199,163.80,1,2011-08,107,United Kingdom,Dormant (rule-based)
4200,1396.99,3,2011-02,200,United Kingdom,At risk (rule-based)
4201,160.42,1,2011-07,158,United Kingdom,Dormant (rule-based)
4202,1993.70,3,2011-05,72,United Kingdom,Developing
4203,517.36,2,2011-09,37,United Kingdom,Developing
4204,139.10,1,2011-11,29,United Kingdom,Recent buyers
4205,2621.38,6,2011-03,2,United Kingdom,Champions
4206,600.07,5,2011-03,26,United Kingdom,Champions
4207,248.42,1,2011-01,327,United Kingdom,Dormant (rule-based)
4208,232.48,1,2011-04,237,United Kingdom,Dormant (rule-based)
4209,299.34,1,2011-09,90,United Kingdom,Developing
4210,481.75,1,2011-11,32,United Kingdom,Developing
4211,575.27,2,2011-09,30,United Kingdom,Recent buyers
4212,359.48,2,2011-03,212,United Kingdom,Dormant (rule-based)
4213,2069.77,10,2010-12,3,United Kingdom,Champions
4214,1041.61,5,2011-05,23,United Kingdom,Champions
4215,430.84,1,2011-09,93,United Kingdom,Dormant (rule-based)
4216,6230.62,14,2010-12,5,United Kingdom,Champions
4217,158.95,1,2011-03,264,United Kingdom,Dormant (rule-based)
4218,5411.68,12,2010-12,4,United Kingdom,Champions
4219,5126.29,11,2011-01,45,United Kingdom,Loyal active
4220,93.75,1,2011-05,218,United Kingdom,Dormant (rule-based)
4221,779.90,2,2011-09,57,United Kingdom,Developing
4222,6430.22,20,2010-12,12,United Kingdom,Champions
4223,2810.20,7,2011-02,10,United Kingdom,Champions
4224,2083.27,5,2011-02,193,United Kingdom,At risk (rule-based)
4225,592.97,4,2011-05,82,United Kingdom,Developing
4226,440.00,1,2011-01,326,United Kingdom,Dormant (rule-based)
4227,1796.48,3,2011-05,72,United Kingdom,Developing
4228,882.24,6,2011-04,30,United Kingdom,Champions
4229,987.10,5,2011-07,3,United Kingdom,Champions
4230,1561.61,5,2010-12,219,United Kingdom,At risk (rule-based)
4231,125.58,1,2011-10,47,United Kingdom,Developing
4232,2073.09,17,2011-05,10,United Kingdom,Champions
4233,2166.25,4,2011-05,73,United Kingdom,Developing
4234,2540.18,7,2010-12,8,United Kingdom,Champions
4235,188.70,2,2011-04,24,United Kingdom,Recent buyers
4236,783.14,2,2011-06,123,United Kingdom,Dormant (rule-based)
4237,95.34,1,2011-11,18,United Kingdom,Recent buyers
4238,349.27,1,2011-02,311,United Kingdom,Dormant (rule-based)
4239,526.67,2,2011-06,51,United Kingdom,Developing
4240,103.30,1,2011-09,90,United Kingdom,Developing
4241,2337.63,8,2011-02,40,United Kingdom,Loyal active
4242,2338.60,3,2010-12,25,United Kingdom,Recent buyers
4243,2602.88,6,2010-12,173,United Kingdom,At risk (rule-based)
4244,324.24,2,2011-09,44,United Kingdom,Developing
4245,149.48,1,2011-07,141,United Kingdom,Dormant (rule-based)
4246,1213.16,3,2011-04,26,United Kingdom,Recent buyers
4247,801.51,2,2011-07,73,United Kingdom,Developing
4248,25.50,1,2011-07,135,United Kingdom,Dormant (rule-based)
4249,168.60,1,2010-12,367,United Kingdom,Dormant (rule-based)
4250,283.15,2,2011-03,39,United Kingdom,Developing
4251,3078.58,6,2011-04,3,United Kingdom,Champions
4252,204.00,3,2011-03,3,United Kingdom,Recent buyers
4253,175.92,1,2011-11,31,United Kingdom,Developing
4254,335.86,1,2011-10,44,United Kingdom,Developing
4255,110.38,1,2011-10,59,United Kingdom,Developing
4256,173.90,1,2011-09,74,United Kingdom,Developing
4257,180.60,1,2011-03,278,United Kingdom,Dormant (rule-based)
4258,80.82,1,2011-06,181,United Kingdom,Dormant (rule-based)
4259,178.05,2,2011-08,8,United Kingdom,Recent buyers
4260,2088.93,16,2011-01,4,United Kingdom,Champions
4261,1750.28,3,2011-05,43,United Kingdom,Developing
