StockCode,Revenue,Units,LineItems,Orders,Description
22423,112370.95,9642,1697,1677,REGENCY CAKESTAND 3 TIER
85123A,51928.21,18675,1930,1873,WHITE HANGING HEART T-LIGHT HOLDER
47566,51068.83,10961,1355,1338,PARTY BUNTING
84879,33697.22,19946,1328,1295,ASSORTED COLOUR BIRD ORNAMENT
85099B,30480.24,14921,1407,1390,JUMBO BAG RED RETROSPOT
23298,30314.15,6373,1014,999,SPOTTY BUNTING
22086,27161.93,9539,976,937,PAPER CHAIN KIT 50'S CHRISTMAS 
79321,26697.15,5346,491,486,CHILLI LIGHTS
22960,25290.97,6281,866,857,JAM MAKING SET WITH JARS
23284,24042.01,3234,643,636,DOORMAT KEEP CALM AND COME IN
22720,23462.32,4900,1144,1131,SET OF 3 CAKE TINS PANTRY DESIGN 
23355,21936.30,4738,738,717,HOT WATER BOTTLE KEEP CALM
22457,21807.72,7524,976,963,NATURAL SLATE HEART CHALKBOARD 
23203,20986.08,10146,1031,1014,JUMBO BAG VINTAGE DOILY 
22112,20870.24,4512,706,692,CHOCOLATE HOT WATER BOTTLE
20685,20359.85,2801,574,571,DOORMAT RED RETROSPOT
22139,19654.78,4056,831,821,RETROSPOT TEA SET CERAMIC 11 PC 
23084,19553.40,10138,774,733,RABBIT NIGHT LIGHT
82484,19236.45,2754,591,589,WOOD BLACK BOARD ANT WHITE FINISH
20725,19155.45,11597,1257,1230,LUNCH BAG RED RETROSPOT
22727,18986.40,5101,893,871,ALARM CLOCK BAKELIKE RED 
22138,18871.45,3907,860,847,BAKING SET 9 PIECE RETROSPOT 
22910,18835.27,6753,691,675,PAPER CHAIN KIT VINTAGE CHRISTMAS
23245,18769.68,4000,716,707,SET OF 3 REGENCY CAKE TINS
22699,18546.70,6654,785,767,ROSES REGENCY TEACUP AND SAUCER 
48138,17665.49,2395,514,510,DOORMAT UNION FLAG
82486,17590.63,2085,569,559,WOOD S/3 CABINET ANT WHITE FINISH
85066,17434.92,1449,453,443,CREAM SWEETHEART MINI CHEST
22726,17215.00,4581,802,783,ALARM CLOCK BAKELIKE GREEN
82494L,16217.47,5730,814,805,WOODEN FRAME ANTIQUE WHITE 
22469,16008.48,10023,961,938,HEART OF WICKER SMALL
21181,15840.76,7829,684,666,PLEASE ONE PERSON METAL SIGN
23209,15814.56,9584,996,973,LUNCH BAG VINTAGE DOILY 
82482,15679.07,6159,868,857,WOODEN PICTURE FRAME WHITE FINISH
21754,15630.96,2654,710,691,HOME BUILDING BLOCK WORD
22697,15603.14,5566,710,682,GREEN REGENCY TEACUP AND SAUCER
22111,15534.75,3283,664,649,SCOTTIE DOG HOT WATER BOTTLE
21621,15308.84,1804,397,386,VINTAGE UNION JACK BUNTING
48187,15215.45,2061,530,524,DOORMAT NEW ENGLAND
21175,15003.12,6217,686,677,GIN + TONIC DIET METAL SIGN
22090,14915.89,5359,557,551,PAPER BUNTING RETROSPOT
22624,14788.33,1783,635,620,IVORY KITCHEN SCALES
22178,14678.33,10222,732,722,VICTORIAN GLASS HANGING T-LIGHT
23173,14515.82,1616,357,350,REGENCY TEAPOT ROSES 
22470,14463.31,5029,806,788,HEART OF WICKER LARGE
22386,14240.59,6985,798,779,JUMBO BAG PINK POLKADOT
20914,14238.38,5018,776,756,SET/5 RED RETROSPOT LID GLASS BOWLS
22961,14074.55,9575,835,828,JAM MAKING SET PRINTED
22383,14040.70,8502,1052,1013,LUNCH BAG SUKI DESIGN 
21843,14032.15,1317,419,417,RED RETROSPOT CAKE STAND
23240,13732.25,3383,493,480,SET OF 4 KNICK KNACK TINS DOILY 
20727,13691.55,8311,1075,1022,LUNCH BAG  BLACK SKULL.
82483,13595.07,2157,519,507,WOOD 2 DRAWER CABINET WHITE FINISH
23202,13494.03,6506,745,735,JUMBO BAG VINTAGE LEAF
22326,13485.12,4692,585,571,ROUND SNACK BOXES SET OF4 WOODLAND 
23201,13393.50,6490,717,709,JUMBO BAG ALPHABET
22666,13367.83,4657,828,813,RECIPE BOX PANTRY YELLOW DESIGN
21733,13323.73,4755,681,664,RED HANGING HEART T-LIGHT HOLDER
22847,13191.69,851,342,342,BREAD BIN DINER STYLE IVORY
84078A,13007.15,357,106,106,SET/4 WHITE RETRO STORAGE CUBES 
20728,12973.68,7860,962,939,LUNCH BAG CARS BLUE
21523,12798.02,1728,391,390,DOORMAT FANCY FONT HOME SWEET HOME
23206,12741.75,7755,862,833,LUNCH BAG APPLE DESIGN
22077,12713.39,7165,741,716,6 RIBBONS RUSTIC CHARM
22698,12688.69,4527,576,548,PINK REGENCY TEACUP AND SAUCER
22467,12644.75,5366,561,545,GUMBALL COAT RACK
22722,12621.70,3326,667,646,SET OF 6 SPICE TINS PANTRY DESIGN
22114,12555.02,3112,515,509,HOT WATER BOTTLE TEA AND SYMPATHY
22835,12521.28,2660,517,504,HOT WATER BOTTLE I AM SO POORLY
21137,12500.51,3570,273,269,BLACK RECORD COVER FRAME
21485,12424.13,2623,544,529,RETROSPOT HEART HOT WATER BOTTLE
23199,12308.86,5942,667,659,JUMBO BAG APPLES
22382,12269.20,7432,987,968,LUNCH BAG SPACEBOY DESIGN 
22728,12264.53,3292,615,607,ALARM CLOCK BAKELIKE PINK
22411,12232.53,6008,760,747,JUMBO SHOPPER VINTAGE RED PAISLEY
22384,12176.00,7384,929,903,LUNCH BAG PINK POLKADOT
48194,12148.31,1601,477,473,DOORMAT HEARTS
21931,12110.35,5946,729,720,JUMBO STORAGE BAG SUKI
23344,12083.72,5834,574,558,JUMBO BAG 50'S CHRISTMAS 
15056N,11964.91,2062,357,354,EDWARDIAN PARASOL NATURAL
22625,11895.73,1476,455,448,RED KITCHEN SCALES
23356,11808.60,2088,472,448,LOVE HOT WATER BOTTLE
20750,11759.60,1640,366,364,RED RETROSPOT MINI CASES
21755,11535.56,1946,580,555,LOVE BUILDING BLOCK WORD
22629,11494.59,5919,660,644,SPACEBOY LUNCH BOX 
48184,11443.15,1565,356,354,DOORMAT ENGLISH ROSE 
22083,11329.21,4027,445,441,PAPER CHAIN KIT RETROSPOT
23313,11251.77,2335,367,355,VINTAGE CHRISTMAS BUNTING
21524,11232.67,1502,408,403,DOORMAT SPOTTY HOME SWEET HOME
22622,11097.66,1067,229,229,BOX OF VINTAGE ALPHABET BLOCKS
22113,11091.15,2834,538,509,GREY HEART HOT WATER BOTTLE
21166,10962.93,5509,584,573,COOK WITH WINE METAL SIGN 
22427,10921.73,1899,446,440,ENAMEL FLOWER JUG CREAM
85152,10918.29,5389,581,575,HAND OVER THE CHOCOLATE   SIGN 
22197,10790.89,12593,911,878,POPCORN HOLDER
84946,10770.54,8505,602,591,ANTIQUE SILVER T-LIGHT GLASS
20726,10767.11,6515,819,797,LUNCH BAG WOODLAND
23301,10738.12,6516,758,746,GARDENERS KNEELING PAD KEEP CALM 
47590B,10665.15,2067,361,357,PINK HAPPY BIRTHDAY BUNTING
22752,10645.69,1390,298,294,SET 7 BABUSHKA NESTING BOXES
22776,10570.60,1116,451,449,SWEETHEART CAKESTAND 3 TIER
47566B,10445.25,2291,317,313,TEA TIME PARTY BUNTING
22865,10399.87,4947,569,547,HAND WARMER OWL DESIGN
22084,10376.65,3703,375,366,PAPER CHAIN KIT EMPIRE
22193,10248.19,1244,418,415,RED DINER WALL CLOCK
21340,10161.41,928,264,260,CLASSIC METAL BIRDCAGE PLANT HOLDER
22558,10099.18,6630,631,622,CLOTHES PEGS RETROSPOT PACK 24 
21731,10079.61,6085,498,485,RED TOADSTOOL LED NIGHT LIGHT
85099F,10013.40,4927,580,570,JUMBO BAG STRAWBERRY
85099C,9960.34,4903,594,584,JUMBO  BAG BAROQUE BLACK WHITE
23108,9957.83,1718,352,349,SET OF 10 LED DOLLY LIGHTS
22969,9946.60,6860,494,493,HOMEMADE JAM SCENTED CANDLES
20749,9900.91,1369,365,362,ASSORTED COLOUR MINI CASES
22328,9709.14,3394,456,443,ROUND SNACK BOXES SET OF 4 FRUITS 
22993,9634.57,7688,847,820,SET OF 4 PANTRY JELLY MOULDS
22846,9597.31,626,249,249,BREAD BIN DINER STYLE RED 
15056BL,9575.67,1639,276,276,EDWARDIAN PARASOL BLACK
22499,9572.43,1662,298,295,WOODEN UNION JACK BUNTING
22630,9569.44,4936,595,575,DOLLY GIRL LUNCH BOX
22605,9555.98,709,241,240,WOODEN CROQUET GARDEN SET
47590A,9549.52,1830,355,354,BLUE HAPPY BIRTHDAY BUNTING
22607,9425.14,1013,304,300,WOODEN ROUNDERS GARDEN SET 
23243,9330.20,1984,381,377,SET OF TEA COFFEE SUGAR TINS PANTRY
84978,9132.88,7658,547,538,HANGING HEART JAR T-LIGHT HOLDER
22501,9118.90,994,258,256,PICNIC BASKET WICKER LARGE
22568,9016.81,2468,421,412,FELTCRAFT CUSHION OWL
21212,8990.29,16293,990,951,PACK OF 72 RETROSPOT CAKE CASES
22617,8986.89,1865,425,422,BAKING SET SPACEBOY DESIGN
84029E,8955.77,2333,322,315,RED WOOLLY HOTTIE WHITE HEART.
22087,8938.05,3259,261,253,PAPER BUNTING WHITE LACE
22941,8874.00,1068,253,251,CHRISTMAS LIGHTS 10 REINDEER
21929,8751.98,4309,558,554,JUMBO BAG PINK VINTAGE PAISLEY
23207,8740.06,5294,655,631,LUNCH BAG ALPHABET DESIGN
21936,8714.16,3108,383,380,RED RETROSPOT PICNIC BAG
22189,8675.00,2304,442,435,CREAM HEART CARD HOLDER
21928,8638.62,4244,503,496,JUMBO BAG SCANDINAVIAN BLUE PAISLEY
22424,8519.00,713,328,326,ENAMEL BREAD BIN CREAM
85048,8512.90,1142,214,212,15CM CHRISTMAS GLASS BALL 20 LIGHTS
71477,8491.66,2598,248,244,COLOUR GLASS. STAR T-LIGHT HOLDER
82600,8253.42,4093,412,408,NO SINGING METAL SIGN
22621,8249.67,5139,514,502,TRADITIONAL KNITTING NANCY
22191,8236.50,988,399,389,IVORY DINER WALL CLOCK
84029G,8230.09,2169,322,315,KNITTED UNION FLAG HOT WATER BOTTLE
23208,8193.95,4975,603,585,LUNCH BAG VINTAGE LEAF DESIGN
23076,8179.92,6552,240,239,ICE CREAM SUNDAE LIP GLOSS
23077,8177.50,6542,284,283,DOUGHNUT LIP GLOSS 
21915,8160.41,6463,526,520,RED  HARMONICA IN BOX 
22655,8125.00,60,38,38,VINTAGE RED KITCHEN CABINET
21217,8114.25,855,257,256,RED RETROSPOT ROUND CAKE TINS
22692,8094.08,1078,339,337,DOORMAT WELCOME TO OUR HOME
22730,8070.77,2170,473,464,ALARM CLOCK BAKELIKE IVORY
22867,8063.23,3829,467,453,HAND WARMER BIRD DESIGN
84347,8023.12,3083,297,275,ROTATING SILVER ANGELS T-LIGHT HLDR
22554,8020.63,4859,585,567,PLASTERS IN TIN WOODLAND ANIMALS
23200,7882.44,3813,452,445,JUMBO BAG PEARS
22169,7830.08,971,286,285,FAMILY ALBUM WHITE PICTURE FRAME
20712,7742.60,3807,461,456,JUMBO BAG WOODLAND ANIMALS
22866,7732.20,3682,479,448,HAND WARMER SCOTTY DOG DESIGN
84997D,7726.20,1898,399,394,CHILDRENS CUTLERY POLKADOT PINK
22551,7720.20,4664,569,554,PLASTERS IN TIN SPACEBOY
21481,7690.71,2397,381,373,FAWN BLUE HOT WATER BOTTLE
22556,7688.96,4656,518,508,PLASTERS IN TIN CIRCUS PARADE 
85014B,7633.87,1318,301,298,RED RETROSPOT UMBRELLA
22502,7624.00,1272,236,231,PICNIC BASKET WICKER SMALL
23170,7615.59,4799,321,320,REGENCY TEA PLATE ROSES 
22749,7583.35,2079,420,400,FELTCRAFT PRINCESS CHARLOTTE DOLL
22766,7544.98,2598,463,451,PHOTO FRAME CORNICE
22171,7543.94,944,302,298,3 HOOK PHOTO SHELF ANTIQUE WHITE
22192,7528.93,907,338,338,BLUE DINER WALL CLOCK
84375,7524.27,3549,422,410,SET OF 20 KIDS COOKIE CUTTERS
23300,7512.03,4599,639,625,GARDENERS KNEELING PAD CUP OF TEA 
23322,7507.90,2588,525,508,LARGE WHITE HEART OF WICKER
23082,7497.75,2073,271,261,SET 6 PAPER TABLE LANTERN HEARTS 
48185,7372.69,989,238,235,DOORMAT FAIRY CAKE
21430,7342.92,2060,320,315,SET/3 RED GINGHAM ROSE STORAGE BOX
22693,7295.00,5836,222,222,GROW A FLYTRAP OR SUNFLOWER IN TIN
21232,7263.70,5762,549,538,STRAWBERRY CERAMIC TRINKET BOX
23174,7255.54,1804,266,265,REGENCY SUGAR BOWL GREEN
23343,7254.34,3508,386,375,JUMBO BAG VINTAGE CHRISTMAS 
21914,7200.03,5670,514,504,BLUE HARMONICA IN BOX 
22385,7085.02,3476,454,444,JUMBO BAG SPACEBOY DESIGN
22795,7084.65,1099,291,287,SWEETHEART RECIPE BOOK STAND
22662,7071.69,4285,595,579,LUNCH BAG DOLLY GIRL DESIGN
23007,7065.50,450,143,142, SPACEBOY BABY GIFT SET
22734,6976.15,2411,338,324,SET OF 6 RIBBONS VINTAGE CHRISTMAS
21314,6953.76,3422,343,339,SMALL GLASS HEART TRINKET POT
22900,6927.20,2208,371,351, SET 2 TEA TOWELS I LOVE LONDON 
22667,6912.50,2462,453,440,RECIPE BOX RETROSPOT 
23319,6893.91,2903,376,360,BOX OF 6 MINI 50'S CRACKERS
22633,6865.20,3282,456,427,HAND WARMER UNION JACK
22456,6833.20,1452,306,303,NATURAL SLATE CHALKBOARD LARGE 
23078,6808.67,5455,205,205,ICE CREAM PEN LIP GLOSS 
22768,6786.68,709,234,232,FAMILY PHOTO FRAME CORNICE
22487,6778.81,724,380,379,WHITE WOOD GARDEN PLANT LADDER
23320,6776.71,2575,320,309,GIANT 50'S CHRISTMAS CRACKER
21479,6717.36,1706,384,371,WHITE SKULL HOT WATER BOTTLE 
23328,6696.69,1827,288,280,SET 6 SCHOOL MILK BOTTLES IN CRATE
22149,6682.39,3250,464,452,FELTCRAFT 6 FLOWER FRIENDS
22634,6681.85,731,208,203,CHILDS BREAKFAST SET SPACEBOY 
20679,6679.87,1150,264,263,EDWARDIAN PARASOL RED
22750,6678.78,1820,390,377,FELTCRAFT PRINCESS LOLA DOLL
22379,6655.93,3248,400,393,RECYCLING BAG RETROSPOT 
21216,6620.87,1433,245,236,"SET 3 RETROSPOT TEA,COFFEE,SUGAR"
22627,6599.79,792,307,304,MINT KITCHEN SCALES
21930,6597.79,3246,456,446,JUMBO STORAGE BAG SKULLS
23008,6567.95,421,122,120,DOLLY GIRL BABY GIFT SET
20972,6554.31,5193,536,521,PINK CREAM FELT CRAFT TRINKET BOX 
21136,6551.74,3870,357,347,PAINTED METAL PEARS ASSORTED
85150,6533.37,2699,361,359,LADIES & GENTLEMEN METAL SIGN
23321,6494.03,4003,602,579,SMALL WHITE HEART OF WICKER
22940,6462.68,1560,314,301,FELTCRAFT CHRISTMAS FAIRY
22619,6427.90,1657,339,332,SET OF 6 SOLDIER SKITTLES
22561,6419.67,3895,395,382,WOODEN SCHOOL COLOURING SET
23318,6328.65,2675,329,321,BOX OF 6 MINI VINTAGE CRACKERS
22844,6320.35,766,295,291,VINTAGE CREAM DOG FOOD CONTAINER
22966,6315.77,5063,556,538,GINGERBREAD MAN COOKIE CUTTER
22729,6300.63,1682,364,356,ALARM CLOCK BAKELIKE ORANGE
22838,6289.78,460,134,134,3 TIER CAKE TIN RED AND CREAM
22970,6289.50,2638,275,267,LONDON BUS COFFEE MUG
22041,6283.62,2780,189,186,"""RECORD FRAME 7"""" SINGLE SIZE """
21790,6264.22,7288,689,675,VINTAGE SNAP CARDS
22725,6235.26,1676,327,321,ALARM CLOCK BAKELIKE CHOCOLATE
22555,6227.09,3773,445,433,PLASTERS IN TIN STRONGMAN
22560,6212.03,5090,324,323,TRADITIONAL MODELLING CLAY
22826,6210.00,58,41,41,LOVE SEAT ANTIQUE WHITE METAL
22144,6166.10,2948,431,415,CHRISTMAS CRAFT LITTLE FRIENDS
22570,6138.65,1674,326,317,FELTCRAFT CUSHION RABBIT
23080,6132.03,759,225,218,RED METAL BOX TOP SECRET
23103,6128.55,3723,332,314,JINGLE BELL HEART DECORATION
23083,6107.95,1668,211,207,SET 6 PAPER TABLE LANTERN STARS 
23238,6090.60,1500,241,230,SET OF 4 KNICK KNACK TINS LONDON 
20713,6082.92,3006,371,361,JUMBO BAG OWLS
23171,6076.10,3822,264,264,REGENCY TEA PLATE GREEN 
22767,6072.67,633,207,207,TRIPLE PHOTO FRAME CORNICE 
22659,6042.92,3112,470,445,LUNCH BOX I LOVE LONDON
22804,6033.51,2101,416,404,CANDLEHOLDER PINK HANGING HEART
84997B,6007.61,1491,302,298,CHILDRENS CUTLERY RETROSPOT RED 
22690,5971.89,797,260,257,DOORMAT HOME SWEET HOME BLUE 
21174,5968.14,2894,373,364,POTTERING IN THE SHED METAL SIGN
84836,5930.76,4749,481,466,ZINC METAL HEART DECORATION
85014A,5892.74,1037,256,255,BLACK/BLUE POLKADOT UMBRELLA
21121,5847.50,4678,337,329,SET/10 RED POLKADOT PARTY CANDLES
23175,5840.00,1914,270,269,REGENCY MILK JUG PINK 
20724,5839.35,6879,702,690,RED RETROSPOT CHARLOTTE BAG
23169,5837.95,1453,265,262,CLASSIC GLASS COOKIE JAR
22569,5826.52,1594,295,288,FELTCRAFT CUSHION BUTTERFLY
48188,5819.20,778,247,246,DOORMAT WELCOME PUPPIES
21484,5810.37,1555,297,282,CHICK GREY HOT WATER BOTTLE
22505,5796.19,1245,267,261,MEMO BOARD COTTAGE DESIGN
22492,5770.34,8878,253,253,MINI PAINT SET VINTAGE 
22170,5768.31,891,224,224,PICTURE FRAME WOOD TRIPLE PORTRAIT
84030E,5767.91,1423,287,277,ENGLISH ROSE HOT WATER BOTTLE
22173,5758.09,1959,339,334,METAL 4 HOOK HANGER FRENCH CHATEAU
23439,5733.00,2730,389,361,HAND WARMER RED LOVE HEART
22784,5721.42,1214,269,259,LANTERN CREAM GAZEBO 
21908,5715.24,2723,376,369,CHOCOLATE THIS WAY METAL SIGN
22158,5713.21,1935,260,251,3 HEARTS HANGING DECORATION RUSTIC
22741,5698.62,6696,143,143,FUNKY DIVA PEN
35970,5698.31,3327,331,321,ZINC FOLKART SLEIGH BELLS
23493,5697.90,2922,360,345,VINTAGE DOILY TRAVEL SEWING KIT
23283,5684.27,767,207,207,DOORMAT VINTAGE LEAF
22367,5661.69,2991,450,441,CHILDRENS APRON SPACEBOY DESIGN
22771,5656.21,4529,325,312,CLEAR DRAWER KNOB ACRYLIC EDWARDIAN
22485,5652.90,462,165,165,SET OF 2 WOODEN MARKET CRATES
22507,5625.33,1171,339,339,MEMO BOARD RETROSPOT  DESIGN
84997C,5612.10,1390,288,287,CHILDRENS CUTLERY POLKADOT BLUE
21791,5609.65,4449,471,465,VINTAGE HEADS AND TAILS CARD GAME 
22840,5599.93,747,252,249,ROUND CAKE TIN VINTAGE RED
21080,5569.35,6553,696,675,SET/20 RED RETROSPOT PAPER NAPKINS 
23311,5564.25,2199,284,281,VINTAGE CHRISTMAS STOCKING 
22557,5537.09,3325,486,468,PLASTERS IN TIN VINTAGE PAISLEY 
21770,5526.36,1157,343,340,OPEN CLOSED METAL SIGN
84378,5526.10,4189,523,512,SET OF 3 HEART COOKIE CUTTERS
82583,5513.58,2623,371,352,HOT BATHS METAL SIGN
21533,5494.95,1161,320,309,RETROSPOT LARGE MILK JUG
22632,5445.60,2606,354,341,HAND WARMER RED RETROSPOT
84406B,5445.38,1470,240,237,CREAM CUPID HEARTS COAT HANGER
21165,5430.91,3355,363,355,BEWARE OF THE CAT METAL SIGN 
23256,5428.18,1306,320,314,CHILDRENS CUTLERY SPACEBOY 
84755,5415.39,8311,480,473,COLOUR GLASS T-LIGHT HOLDER HANGING
22827,5415.00,35,26,26,RUSTIC  SEVENTEEN DRAWER SIDEBOARD
21623,5403.05,571,200,197,VINTAGE UNION JACK MEMOBOARD
22294,5400.51,4335,253,238,HEART FILIGREE DOVE  SMALL
22652,5387.36,3264,390,385,TRAVEL SEWING KIT
82582,5378.46,2562,357,353,AREA PATROLLED METAL SIGN
22796,5377.45,554,215,212,PHOTO FRAME 3 CLASSIC HANGING
22635,5357.50,574,181,179,CHILDS BREAKFAST SET DOLLY GIRL 
22303,5337.91,2194,228,226,COFFEE MUG APPLES DESIGN
23109,5333.05,1845,232,223,PACK OF SIX LED TEA LIGHTS
21977,5318.90,9648,635,619,PACK OF 60 PINK PAISLEY CAKE CASES
23581,5311.24,2573,297,284,JUMBO BAG PAISLEY PARK
71053,5305.75,1459,261,248,WHITE METAL LANTERN
22147,5302.05,3717,446,429,FELTCRAFT BUTTERFLY HEARTS
23236,5298.07,1883,291,279,STORAGE TIN VINTAGE DOILY 
23126,5297.03,1089,278,271,FELTCRAFT GIRL AMELIE KIT
21259,5280.11,936,238,236,VICTORIAN SEWING BOX SMALL 
22553,5273.40,3196,455,430,PLASTERS IN TIN SKULLS
84380,5266.06,4009,498,488,SET OF 3 BUTTERFLY COOKIE CUTTERS
21922,5265.09,699,168,166,UNION STRIPE WITH FRINGE  HAMMOCK
21559,5206.64,2036,414,402,STRAWBERRY LUNCH BOX WITH CUTLERY
47591D,5184.81,2757,397,393,PINK FAIRY CAKE CHILDRENS APRON
22968,5180.95,565,143,142,ROSE COTTAGE KEEPSAKE BOX 
23172,5166.88,3256,220,220,REGENCY TEA PLATE PINK
22413,5156.70,1758,354,347,METAL SIGN TAKE IT OR LEAVE IT 
21122,5132.46,4105,311,300,SET/10 PINK POLKADOT PARTY CANDLES
21169,5126.97,3153,349,335,YOU'RE CONFUSING ME METAL SIGN 
37449,5084.78,562,153,152,CERAMIC CAKE STAND + HANGING CAKES
21889,5084.35,4018,454,437,WOODEN BOX OF DOMINOES
20971,5052.19,4033,451,440,PINK BLUE FELT CRAFT TRINKET BOX
22947,5047.60,536,104,104,WOODEN ADVENT CALENDAR RED
23229,5038.27,1372,214,214,VINTAGE DONKEY TAIL GAME 
21669,5026.65,3817,354,339,BLUE STRIPE CERAMIC DRAWER KNOB
22150,5016.05,2643,410,399,3 STRIPEY MICE FELTCRAFT
21258,5014.23,425,106,106,VICTORIAN SEWING BOX LARGE
22333,5009.23,3191,261,256,RETROSPOT PARTY BAG + STICKER SET
84077,4971.69,17023,368,368,WORLD WAR 2 GLIDERS ASSTD DESIGNS
22273,4966.19,1733,295,288,FELTCRAFT DOLL MOLLY
21218,4965.20,1410,199,196,RED SPOTTY BISCUIT TIN
22989,4962.37,1537,310,303,SET 2 PANTRY DESIGN TEA TOWELS
22839,4954.56,364,139,136,3 TIER CAKE TIN GREEN AND CREAM
22668,4938.11,1765,205,202,PINK BABY BUNTING
22971,4935.77,2047,233,231,QUEENS GUARD COFFEE MUG
22992,4914.69,2517,283,272,REVOLVER WOODEN RULER 
21210,4893.97,3364,350,347,SET OF 72 RETROSPOT PAPER  DOILIES
23118,4888.30,669,224,224,PARISIENNE JEWELLERY DRAWER 
84991,4881.33,8881,646,613,60 TEATIME FAIRY CAKE CASES
22120,4856.52,505,170,167,WELCOME  WOODEN BLOCK LETTERS
23254,4814.00,1160,279,271,CHILDRENS CUTLERY DOLLY GIRL 
23247,4812.40,1700,275,269,BISCUIT TIN 50'S CHRISTMAS
84970S,4800.41,5612,394,391,HANGING HEART ZINC T-LIGHT HOLDER
23162,4789.24,1362,142,142,REGENCY TEA STRAINER
22580,4787.68,836,168,166,ADVENT CALENDAR GINGHAM SACK
22654,4786.62,818,221,219,DELUXE SEWING KIT 
21907,4761.55,2294,332,329,I'M ON HOLIDAY METAL SIGN
82001S,4742.92,1364,105,104,VINYL RECORD FRAME SILVER
21756,4727.83,792,256,242,BATH BUILDING BLOCK WORD
22759,4714.95,2759,317,300,SET OF 3 NOTEBOOKS IN PARCEL
22849,4706.36,308,121,119,BREAD BIN DINER STYLE MINT
21155,4704.05,1900,357,350,RED RETROSPOT PEG BAG
23052,4694.75,571,221,221,RECYCLED ACAPULCO MAT TURQUOISE
22141,4692.58,2268,358,346,CHRISTMAS CRAFT TREE TOP ANGEL
22179,4682.34,724,181,177,SET 10 NIGHT OWL LIGHTS
22636,4656.30,565,182,182,CHILDS BREAKFAST SET CIRCUS PARADE
22848,4598.35,302,112,111,BREAD BIN DINER STYLE PINK
84970L,4596.02,4502,328,326,SINGLE HEART ZINC T-LIGHT HOLDER
71459,4586.81,5405,318,317,HANGING JAM JAR T-LIGHT HOLDER
22946,4575.00,310,90,88,WOODEN ADVENT CALENDAR CREAM
23192,4560.42,2854,321,309,BUNDLE OF 3 ALPHABET EXERCISE BOOKS
23263,4554.40,3495,428,386,SET OF 3 WOODEN HEART DECORATIONS
23480,4546.89,1239,174,169,MINI LIGHTS WOODLAND MUSHROOMS
22355,4546.65,5375,563,549,CHARLOTTE BAG SUKI DESIGN
15036,4520.24,5560,282,281,ASSORTED COLOURS SILK FAN
21668,4495.79,3439,327,317,RED STRIPE CERAMIC DRAWER KNOB
22837,4479.20,992,136,134,HOT WATER BOTTLE BABUSHKA 
22271,4472.07,1557,262,255,FELTCRAFT DOLL ROSIE
22779,4460.31,1143,150,145,WOODEN OWLS LIGHT GARLAND 
21888,4453.47,1193,279,277,BINGO SET
23010,4444.75,285,89,89,CIRCUS PARADE BABY GIFT SET
23188,4442.56,2680,283,277,VINTAGE  2 METER FOLDING RULER
22620,4438.08,3139,369,357,4 TRADITIONAL SPINNING TOPS
21231,4433.62,3453,357,352,SWEETHEART CERAMIC TRINKET BOX
22464,4428.22,2840,282,274,HANGING METAL HEART LANTERN
48111,4425.25,607,176,173,DOORMAT 3 SMILEY CATS
22623,4420.17,788,219,217,BOX OF VINTAGE JIGSAW BLOCKS 
23312,4402.15,1065,195,190,VINTAGE CHRISTMAS GIFT SACK
84997A,4399.73,1085,218,218,CHILDRENS CUTLERY POLKADOT GREEN 
84945,4397.41,5107,277,271,MULTI COLOUR SILVER T-LIGHT HOLDER
20719,4397.24,5237,514,499,WOODLAND CHARLOTTE BAG
48116,4384.64,618,139,138,DOORMAT MULTICOLOUR STRIPE
21380,4380.15,1493,231,228,WOODEN HAPPY BIRTHDAY GARLAND
22381,4379.58,2169,290,284,TOY TIDY PINK POLKADOT
22988,4370.30,3493,306,295,SOLDIERS EGG CUP 
22488,4358.51,2719,310,307,NATURAL SLATE RECTANGLE CHALKBOARD
48173C,4358.26,594,170,167,DOORMAT BLACK FLOCK 
22663,4354.41,2137,309,308,JUMBO BAG DOLLY GIRL DESIGN
22606,4336.75,305,135,132,WOODEN SKITTLES GARDEN SET
22302,4324.81,1784,190,188,COFFEE MUG PEARS  DESIGN
22296,4319.23,2623,282,268,HEART IVORY TRELLIS LARGE
22909,4312.90,5074,491,469,SET OF 20 VINTAGE CHRISTMAS NAPKINS
22751,4307.06,1178,253,249,FELTCRAFT PRINCESS OLIVIA DOLL
20969,4293.51,1156,255,253,RED FLORAL FELTCRAFT SHOULDER BAG
21912,4280.81,1143,267,264,VINTAGE SNAKES & LADDERS
22088,4275.10,1538,169,167,PAPER BUNTING COLOURED LACE
48129,4270.46,580,182,181,DOORMAT TOPIARY
22834,4261.73,2857,286,275,HAND WARMER BABUSHKA DESIGN
22978,4254.92,1159,193,192,PANTRY ROLLING PIN
23582,4243.26,2047,232,225,VINTAGE DOILY JUMBO BAG RED 
21535,4242.60,1704,314,304,RED RETROSPOT SMALL MILK JUG
23494,4218.70,726,179,176,VINTAGE DOILY DELUXE SEWING KIT 
21672,4209.00,3244,302,294,WHITE SPOT RED CERAMIC DRAWER KNOB
22366,4200.82,572,155,155,DOORMAT AIRMAIL 
23535,4194.60,750,164,159,WALL ART BICYCLE SAFETY
23307,4188.09,7619,509,484,SET OF 60 PANTRY DESIGN CAKE CASES 
21937,4178.45,1491,207,205,STRAWBERRY   PICNIC BAG
23534,4176.55,721,192,190,WALL ART STOP FOR TEA 
22585,4167.46,3326,319,298,PACK OF 6 BIRDY GIFT TAGS
22626,4159.53,504,186,183,BLACK KITCHEN SCALES
21539,4123.65,867,214,210,RED RETROSPOT BUTTER DISH
22942,4108.75,581,132,131,CHRISTMAS LIGHTS 10 SANTAS 
23198,4106.99,2875,384,372,PANTRY MAGNETIC  SHOPPING LIST
23382,4106.28,1148,160,159,BOX OF 6 CHRISTMAS CAKE DECORATIONS
22952,4104.65,7463,455,427,60 CAKE CASES VINTAGE CHRISTMAS
22957,4085.55,1437,199,194,SET 3 PAPER VINTAGE CHICK PAPER EGG
23569,4083.75,825,183,173,TRADTIONAL ALPHABET STAMP SET
21670,4080.04,3140,289,282,BLUE SPOT CERAMIC DRAWER KNOB
22418,4075.41,4779,232,231,10 COLOUR SPACEBOY PEN
22938,4074.53,2177,171,169,CUPCAKE LACE PAPER SET 6
22352,4071.79,1593,313,306,LUNCH BOX WITH CUTLERY RETROSPOT 
23397,4069.90,434,176,176,FOOT STOOL HOME SWEET HOME 
22429,4054.29,953,323,313,ENAMEL MEASURING JUG CREAM
22904,4052.64,1368,236,229,CALENDAR PAPER CUT DESIGN
23234,4038.21,1419,234,231,BISCUIT TIN VINTAGE CHRISTMAS
22798,4013.81,1379,186,185,ANTIQUE GLASS DRESSING TABLE POT
23215,4004.96,1895,197,191,JINGLE BELL HEART ANTIQUE SILVER
84988,3996.48,2742,299,297,SET OF 72 PINK HEART PAPER DOILIES
21891,3986.95,2843,341,323,TRADITIONAL WOODEN SKIPPING ROPE
20970,3983.63,1081,232,230,PINK FLORAL FELTCRAFT SHOULDER BAG
22365,3957.44,530,126,125,DOORMAT RESPECTABLE HOUSE
22845,3951.89,644,236,234,VINTAGE CREAM CAT FOOD CONTAINER
21932,3951.16,2217,325,317,SCANDINAVIAN PAISLEY PICNIC BAG
22109,3927.93,1079,160,155,FULL ENGLISH BREAKFAST PLATE
22781,3916.79,533,161,160,GUMBALL MAGAZINE RACK
72741,3913.70,2714,226,224,GRAND CHOCOLATECANDLE
22943,3913.18,820,156,154,CHRISTMAS LIGHTS 10 VINTAGE BAUBLES
21671,3908.64,3024,274,269,RED SPOT CERAMIC DRAWER KNOB
22841,3895.48,516,200,199,ROUND CAKE TIN VINTAGE GREEN
22297,3894.47,3119,228,217,HEART IVORY TRELLIS SMALL
22637,3894.17,1611,262,258,PIGGY BANK RETROSPOT 
23503,3892.46,3118,333,323,PLAYING CARDS KEEP CALM & CARRY ON
21124,3882.50,3106,229,224,SET/10 BLUE POLKADOT PARTY CANDLES
21172,3868.27,2663,376,364,PARTY METAL SIGN 
22061,3864.63,565,130,129,LARGE CAKE STAND  HANGING STRAWBERY
22082,3860.78,2318,350,332,RIBBON REEL STRIPES DESIGN 
21673,3856.74,2962,275,266,WHITE SPOT BLUE CERAMIC DRAWER KNOB
23237,3852.20,948,169,168,SET OF 4 KNICK KNACK TINS LEAF
22595,3827.34,4500,367,358,GINGHAM HEART DECORATION
23583,3817.75,2315,304,291,LUNCH BAG PAISLEY PARK  
22142,3814.29,2653,329,317,CHRISTMAS CRAFT WHITE FAIRY 
22895,3797.84,1208,237,230,SET OF 2 TEA TOWELS APPLE AND PEARS
22740,3794.96,4472,95,95,POLKADOT PEN
22898,3790.85,2001,282,275,CHILDRENS APRON APPLES DESIGN
23012,3775.49,1017,203,198,GLASS APOTHECARY BOTTLE PERFUME
20718,3768.31,3004,377,371,RED RETROSPOT SHOPPER BAG
23050,3763.55,459,176,176,RECYCLED ACAPULCO MAT GREEN
23204,3760.15,4439,407,405,CHARLOTTE BAG APPLES DESIGN
23163,3750.02,1618,133,133,REGENCY SUGAR TONGS
23184,3749.50,778,199,197,BULL DOG BOTTLE OPENER
23130,3748.42,918,167,167,MISTLETOE HEART WREATH GREEN
20723,3728.95,4387,477,469,STRAWBERRY CHARLOTTE BAG
22907,3720.24,4374,549,517,PACK OF 20 NAPKINS PANTRY DESIGN
21933,3718.36,2060,291,280,PINK VINTAGE PAISLEY PICNIC BAG
22780,3697.80,948,130,128,LIGHT GARLAND BUTTERFILES PINK
22991,3688.74,1838,232,225,GIRAFFE WOODEN RULER
23110,3685.20,664,221,219,PARISIENNE KEY CABINET 
22656,3685.00,26,20,20,VINTAGE BLUE KITCHEN CABINET
72760B,3677.18,386,136,135,VINTAGE CREAM 3 BASKET CAKE STAND
22295,3674.97,2233,218,209,HEART FILIGREE DOVE LARGE
84947,3674.70,2929,242,230,ANTIQUE SILVER TEA GLASS ENGRAVED
23541,3659.89,469,117,117,WALL ART CLASSIC PUDDINGS 
21156,3654.07,1867,278,276,RETROSPOT CHILDRENS APRON
22649,3653.75,751,167,160,STRAWBERRY FAIRY CAKE TEAPOT
21498,3648.24,8722,325,324,RED RETROSPOT WRAP 
23154,3626.89,1752,222,208,SET OF 4 JAM JAR MAGNETS
21213,3626.51,6605,473,462,PACK OF 72 SKULL CAKE CASES
22791,3625.57,2884,215,209,T-LIGHT GLASS FLUTED ANTIQUE
22236,3624.60,308,88,88,CAKE STAND 3 TIER MAGIC GARDEN
23314,3624.52,293,105,103,VINTAGE CHRISTMAS TABLECLOTH
20711,3617.28,1798,231,229,JUMBO BAG TOYS 
22899,3616.88,1782,260,257,CHILDREN'S APRON DOLLY GIRL 
23081,3614.64,454,116,115,GREEN METAL BOX ARMY SUPPLIES
22842,3609.80,572,146,146,BISCUIT TIN VINTAGE RED
21975,3600.68,6518,542,505,PACK OF 60 DINOSAUR CAKE CASES
22631,3588.23,1839,246,240,CIRCUS PARADE LUNCH BOX 
23165,3580.50,2234,218,213,LARGE CERAMIC TOP STORAGE JAR
23129,3573.18,846,164,164,HEART SHAPED HOLLY WREATH
23049,3572.75,435,169,169,RECYCLED ACAPULCO MAT RED
21428,3570.75,891,180,179,SET3 BOOK BOX GREEN GINGHAM FLOWER 
21164,3565.42,1210,244,240,HOME SWEET HOME METAL SIGN 
22721,3541.72,814,248,245,SET OF 3 CAKE TINS SKETCHBOOK
21527,3540.60,468,138,133,RED RETROSPOT TRADITIONAL TEAPOT 
23158,3539.88,1698,181,179,SET OF 5 LUCKY CAT MAGNETS 
84949,3539.25,2145,232,228,SILVER HANGING T-LIGHT HOLDER
22356,3536.64,4106,468,458,CHARLOTTE BAG PINK POLKADOT
23191,3520.40,2176,257,245,BUNDLE OF 3 RETRO NOTE BOOKS
23127,3511.34,714,185,182,FELTCRAFT GIRL NICOLE KIT
22890,3505.12,366,149,143,NOVELTY BISCUITS CAKE STAND 3 TIER
22371,3489.88,830,254,247,AIRLINE BAG VINTAGE TOKYO 78
22748,3489.71,1655,353,342,POPPY'S PLAYHOUSE KITCHEN
23085,3489.70,374,81,72,ANTIQUE SILVER BAUBLE LAMP  
23091,3488.25,570,200,192,ZINC HERB GARDEN CONTAINER
22274,3487.35,1205,237,230,FELTCRAFT DOLL EMILY
23159,3483.37,1683,197,190,SET OF 5 PANCAKE DAY MAGNETS
84792,3475.19,775,193,190,ENCHANTED BIRD COATHANGER 5 HOOK
23111,3464.80,296,125,124,PARISIENNE SEWING BOX
22980,3453.09,2145,246,241,PANTRY SCRUBBING BRUSH
23112,3444.80,472,184,183,PARISIENNE CURIO CABINET
21955,3429.61,459,154,151,DOORMAT UNION JACK GUNS AND ROSES
22689,3424.44,414,112,111,DOORMAT MERRY CHRISTMAS RED 
21745,3412.19,929,209,205,GAOLERS KEYS DECORATIVE GARDEN 
21463,3405.30,644,131,129,MIRRORED DISCO BALL 
22782,3399.95,241,74,74,SET 3 WICKER STORAGE BASKETS 
22089,3398.50,1190,183,180,PAPER BUNTING VINTAGE PAISLEY
23296,3396.83,2743,310,305,SET OF 6 TEA TIME BAKING CASES
21108,3393.90,2801,189,184,FAIRY CAKE FLANNEL ASSORTED COLOUR
22723,3374.69,963,242,234,SET OF 6 HERB TINS SKETCHBOOK
22979,3372.76,2300,302,293,PANTRY WASHING UP BRUSH
15056P,3363.16,589,134,132,EDWARDIAN PARASOL PINK
22896,3356.77,1398,225,220,PEG BAG APPLES DESIGN
23293,3346.01,4043,444,434,SET OF 12 FAIRY CAKE BAKING CASES
22926,3313.55,569,186,182,IVORY GIANT GARDEN THERMOMETER
22207,3311.86,830,109,108,FRYING PAN UNION FLAG
47567B,3289.72,592,128,120,TEA TIME KITCHEN APRON
23133,3286.43,431,131,131,LARGE IVORY HEART WALL ORGANISER
84992,3274.90,5942,500,470,72 SWEETHEART FAIRY CAKE CASES
23241,3267.20,1592,292,281,TREASURE TIN GYMKHANA DESIGN
23009,3262.55,209,61,61,I LOVE LONDON BABY GIFT SET
22549,3247.04,2200,241,235,PICTURE DOMINOES
85049E,3244.34,2519,345,333,SCANDINAVIAN REDS RIBBONS
22301,3239.10,1302,180,176,COFFEE MUG CAT + BIRD DESIGN
23299,3228.67,883,123,121,FOOD COVER WITH BEADS SET 2 
23485,3223.00,139,79,79,BOTANICAL GARDENS WALL CLOCK 
23013,3215.04,866,182,180,GLASS APOTHECARY BOTTLE TONIC
22431,3211.45,1693,276,272,WATERING CAN BLUE ELEPHANT
20979,3203.75,2563,226,222,36 PENCILS TUBE RED RETROSPOT
23332,3184.80,1936,280,266,IVORY WICKER HEART LARGE
22809,3181.06,1066,177,171,SET OF 6 T-LIGHTS SANTA
22964,3169.84,1506,295,289,3 PIECE SPACEBOY COOKIE CUTTER SET
21390,3161.97,2533,176,167,FILIGRIS HEART WITH BUTTERFLY
21877,3157.67,2311,287,281,HOME SWEET HOME MUG
22854,3139.30,654,148,146,CREAM SWEETHEART EGG HOLDER
22745,3134.95,1488,321,311,POPPY'S PLAYHOUSE BEDROOM 
20682,3134.66,960,180,179,RED RETROSPOT CHILDRENS UMBRELLA
23571,3121.80,1892,226,215,TRADITIONAL NAUGHTS & CROSSES
23065,3115.30,257,93,92,LARGE DECO JEWELLERY STAND
21558,3112.80,1226,264,254,SKULL LUNCH BOX WITH CUTLERY 
85053,3104.32,1549,246,233,FRENCH ENAMEL CANDLEHOLDER
22432,3100.58,1648,240,234,WATERING CAN PINK BUNNY
23389,3092.50,750,209,202,SPACEBOY MINI BACKPACK
22760,3089.85,259,66,66,"TRAY, BREAKFAST IN BED"
23351,3087.50,2470,270,263,ROLL WRAP 50'S CHRISTMAS
23253,3082.10,214,47,47,16 PIECE CUTLERY SET PANTRY DESIGN
23189,3080.31,1119,113,112,SET OF 12 FORK CANDLES
23342,3068.50,367,157,155,MINT DINER WALL CLOCK
21257,3068.19,393,153,151,VICTORIAN SEWING BOX MEDIUM
22596,3061.78,2762,235,229,CHRISTMAS STAR WISH LIST CHALKBOARD
21871,3053.36,2236,265,260,SAVE THE PLANET MUG
21892,3051.47,2386,300,290,TRADITIONAL WOODEN CATCH CUP GAME 
21094,3044.69,3583,293,290,SET/6 RED SPOTTY PAPER PLATES
21844,3044.30,1058,130,128,RED RETROSPOT MUG
22468,3032.39,467,116,116,BABUSHKA LIGHTS STRING OF 10
22504,3012.40,160,39,39,CABIN BAG VINTAGE RETROSPOT
22694,3004.20,1432,309,300,WICKER STAR 
21035,2970.01,919,213,207,SET/2 RED RETROSPOT TEA TOWELS 
22669,2969.65,1027,167,167,RED BABY BUNTING 
22180,2962.65,303,132,131,RETROSPOT LAMP
23014,2959.68,800,164,160,GLASS APOTHECARY BOTTLE ELIXIR
23426,2953.52,1088,174,170,METAL SIGN DROP YOUR PANTS
22801,2952.15,810,164,158,ANTIQUE GLASS PEDESTAL BOWL
23404,2934.98,609,133,133,HOME SWEET HOME BLACKBOARD
85049A,2922.24,2271,270,262,TRADITIONAL CHRISTMAS RIBBONS
21242,2912.18,1730,211,208,RED RETROSPOT PLATE 
22508,2902.69,772,239,235,DOORSTOP RETROSPOT HEART
23132,2883.78,530,139,136,SMALL IVORY HEART WALL ORGANISER
23393,2883.75,769,208,201,HOME SWEET HOME CUSHION COVER 
22584,2882.99,1089,148,145,PACK OF 6 PANNETONE GIFT BOXES
23275,2879.34,2290,276,261,SET OF 3 HANGING OWLS OLLIE BEAK
23166,2874.73,2453,188,185,MEDIUM CERAMIC TOP STORAGE JAR
22665,2874.21,1003,230,229,RECIPE BOX BLUE SKETCHBOOK DESIGN
21658,2874.07,773,130,126,GLASS  BEURRE DISH
23032,2864.40,1736,185,177,DRAWER KNOB CRACKLE GLAZE IVORY
23092,2859.38,377,125,124,LARGE ANTIQUE WHITE PHOTO FRAME
22646,2859.15,2319,268,263,CERAMIC STRAWBERRY CAKE MONEY BANK
23323,2852.10,1366,281,269,WHITE WICKER STAR 
23349,2851.25,2281,250,239,ROLL WRAP VINTAGE CHRISTMAS
22174,2832.56,1728,174,165,PHOTO CUBE
23239,2828.05,727,162,154,SET OF 4 KNICK KNACK TINS POPPIES
22950,2825.60,1952,151,150,36 DOILIES VINTAGE CHRISTMAS
22466,2824.35,1465,145,143,FAIRY TALE COTTAGE NIGHT LIGHT
23531,2822.85,435,95,93,WALL ART BIG LOVE 
22894,2821.95,291,110,109,TABLECLOTH RED APPLES DESIGN 
23157,2820.24,1348,145,137,SET OF 6 NATIVITY MAGNETS 
20975,2810.60,4324,305,298,12 PENCILS SMALL TUBE RED RETROSPOT
23350,2791.25,2233,251,242,ROLL WRAP VINTAGE SPOT 
22972,2790.71,1715,184,180,CHILDREN'S SPACEBOY MUG
84987,2789.88,1920,235,233,SET OF 36 TEATIME PAPER DOILIES
21531,2778.75,1149,209,203,RED RETROSPOT SUGAR JAM BOWL
22813,2777.73,1401,146,146,PACK 3 BOXES BIRD PANNETONE 
22577,2772.43,7735,464,447,WOODEN HEART CHRISTMAS SCANDINAVIAN
23168,2769.83,2354,217,214,CLASSIC CAFE SUGAR DISPENSER
22998,2765.24,6561,428,417,TRAVEL CARD WALLET KEEP CALM
21974,2762.51,1892,228,228,SET OF 36 PAISLEY FLOWER DOILIES
23306,2757.94,1900,205,203,SET OF 36 DOILIES PANTRY DESIGN
20676,2757.38,2203,275,269,RED RETROSPOT BOWL
23231,2751.00,6550,253,253,WRAP DOILEY DESIGN
22772,2749.76,2193,170,163,PINK DRAWER KNOB ACRYLIC EDWARDIAN
22823,2745.00,24,13,13,CHEST NATURAL WOOD 20 DRAWERS
22778,2743.75,757,112,107,GLASS CLOCHE SMALL
23051,2741.35,335,133,133,RECYCLED ACAPULCO MAT BLUE
23182,2733.89,3270,266,253,TOILET SIGN OCCUPIED OR VACANT
23329,2713.80,1652,242,214,DECORATIVE WICKER HEART LARGE
22493,2696.58,1634,178,174,PAINT YOUR OWN CANVAS SET
22188,2692.89,753,155,154,BLACK HEART CARD HOLDER
22843,2691.88,434,115,114,BISCUIT TIN VINTAGE GREEN
22417,2690.49,4887,398,385,PACK OF 60 SPACEBOY CAKE CASES
23210,2688.71,2155,164,149,WHITE ROCKING HORSE HAND PAINTED
22855,2679.24,2220,177,176,FINE WICKER HEART 
22212,2674.11,1278,263,252,FOUR HOOK  WHITE LOVEBIRDS
23147,2672.85,1845,255,250,SINGLE ANTIQUE ROSE HOOK IVORY
23205,2666.72,3152,333,329,CHARLOTTE BAG VINTAGE ALPHABET 
22435,2662.64,2130,215,207,SET OF 9 HEART SHAPED BALLOONS
23497,2657.50,1894,178,171,CLASSIC CHROME BICYCLE BELL 
16161P,2656.92,6326,244,243,WRAP ENGLISH ROSE 
21833,2656.68,1572,112,112,CAMOUFLAGE LED TORCH
85132C,2654.00,1320,126,125,CHARLIE AND LOLA FIGURES TINS
22430,2646.60,544,166,161,ENAMEL WATERING CAN CREAM
23156,2645.78,1278,188,181,SET OF 5 MINI GROCERY MAGNETS
22148,2641.05,1379,162,156,EASTER CRAFT 4 CHICKS 
23131,2640.78,654,109,107,MISTLETOE HEART WREATH CREAM
22810,2639.08,848,140,136,SET OF 6 T-LIGHTS SNOWMEN
23144,2637.86,3178,226,225,ZINC T-LIGHT HOLDER STARS SMALL
21716,2624.12,1078,137,135,BOYS VINTAGE TIN SEASIDE BUCKET
20974,2620.50,4034,290,278,12 PENCILS SMALL TUBE SKULL
22967,2618.55,921,131,130,SET 3 SONG BIRD PAPER EGGS ASSORTED
23064,2617.60,120,21,21,CINDERELLA CHANDELIER 
22195,2609.87,1539,226,218,LARGE HEART MEASURING SPOONS
23395,2604.48,696,185,175,BELLE JARDINIERE CUSHION COVER
23053,2598.15,319,130,129,RECYCLED ACAPULCO MAT PINK
23354,2597.90,3130,270,260,6 GIFT TAGS 50'S CHRISTMAS 
23297,2587.40,1572,130,128,SET 40 HEART SHAPE PETIT FOUR CASES
22465,2586.67,1725,161,157,HANGING METAL STAR LANTERN
22300,2563.50,1018,145,142,COFFEE MUG DOG + BALL DESIGN
21326,2552.20,3932,239,230,AGED GLASS SILVER T-LIGHT HOLDER
21735,2551.95,210,82,82,TWO DOOR CURIO CABINET
22892,2551.25,2041,191,190,SET OF SALT AND PEPPER TOADSTOOLS
23295,2546.09,3075,350,339,SET OF 12 MINI LOAF BAKING CASES
23266,2543.39,1975,297,274,SET OF 3 WOODEN STOCKING DECORATION
22072,2539.19,813,148,139,RED RETROSPOT TEA CUP AND SAUCER 
23146,2535.89,781,217,211,TRIPLE HOOK ANTIQUE IVORY ROSE
21429,2535.00,1368,221,214,RED GINGHAM ROSE JEWELLERY BOX
23530,2534.85,557,71,70,WALL ART ONLY ONE PERSON 
22739,2530.44,1468,211,203,RIBBON REEL CHRISTMAS SOCK BAUBLE
21746,2529.54,2038,178,176,SMALL RED RETROSPOT WINDMILL
23333,2524.90,2030,232,216,IVORY WICKER HEART MEDIUM
22951,2524.21,4583,354,339,60 CAKE CASES DOLLY GIRL DESIGN
22925,2517.67,427,164,162,BLUE GIANT GARDEN THERMOMETER
22661,2516.19,2985,331,325,CHARLOTTE BAG DOLLY GIRL DESIGN
22550,2512.55,670,172,172,HOLIDAY FUN LUDO
23489,2512.44,876,143,137,VINTAGE BELLS GARLAND
23232,2509.92,5976,228,224,WRAP VINTAGE LEAF DESIGN
22079,2509.49,1505,231,223,RIBBON REEL HEARTS DESIGN 
22578,2504.93,7525,442,422,WOODEN STAR CHRISTMAS SCANDINAVIAN
21890,2498.51,779,177,170,S/6 WOODEN SKITTLES IN COTTON BAG
23353,2495.81,3007,254,246,6 GIFT TAGS VINTAGE CHRISTMAS 
20828,2494.20,1012,186,177,GLITTER BUTTERFLY CLIPS
23196,2484.80,1760,243,233,VINTAGE LEAF MAGNETIC NOTEPAD
23190,2482.34,1534,179,178,BUNDLE OF 3 SCHOOL EXERCISE BOOKS  
21135,2480.92,1468,164,158,VICTORIAN  METAL POSTCARD SPRING
23230,2478.00,5900,221,220,WRAP ALPHABET DESIGN
21868,2469.06,1914,229,226,POTTING SHED TEA MUG
22965,2460.02,1174,208,205,3 TRADITIONAl BISCUIT CUTTERS  SET
22797,2459.04,146,79,79,CHEST OF DRAWERS GINGHAM HEART 
23407,2446.62,250,119,118,SET OF 2 TRAYS HOME SWEET HOME
21385,2440.92,2868,215,202,IVORY HANGING DECORATION  HEART
82552,2427.17,1674,288,281,WASHROOM METAL SIGN
22628,2422.25,495,118,116,PICNIC BOXES SET OF 3 RETROSPOT 
23388,2420.95,593,136,133,WOODLAND MINI BACKPACK
22962,2416.89,2937,242,241,JAM JAR WITH PINK LID
21260,2416.75,751,146,144,FIRST AID TIN
21086,2414.81,3697,280,269,SET/6 RED SPOTTY PAPER CUPS
22822,2402.66,417,145,144,CREAM WALL PLANTER HEART SHAPED
23264,2400.45,1845,267,249,SET OF 3 WOODEN SLEIGH DECORATIONS
22746,2400.02,1139,254,249,POPPY'S PLAYHOUSE LIVINGROOM 
21497,2394.00,5700,223,221,FANCY FONTS BIRTHDAY WRAP
22800,2383.21,637,138,137,ANTIQUE TALL SWIRLGLASS TRINKET POT
22794,2373.00,300,157,157,SWEETHEART WIRE MAGAZINE RACK
22738,2349.43,1407,176,171,RIBBON REEL SNOWY VILLAGE
22219,2346.06,2772,320,307,LOVEBIRD HANGING DECORATION WHITE 
23035,2341.69,1609,165,161,DRAWER KNOB CERAMIC IVORY
23100,2341.21,1877,219,210,SILVER BELLS TABLE DECORATION
23164,2330.21,504,79,79,REGENCY CAKE SLICE
23341,2325.60,282,99,98,PINK DINER WALL CLOCK
21730,2324.14,498,120,119,GLASS STAR FROSTED T-LIGHT HOLDER
22775,2319.31,1846,155,139,PURPLE DRAWERKNOB ACRYLIC EDWARDIAN
84692,2317.17,5458,364,353,BOX OF 24 COCKTAIL PARASOLS
23570,2307.50,1846,248,231,TRADITIONAL PICK UP STICKS GAME 
22187,2304.87,1051,145,143,GREEN CHRISTMAS TREE CARD HOLDER
21715,2304.75,949,136,135,GIRLS VINTAGE TIN SEASIDE BUCKET
23396,2304.48,616,175,164,LE JARDIN BOTANIQUE CUSHION COVER
22222,2293.20,752,148,148,CAKE PLATE LOVEBIRD WHITE
23340,2285.25,1385,120,118,VINTAGE CHRISTMAS CAKE FRILL
22937,2282.39,885,140,135,BAKING MOULD CHOCOLATE CUPCAKES
22927,2278.25,395,129,129,GREEN GIANT GARDEN THERMOMETER
22956,2277.96,1187,172,164,36 FOIL HEART CAKE CASES
22380,2274.75,1156,200,195,TOY TIDY SPACEBOY  
22990,2270.29,507,143,139,COTTON APRON PANTRY DESIGN
21154,2267.63,1787,261,255,RED RETROSPOT OVEN GLOVE 
22348,2257.97,2639,252,247,TEA BAG PLATE RED RETROSPOT
22215,2254.50,330,89,89,CAKE STAND WHITE TWO TIER LACE
35004B,2251.15,475,48,47,SET OF 3 BLACK FLYING DUCKS
23310,2250.99,5339,156,156,BUBBLEGUM RING ASSORTED
21935,2244.37,1363,201,200,SUKI  SHOULDER BAG
23255,2240.99,539,138,137,CHILDRENS CUTLERY CIRCUS PARADE
23176,2236.66,992,182,179,ABC TREASURE BOOK BOX 
85062,2234.67,1380,135,132,PEARL CRYSTAL PUMPKIN T-LIGHT HLDR
22426,2231.80,660,146,144,ENAMEL WASH BOWL CREAM
23089,2230.02,1272,133,129,GLASS BON BON JAR
21500,2226.50,5325,205,205,PINK POLKADOT WRAP 
23316,2222.20,236,96,95,RED REFECTORY CLOCK 
23543,2221.22,290,94,91,WALL ART KEEP CALM 
23177,2220.75,987,214,208,TREASURE ISLAND BOOK BOX
23079,2216.50,250,107,104,TOADSTOOL BEDSIDE LIGHT 
47559B,2209.97,1809,244,239,TEA TIME OVEN GLOVE
85184C,2208.43,1307,139,135,S/4 VALENTINE DECOUPAGE HEART BOX
23054,2206.20,268,110,109,RECYCLED ACAPULCO MAT LAVENDER
22045,2205.84,5252,200,199,SPACEBOY GIFT WRAP
21411,2204.26,626,189,184,GINGHAM HEART  DOORSTOP RED
22670,2193.99,1754,211,208,FRENCH WC SIGN BLUE METAL
22151,2191.95,5193,257,251,PLACE SETTING WHITE HEART
21499,2190.50,5225,204,203,BLUE POLKADOT WRAP
23308,2189.81,3975,307,295,SET OF 60 VINTAGE LEAF CAKE CASES 
22939,2188.48,448,104,102,APRON APPLE DELIGHT
22974,2179.59,1331,161,156,CHILDRENS DOLLY GIRL MUG
23265,2172.46,1680,270,246,SET OF 3 WOODEN TREE DECORATIONS
22433,2170.73,1149,189,187,WATERING CAN GREEN DINOSAUR
23252,2168.34,590,128,125,VINTAGE RED ENAMEL TRIM JUG 
22460,2159.52,1709,158,156,EMBOSSED GLASS TEALIGHT HOLDER
23242,2155.04,1052,193,184,TREASURE TIN BUFFALO BILL 
21625,2140.19,307,118,113,VINTAGE UNION JACK APRON
23390,2138.75,525,151,144,DOLLY GIRL MINI BACKPACK
23526,2124.18,378,88,87,WALL ART DOG LICENCE 
82551,2117.72,1447,245,243,LAUNDRY 15C METAL SIGN
22327,2113.60,736,172,161,ROUND SNACK BOXES SET OF 4 SKULLS
23128,2109.88,436,132,129,FELTCRAFT BOY JEAN-PAUL KIT
21110,2107.85,679,79,78,LARGE CAKE TOWEL PINK SPOTS
22064,2105.16,1512,172,163,PINK DOUGHNUT TRINKET POT 
22902,2103.78,1092,95,93,TOTE BAG I LOVE LONDON
47599A,2102.10,1001,135,133,PINK PARTY BAGS
21116,2096.94,432,117,116,OWL DOORSTOP
22354,2096.02,580,63,63,RETROSPOT PADDED SEAT CUSHION
21903,2094.18,985,154,152,MAN FLU METAL SIGN
23020,2092.00,176,72,72,GLASS  SONGBIRD STORAGE JAR
22908,2089.24,2446,308,297,PACK OF 20 NAPKINS RED APPLES
22425,2086.11,434,141,141,ENAMEL COLANDER CREAM
22029,2084.78,4954,372,369,SPACEBOY BIRTHDAY CARD
23504,2082.48,1668,203,190,PLAYING CARDS JUBILEE UNION JACK
23330,2081.19,1671,209,194,DECORATIVE WICKER HEART MEDIUM
22773,2079.32,1660,149,144,GREEN DRAWER KNOB ACRYLIC EDWARDIAN
22737,2075.39,1227,190,187,RIBBON REEL CHRISTMAS PRESENT 
22762,2070.95,145,87,87,CUPBOARD 3 DRAWER MA CAMPAGNE
46000S,2067.70,1426,181,181,POLYESTER FILLER PAD 40x40cm
22829,2066.75,215,99,97,SWEETHEART WIRE WALL TIDY
21794,2064.47,501,93,93,CLASSIC FRENCH STYLE BASKET NATURAL
21874,2060.20,1532,192,190,GIN AND TONIC MUG
22283,2058.94,258,118,117,6 EGG HOUSE PAINTED WOOD
22360,2058.10,730,148,141,GLASS JAR ENGLISH CONFECTIONERY
22331,2054.96,1288,139,139,WOODLAND PARTY BAG + STICKER SET
22567,2048.94,1554,188,178,20 DOLLY PEGS RETROSPOT
37448,2043.00,1404,161,154,CERAMIC CAKE DESIGN SPOTTED MUG
72807C,2042.17,489,110,110,SET/3 VANILLA SCENTED CANDLE IN BOX
21906,2027.19,305,93,92,PHARMACIE FIRST AID TIN
21876,2025.72,1736,192,189,POTTERING MUG
23427,2024.40,168,107,105,STOOL HOME SWEET HOME 
22963,2020.01,2471,206,205,JAM JAR WITH GREEN LID
22175,2017.75,697,140,138,PINK OWL SOFT TOY
22812,2014.37,995,121,116,PACK 3 BOXES CHRISTMAS PANNETONE
23152,2013.51,545,152,149,IVORY SWEETHEART WIRE LETTER RACK 
21781,2012.50,138,82,81,MA CAMPAGNE CUTLERY BOX
84050,2009.03,1243,182,176,PINK HEART SHAPE EGG FRYING PAN
21787,1998.43,2359,168,162,RAIN PONCHO RETROSPOT
21238,1992.97,2367,268,265,RED RETROSPOT CUP
23490,1988.13,539,96,95,T-LIGHT HOLDER HANGING LOVE BIRD
23424,1986.75,413,104,103,GINGHAM RECIPE BOOK BOX
85174,1985.67,497,84,80,S/4 CACTI CANDLES
20983,1982.76,2340,247,231,12 PENCILS TALL TUBE RED RETROSPOT
84509A,1982.24,540,138,138,SET OF 4 ENGLISH ROSE PLACEMATS
20829,1979.55,939,167,161,GLITTER HANGING BUTTERFLY STRING
22437,1975.35,2327,174,171,SET OF 9 BLACK SKULL BALLOONS
22224,1973.60,688,117,115,WHITE LOVEBIRD LANTERN
37500,1972.46,338,80,80,TEA TIME TEAPOT IN GIFT BOX
21244,1967.47,1171,138,137,BLUE POLKADOT PLATE 
22489,1964.49,4590,296,292,PACK OF 12 TRADITIONAL CRAYONS
23066,1963.65,245,76,76,SMALL DECO JEWELLERY STAND
22930,1961.27,777,144,142,BAKING MOULD HEART MILK CHOCOLATE
20973,1955.35,2963,286,272,12 PENCIL SMALL TUBE WOODLAND
22441,1951.00,930,172,166,GROW YOUR OWN BASIL IN ENAMEL MUG
22863,1948.35,693,95,93,SOAP DISH BROCANTE
23211,1944.96,1560,115,111,RED ROCKING HORSE HAND PAINTED
22185,1944.38,1320,129,125,SLATE TILE NATURAL HANGING
20754,1940.40,924,237,233,RETROSPOT RED WASHING UP GLOVES
22824,1938.25,55,43,43,3 TIER SWEETHEART GARDEN SHELF
21115,1938.21,403,132,128,ROSE CARAVAN DOORSTOP
21243,1937.05,1153,139,138,PINK  POLKADOT PLATE 
22509,1931.75,205,82,80,SEWING BOX RETROSPOT DESIGN 
23075,1931.30,470,80,77,PARLOUR CERAMIC WALL HOOK
22121,1930.89,333,116,114,NOEL WOODEN BLOCK LETTERS 
21810,1929.95,4201,181,166,CHRISTMAS HANGING STAR WITH BELL
22743,1916.85,723,151,147,MAKE YOUR OWN FLOWERPOWER CARD KIT
22644,1902.54,1572,184,182,CERAMIC CHERRY CAKE MONEY BANK
84832,1900.47,2223,189,185,ZINC WILLIE WINKIE  CANDLE STICK
23294,1897.30,2292,288,277,SET OF 6 SNACK LOAF BAKING CASES
84880,1896.15,303,68,65,WHITE WIRE EGG HOLDER
22645,1895.93,1469,233,229,CERAMIC HEART FAIRY CAKE MONEY BANK
21452,1895.35,649,134,132,TOADSTOOL MONEY BOX
23315,1894.70,202,76,76,IVORY REFECTORY CLOCK
22906,1894.20,1148,192,179,12 MESSAGE CARDS WITH ENVELOPES
23212,1893.59,1531,149,140,HEART WREATH DECORATION WITH BELL
22349,1890.73,513,114,112,DOG BOWL CHASING BALL DESIGN
23093,1889.00,772,123,122,SMALL PARISIENNE HEART PHOTO FRAME 
21588,1887.75,753,134,128,RETROSPOT GIANT TUBE MATCHES
20677,1887.22,1503,202,198,PINK POLKADOT BOWL
23437,1886.25,1509,110,110, 50'S CHRISTMAS GIFT BAG LARGE
22592,1886.08,506,91,91,CARDHOLDER HOLLY WREATH METAL
23309,1885.85,3383,293,272,SET OF 60 I LOVE LONDON CAKE CASES 
22616,1884.77,5923,345,330,PACK OF 12 LONDON TISSUES 
21811,1883.62,3568,160,149,HANGING HEART WITH BELL
22374,1882.84,448,159,156,AIRLINE BAG VINTAGE JET SET RED
20675,1882.46,1505,210,207,BLUE POLKADOT BOWL
22733,1882.31,1471,144,141,3D TRADITIONAL CHRISTMAS STICKERS
20978,1878.75,1503,184,178,36 PENCILS TUBE SKULLS
23486,1876.65,117,67,67,ANTIQUE HEART SHELF UNIT
22241,1875.00,1500,168,163,GARLAND WOODEN HAPPY EASTER
22704,1869.00,4450,169,168,WRAP RED APPLES 
22070,1866.43,538,84,82,SMALL RED RETROSPOT MUG IN BOX 
22763,1865.65,191,94,93,KEY CABINET MA CAMPAGNE
23491,1864.50,226,77,76,VINTAGE JINGLE BELLS HEART
21993,1859.85,1306,211,204,FLORAL FOLK STATIONERY SET
23197,1851.04,1272,185,182,SKETCHBOOK MAGNETIC SHOPPING LIST
20717,1850.88,1476,230,225,STRAWBERRY SHOPPER BAG
23357,1843.55,435,91,88,HOT WATER BOTTLE SEX BOMB
37450,1841.00,668,103,98,CERAMIC CAKE BOWL + HANGING CAKES
23094,1837.50,147,74,74,LE GRAND TRAY CHIC SET
20977,1836.25,1469,144,141,36 PENCILS TUBE WOODLAND
22329,1834.95,1147,151,149,ROUND CONTAINER SET OF 5 RETROSPOT
22732,1815.90,1414,126,125,3D VINTAGE CHRISTMAS STICKERS 
22059,1815.73,1557,151,140,CERAMIC STRAWBERRY DESIGN MUG
23352,1815.00,1452,163,160,ROLL WRAP 50'S RED CHRISTMAS 
23068,1812.41,745,132,129,ALUMINIUM STAMPED HEART
22691,1810.64,244,95,94,DOORMAT WELCOME SUNRISE
22672,1810.02,1094,158,156,FRENCH BATHROOM SIGN BLUE METAL
21042,1802.85,303,109,105,RED RETROSPOT APRON 
22291,1802.35,1243,97,90,HANGING CHICK CREAM DECORATION
23029,1801.80,1092,136,136,DRAWER KNOB CRACKLE GLAZE GREEN
21034,1798.35,1893,952,859,REX CASH+CARRY JUMBO SHOPPER
21381,1796.47,1063,142,136,MINI WOODEN HAPPY BIRTHDAY GARLAND
22983,1791.63,4257,326,325,CARD BILLBOARD FONT
21934,1791.20,1088,141,141,SKULL SHOULDER BAG
72351B,1789.20,852,147,144,SET/6 PINK  BUTTERFLY T-LIGHTS
84968A,1787.85,147,49,48,SET OF 16 VINTAGE ROSE CUTLERY
22973,1785.28,1096,111,109,CHILDREN'S CIRCUS PARADE MUG
22744,1785.07,689,149,145,MAKE YOUR OWN MONSOON CARD KIT
21622,1785.00,364,94,92,VINTAGE UNION JACK CUSHION COVER
21985,1784.59,5583,350,344,PACK OF 12 HEARTS DESIGN TISSUES 
22196,1783.33,2065,257,245,SMALL HEART MEASURING SPOONS
22563,1783.04,1429,250,240,HAPPY STENCIL CRAFT
72802C,1780.37,457,87,84,VANILLA SCENT CANDLE JEWELLED BOX
21495,1774.50,4225,156,156,SKULLS AND CROSSBONES WRAP
21976,1767.93,3215,278,265,PACK OF 60 MUSHROOM CAKE CASES
22897,1766.91,1231,173,171,OVEN MITT APPLES DESIGN
16156S,1757.00,4200,160,160,WRAP PINK FAIRY CAKES 
21109,1756.95,645,71,67,LARGE CAKE TOWEL CHOCOLATE SPOTS
23148,1756.50,2118,244,234,MINIATURE ANTIQUE ROSE HOOK IVORY
23438,1745.00,1396,99,97, RED SPOT GIFT BAG LARGE
20751,1740.90,829,195,169,FUNKY WASHING UP GLOVES ASSORTED
23031,1739.10,1054,138,136,DRAWER KNOB CRACKLE GLAZE PINK
22914,1737.00,356,135,133,BLUE COAT RACK PARIS FASHION
21561,1734.78,687,159,158,DINOSAUR LUNCH BOX WITH CUTLERY
22851,1733.51,2033,291,280,SET 20 NAPKINS FAIRY CAKES DESIGN 
22639,1733.37,763,131,127,SET OF 4 NAPKIN CHARMS HEARTS
22588,1732.41,605,137,135,CARD HOLDER GINGHAM HEART
22119,1731.36,348,110,103,PEACE WOODEN BLOCK LETTERS
22186,1723.79,801,119,118,RED STAR CARD HOLDER
22078,1722.00,820,148,139,RIBBON REEL LACE DESIGN 
23359,1721.85,907,76,75,SET OF 12 T-LIGHTS VINTAGE DOILY
22805,1720.66,1382,124,121,BLUE DRAWER KNOB ACRYLIC EDWARDIAN
22491,1716.64,2026,193,190,PACK OF 12 COLOURED PENCILS
22803,1715.90,46,25,25,IVORY EMBROIDERED QUILT 
22065,1712.66,3416,170,155,CHRISTMAS PUDDING TRINKET POT 
23233,1711.50,4075,155,154,WRAP POPPIES  DESIGN
23412,1711.38,239,71,70,HEART MIRROR ANTIQUE WHITE
23145,1710.66,1802,148,147,ZINC T-LIGHT HOLDER STAR LARGE
82580,1709.62,3054,374,369,BATHROOM METAL SIGN
21114,1705.28,1352,133,128,LAVENDER SCENTED FABRIC HEART
22660,1699.33,227,68,68,DOORMAT I LOVE LONDON
21041,1699.20,576,146,138,RED RETROSPOT OVEN GLOVE DOUBLE
23290,1698.75,1359,167,167,SPACEBOY CHILDRENS BOWL
23073,1694.00,142,60,59,GEORGIAN TRINKET BOX
23358,1689.90,528,68,67,HOT STUFF HOT WATER BOTTLE
23360,1682.85,863,109,104,SET 8 CANDLES VINTAGE DOILY
23292,1681.22,1314,159,157,SPACEBOY CHILDRENS CUP
23227,1677.30,1352,85,85,FILIGREE HEART BUTTERFLY WHITE 
22483,1674.58,582,133,129,RED GINGHAM TEDDY BEAR 
23556,1664.55,138,54,51,LANDMARK FRAME COVENT GARDEN 
23235,1663.65,633,98,95,STORAGE TIN VINTAGE LEAF
22955,1662.74,861,110,105,36 FOIL STAR CAKE CASES 
21992,1658.69,1163,216,199,VINTAGE PAISLEY STATIONERY SET
23553,1658.35,138,61,60,LANDMARK FRAME CAMDEN TOWN 
22945,1656.55,1855,132,128,CHRISTMAS METAL TAGS ASSORTED 
21990,1655.05,1147,185,176,MODERN FLORAL STATIONERY SET
23500,1652.05,1325,90,81,KEY RING BASEBALL BOOT ASSORTED 
22736,1651.46,982,154,151,RIBBON REEL MAKING SNOWMEN 
21563,1647.22,698,128,128,RED HEART SHAPE LOVE BUCKET 
22832,1645.45,155,69,69,BROCANTE SHELF WITH HOOKS
21592,1643.11,1503,221,206,RETROSPOT CIGAR BOX MATCHES 
47570B,1642.68,180,26,26,TEA TIME TABLE CLOTH
23542,1641.78,214,67,67,WALL ART 70'S ALPHABET 
21056,1640.18,174,66,66,DOCTOR'S BAG SOFT TOY
22986,1638.42,3901,153,153,WRAP GINGHAM ROSE 
23274,1636.86,986,100,97,STAR T-LIGHT HOLDER WILLIE WINKIE
23214,1635.23,777,98,92,JINGLE BELL HEART ANTIQUE GOLD
85049G,1621.05,1292,242,225,CHOCOLATE BOX RIBBONS 
84596B,1620.73,3547,370,352,SMALL DOLLY MIX DESIGN ORANGE BOWL
47504K,1618.22,1694,177,172,ENGLISH ROSE GARDEN SECATEURS
23445,1616.01,1947,91,89,ICE CREAM BUBBLES
22807,1613.04,604,110,106,SET OF 6 T-LIGHTS TOADSTOOLS
22115,1612.01,1375,184,182,METAL SIGN EMPIRE TEA
22789,1605.84,838,131,126,T-LIGHT HOLDER SWEETHEART HANGING
23167,1596.68,1916,163,156,SMALL CERAMIC TOP STORAGE JAR 
22579,1595.56,4568,285,273,WOODEN TREE CHRISTMAS SCANDINAVIAN
21534,1593.45,327,131,124,DAIRY MAID LARGE MILK JUG
22831,1593.00,540,105,103,WHITE BROCANTE SOAP DISH
16169E,1590.96,3788,144,143,WRAP 50'S  CHRISTMAS
21584,1589.90,966,158,145,RETROSPOT SMALL TUBE MATCHES
20981,1573.35,1851,211,208,12 PENCILS TALL TUBE WOODLAND
84356,1570.15,337,46,46,POMPOM CURTAIN
21249,1568.40,552,77,77,WOODLAND  HEIGHT CHART STICKERS 
20982,1567.11,1851,220,213,12 PENCILS TALL TUBE SKULLS
23194,1564.67,698,171,164,GYMKHANA TREASURE BOOK BOX
22110,1564.61,618,163,154,BIRD HOUSE HOT WATER BOTTLE
23681,1564.20,948,115,113,LUNCH BAG RED VINTAGE DOILY
21900,1564.15,2367,268,263,"KEY FOB , SHED"
21201,1563.45,647,71,68,TROPICAL  HONEYCOMB PAPER GARLAND 
46000M,1562.40,1008,134,133,POLYESTER FILLER PAD 45x45cm
85034C,1560.64,1072,142,131,3 ROSE MORRIS BOXED CANDLES
23367,1558.25,2401,237,230,SET 12 COLOUR PENCILS SPACEBOY 
23317,1557.90,162,71,70,BLUE REFECTORY CLOCK 
22774,1548.51,1239,96,93,RED DRAWER KNOB ACRYLIC EDWARDIAN
37495,1547.40,428,84,84,FAIRY CAKE BIRTHDAY CANDLE SET
23399,1546.43,1823,191,176,HOME SWEET HOME HANGING HEART
22602,1543.74,1818,180,173,RETROSPOT WOODEN HEART DECORATION
23302,1542.23,1025,190,184,KNEELING MAT HOUSEWORK  DESIGN
22928,1535.57,251,88,88,YELLOW GIANT GARDEN THERMOMETER
37446,1535.05,1105,156,145,MINI CAKE STAND WITH HANGING CAKES
21207,1533.90,982,86,84,SKULL AND CROSSBONES  GARLAND 
23273,1533.84,928,98,97,HEART T-LIGHT HOLDER WILLIE WINKIE
21718,1533.67,1225,144,142,RED METAL BEACH SPADE 
23213,1533.67,1235,122,118,STAR WREATH DECORATION WITH BELL
22828,1530.00,10,7,7,REGENCY MIRROR WITH SHUTTERS
22593,1529.61,1761,140,136,CHRISTMAS GINGHAM STAR
22428,1528.73,221,92,92,ENAMEL FIRE BUCKET CREAM
22156,1526.96,1803,158,151,HEART DECORATION WITH PEARLS 
22891,1519.01,345,108,104,TEA FOR ONE POLKADOT
21918,1516.54,3593,274,270,SET 12 KIDS COLOUR  CHALK STICKS
21870,1516.25,1213,139,135,I CAN ONLY PLEASE ONE PERSON MUG
23048,1514.74,364,91,84,SET OF 10 LANTERNS FAIRY LIGHT STAR
23028,1512.99,911,113,111,DRAWER KNOB CRACKLE GLAZE BLUE
22852,1507.92,354,108,108,DOG BOWL VINTAGE CREAM
22996,1505.76,3592,296,287,TRAVEL CARD WALLET VINTAGE TICKET
21878,1504.43,1769,152,147,PACK OF 6 SANDCASTLE FLAGS ASSORTED
22220,1499.50,214,75,74,CAKE STAND LOVEBIRD 2 TIER WHITE
22799,1497.80,198,80,79,SWEETHEART WIRE FRUIT BOWL
22653,1497.66,772,120,116,BUTTON BOX 
23181,1484.25,185,69,69,BULL DOG BOTTLE TOP WALL CLOCK
23555,1483.15,122,51,47,LANDMARK FRAME NOTTING HILL 
23462,1482.15,77,44,44,ROCOCO WALL MIRROR WHITE
23394,1481.25,395,124,119,POSTE FRANCE CUSHION COVER
23226,1478.59,1199,72,71,FILIGREE HEART DAISY WHITE
21240,1474.76,1750,207,203,BLUE POLKADOT CUP
23554,1470.65,121,55,53,LANDMARK FRAME OXFORD STREET
22131,1469.62,738,180,170,FOOD CONTAINER SET 3 LOVE HEART 
21749,1469.40,724,101,101,LARGE RED RETROSPOT WINDMILL
22244,1468.95,757,90,87,3 HOOK HANGER MAGIC GARDEN
22747,1467.90,699,171,166,POPPY'S PLAYHOUSE BATHROOM
23436,1461.25,1169,88,88,VINTAGE CHRISTMAS GIFT BAG LARGE 
22959,1459.92,3476,132,132,WRAP CHRISTMAS VILLAGE
16161U,1459.50,3475,131,131,WRAP SUKI AND FRIENDS
23391,1458.15,361,71,69, I LOVE LONDON MINI BACKPACK
23228,1456.54,1157,77,76,FILIGREE HEART BIRD WHITE 
22312,1454.99,503,98,93,OFFICE MUG WARMER POLKADOT
21704,1453.02,1692,169,168,BAG 250g SWIRLY MARBLES
21626,1446.90,742,76,74,VINTAGE UNION JACK PENNANT
22548,1440.60,1153,178,173,HEADS AND TAILS SPORTING FUN
21845,1436.69,1547,78,77,DAIRY MAID STRIPE MUG
22314,1434.09,517,96,93,OFFICE MUG WARMER CHOC+BLUE
21506,1431.36,3408,247,244,"FANCY FONT BIRTHDAY CARD, "
22364,1429.97,519,99,95,GLASS JAR DIGESTIVE BISCUITS
22282,1425.27,111,64,64,12 EGG HOUSE PAINTED WOOD
22176,1423.35,489,101,98,BLUE OWL SOFT TOY
21494,1422.53,1048,132,124,ROTATING LEAVES T-LIGHT HOLDER
21471,1419.45,399,93,91,STRAWBERRY RAFFIA FOOD COVER
22562,1417.78,1134,192,186,MONSTERS STENCIL CRAFT
47599B,1417.50,675,102,102,BLUE PARTY BAGS 
21980,1415.91,4423,240,238,PACK OF 12 RED RETROSPOT TISSUES 
22037,1413.28,3363,257,252,ROBOT BIRTHDAY CARD
23552,1412.32,679,104,96,BICYCLE PUNCTURE REPAIR KIT 
72351A,1411.20,672,132,126,SET/6 TURQUOISE BUTTERFLY T-LIGHTS
22526,1406.40,112,67,67,WHEELBARROW FOR CHILDREN 
22975,1405.97,1118,144,142,SPACEBOY CHILDRENS EGG CUP
22080,1405.80,852,128,123,RIBBON REEL POLKADOTS 
85015,1404.22,1842,113,111,SET OF 12  VINTAGE POSTCARD SET
22398,1402.20,2353,229,225,MAGNETS PACK OF 4 SWALLOWS
23289,1401.25,1121,139,138,DOLLY GIRL CHILDRENS BOWL
22853,1396.95,431,101,101,CAT BOWL VINTAGE CREAM
22571,1396.55,1643,179,170,ROCKING HORSE RED CHRISTMAS 
23434,1395.40,1492,134,132,3 RAFFIA RIBBONS 50'S CHRISTMAS 
22243,1395.15,847,102,99,5 HOOK HANGER RED MAGIC TOADSTOOL
22027,1391.75,3301,257,254,TEA PARTY BIRTHDAY CARD
23536,1389.67,241,71,71,WALL ART VILLAGE SHOW 
21792,1388.65,331,70,70,CLASSIC FRENCH STYLE BASKET GREEN 
22284,1387.65,841,103,98,HEN HOUSE DECORATION
22412,1385.10,661,115,111,METAL SIGN NEIGHBOURHOOD WITCH 
85038,1384.18,682,114,107,6 CHOCOLATE LOVE HEART T-LIGHTS
21098,1377.73,1004,178,157,CHRISTMAS TOILET ROLL
23291,1377.39,1069,142,140,DOLLY GIRL CHILDRENS CUP
23244,1376.11,733,103,103,ROUND STORAGE TIN VINTAGE LEAF
22285,1376.10,834,94,90,HANGING HEN ON NEST DECORATION
22378,1376.06,945,99,97,WALL TIDY RETROSPOT 
23546,1375.50,3275,121,120,WRAP PAISLEY PARK 
23348,1371.48,680,127,122,CHILDRENS TOY COOKING UTENSIL SET
22445,1368.20,472,100,93,PENCIL CASE LIFE IS BEAUTIFUL
21055,1368.14,146,84,82,TOOL BOX SOFT TOY 
23251,1367.50,1094,97,96,VINTAGE RED ENAMEL TRIM MUG 
84818,1366.80,1304,99,98,DANISH ROSE PHOTO FRAME
22574,1364.94,1548,153,150,HEART WOODEN CHRISTMAS DECORATION
85061W,1364.28,1626,119,106,WHITE JEWELLED HEART DECORATION
11001,1363.72,788,62,60,ASSTD DESIGN RACING CAR PEN
22498,1362.55,229,97,96,WOODEN REGATTA BUNTING
85034B,1362.44,884,94,90,3 WHITE CHOC MORRIS BOXED CANDLES
22933,1361.40,468,89,88,BAKING MOULD EASTER EGG MILK CHOC
21239,1360.20,1614,194,191,PINK  POLKADOT CUP
82581,1359.72,2434,296,295,TOILET METAL SIGN
21916,1356.82,3211,252,245,SET 12 RETRO WHITE CHALK STICKS
23558,1356.70,113,49,46,LANDMARK FRAME LONDON BRIDGE 
23104,1355.50,116,44,44,IVORY CAFE HANGING LAMP 
22030,1353.03,3201,235,232,SWALLOWS GREETING CARD
85040A,1348.19,807,132,125,S/4 PINK FLOWER CANDLES IN BOWL
23374,1348.08,1644,118,118,RED SPOT PAPER GIFT BAG
23414,1348.01,139,62,62,ZINC BOX SIGN HOME
22934,1343.60,488,68,68,BAKING MOULD EASTER EGG WHITE CHOC
22358,1341.28,456,113,110,KINGS CHOICE TEA CADDY 
51014A,1335.29,2685,153,149,"FEATHER PEN,HOT PINK"
22357,1332.60,324,87,87,KINGS CHOICE BISCUIT TIN
22199,1328.50,384,99,98,FRYING PAN RED RETROSPOT
23267,1327.50,1062,93,90,SET OF 4 SANTA PLACE SETTINGS
22792,1325.51,1553,121,119,FLUTED ANTIQUE CANDLE HOLDER
17003,1325.01,4051,149,146,BROCADE RING PURSE 
35004C,1324.65,273,37,37,SET OF 3 COLOURED  FLYING DUCKS
23470,1323.40,220,75,75,CARD HOLDER LOVE BIRD LARGE 
23400,1318.88,224,94,93,SHELF WITH 4 HOOKS HOME SWEET HOME
85049C,1318.71,1054,211,204,ROMANTIC PINKS RIBBONS 
23096,1316.63,791,116,114,PETIT TRAY CHIC
23101,1315.40,1588,191,185,SILVER STARS TABLE DECORATION
22976,1313.59,1047,116,112,CIRCUS PARADE CHILDRENS EGG CUP 
35961,1309.00,1540,155,149,FOLKART ZINC HEART CHRISTMAS DEC
22696,1307.36,694,130,123,WICKER WREATH LARGE
21832,1306.73,785,122,115,CHOCOLATE CALCULATOR
21078,1306.24,1534,195,191,SET/20 STRAWBERRY PAPER NAPKINS 
15060B,1305.87,351,94,94,FAIRY CAKE DESIGN UMBRELLA
22076,1304.37,1035,114,113,6 RIBBONS EMPIRE  
22604,1303.96,533,109,103,SET OF 4 NAPKIN CHARMS CUTLERY
21591,1303.75,1043,153,142,COSY HOUR CIGAR BOX MATCHES 
22306,1303.29,1138,103,99,SILVER MUG BONE CHINA TREE OF LIFE
23090,1303.02,1566,121,118,VINTAGE GLASS T-LIGHT HOLDER
84596F,1300.51,2789,298,282,SMALL MARSHMALLOWS PINK BOWL
21033,1298.75,562,105,104,JUMBO BAG CHARLIE AND LOLA TOYS
23403,1296.46,356,110,108,LETTER HOLDER HOME SWEET HOME
22055,1293.88,992,145,139,MINI CAKE STAND  HANGING STRAWBERY
84212,1287.65,1981,84,84,"""ASSORTED FLOWER COLOUR """"LEIS"""""""
22332,1284.30,790,129,127,SKULLS PARTY BAG + STICKER SET
23346,1283.75,1027,136,132,SPACEBOY BEAKER
22573,1279.29,1461,150,148,STAR WOODEN CHRISTMAS DECORATION
22503,1279.20,64,16,16,CABIN BAG VINTAGE PAISLEY
21470,1278.63,338,115,114,FLOWER VINE RAFFIA FOOD COVER
22227,1276.85,1969,182,170,HANGING HEART MIRROR DECORATION 
72802A,1275.92,316,57,55,ROSE SCENT CANDLE IN JEWELLED BOX
20963,1275.49,1002,125,121,APPLE BATH SPONGE
21714,1273.75,1019,126,125,CITRONELLA CANDLE GARDEN POT
22594,1272.70,1456,124,123,CHRISTMAS GINGHAM TREE
21713,1270.50,605,129,124,CITRONELLA CANDLE FLOWERPOT
21686,1268.35,33,18,18,MEDINA STAMPED METAL STOOL
21989,1268.20,1492,206,200,PACK OF 20 SKULL PAPER NAPKINS
84969,1267.99,295,73,73,BOX OF 6 ASSORTED COLOUR TEASPOONS
20674,1267.46,1013,147,144,GREEN POLKADOT BOWL
22075,1267.07,941,120,115,6 RIBBONS ELEGANT CHRISTMAS 
23270,1265.90,878,123,116,SET OF 2 CERAMIC PAINTED HEARTS 
23155,1264.62,1530,107,105,KNICKERBOCKERGLORY MAGNET ASSORTED 
84971S,1264.35,1535,115,112,SMALL HEART FLOWERS HOOK 
22859,1263.90,766,126,123,EASTER TIN BUNNY BOUQUET
21328,1262.20,760,194,187,BALLOONS  WRITING SET 
84580,1260.05,335,123,120,MOUSE TOY WITH PINK T-SHIRT
21206,1259.40,932,75,73,STRAWBERRY HONEYCOMB  GARLAND 
23250,1258.75,1007,88,88,VINTAGE RED TRIM ENAMEL BOWL 
22601,1258.02,1458,151,147,CHRISTMAS RETROSPOT ANGEL WOOD
21394,1257.82,3102,107,107,RED POLKADOT BEAKER 
35953,1254.33,2945,88,84,FOLKART STAR CHRISTMAS DECORATIONS
84279P,1253.97,339,98,94,CHERRY BLOSSOM  DECORATIVE FLASK
85035C,1251.45,817,113,106,ROSE 3 WICK MORRIS BOX CANDLE
22461,1251.25,231,45,45,SAVOY ART DECO CLOCK
22591,1250.84,374,63,63,CARDHOLDER GINGHAM CHRISTMAS TREE
84795B,1249.65,167,40,40,SUNSET CHECK HAMMOCK
15044A,1248.28,428,79,78,PINK PAPER PARASOL 
23345,1247.50,998,133,128, DOLLY GIRL BEAKER
22731,1247.47,967,105,104,3D CHRISTMAS STAMPS STICKERS 
23161,1247.40,1008,62,62,REGENCY CAKE FORK
10135,1246.99,1288,115,112,COLOURING PENCILS BROWN TUBE
71038,1244.95,239,49,47,WHITE HANGING BEADS CANDLE HOLDER
85206A,1241.40,772,105,102,CREAM FELT EASTER EGG BASKET
23371,1241.25,993,136,129,SET 36 COLOUR PENCILS SPACEBOY 
21793,1240.44,296,67,66,CLASSIC FRENCH STYLE BASKET BROWN
22434,1240.43,635,114,110,BALLOON PUMP WITH 10 BALLOONS
22913,1237.05,255,94,94,RED COAT RACK PARIS FASHION
21577,1235.25,549,116,116,SAVE THE PLANET COTTON TOTE BAG
21982,1234.58,3830,261,250,PACK OF 12 SUKI TISSUES 
21899,1234.19,1885,222,216,GARAGE KEY FOB
22208,1234.10,1289,210,199,WOOD STAMP SET THANK YOU
22472,1234.07,293,82,80,TV DINNER TRAY DOLLY GIRL
85054,1233.31,551,90,87,FRENCH ENAMEL POT W LID
22982,1231.98,973,146,145,PANTRY PASTRY BRUSH
22674,1231.43,986,146,142,FRENCH TOILET SIGN BLUE METAL
22436,1230.30,1890,142,136,12 COLOURED PARTY BALLOONS
21528,1230.05,179,89,86,DAIRY MAID TRADITIONAL TEAPOT 
23057,1228.99,341,41,38,BEADED CHANDELIER T-LIGHT HOLDER
85183B,1228.25,977,107,106,CHARLIE & LOLA WASTEPAPER BIN FLORA
84032B,1228.24,510,132,129,CHARLIE + LOLA RED HOT WATER BOTTLE
22475,1225.95,281,112,109,SKULL DESIGN TV DINNER TRAY
22198,1225.45,773,52,52,LARGE POPCORN HOLDER 
22931,1223.41,482,110,107,BAKING MOULD HEART WHITE CHOCOLATE
22770,1223.25,83,55,55,MIRROR CORNICE
23370,1218.75,975,110,103,SET 36 COLOURING PENCILS DOILY
22449,1217.68,365,89,87,SILK PURSE BABUSHKA PINK
22443,1216.35,153,81,80,GROW YOUR OWN HERBS SET OF 3
21609,1215.35,425,72,70,SET 12 LAVENDER  BOTANICAL T-LIGHTS
72807B,1214.90,290,81,77,SET/3 OCEAN SCENT CANDLE JEWEL BOX
22777,1213.80,150,40,40,GLASS CLOCHE LARGE
22085,1211.65,427,73,72,PAPER CHAIN KIT SKULLS 
21620,1211.25,811,131,124,SET OF 4 ROSE BOTANICAL CANDLES
22200,1209.54,326,77,76,FRYING PAN PINK POLKADOT
22278,1207.80,244,87,82,OVERNIGHT BAG VINTAGE ROSE PAISLEY
22361,1207.25,419,125,122,GLASS JAR DAISY FRESH COTTON WOOL
22816,1202.04,2862,172,168,CARD MOTORBIKE SANTA
21564,1201.72,536,100,100,PINK  HEART SHAPE LOVE BUCKET 
23005,1201.20,2860,173,166,TRAVEL CARD WALLET I LOVE LONDON
23444,1200.00,79,79,79,Next Day Carriage
23061,1199.96,964,91,88,VINTAGE EMBOSSED HEART
22600,1199.86,1396,144,142,CHRISTMAS RETROSPOT STAR WOOD
22929,1199.75,19,13,13,SCHOOL DESK AND CHAIR 
84968C,1198.50,94,48,48,SET OF 16 VINTAGE PISTACHIO CUTLERY
22350,1197.60,468,88,87,ILLUSTRATED CAT BOWL 
22299,1193.90,1220,41,41,PIG KEYRING WITH LIGHT & SOUND 
22377,1193.89,768,102,102,BOTTLE BAG RETROSPOT 
72807A,1192.92,284,67,65,SET/3 ROSE CANDLE IN JEWELLED BOX
21624,1190.80,204,85,82,VINTAGE UNION JACK DOORSTOP
22293,1190.45,821,89,82,HANGING CHICK GREEN DECORATION
15044D,1190.04,416,71,70,RED PAPER PARASOL
72802B,1189.94,310,71,71,OCEAN SCENT CANDLE IN JEWELLED BOX
21313,1188.86,1403,116,114,GLASS HEART T-LIGHT HOLDER 
22414,1187.67,153,69,69,DOORMAT NEIGHBOURHOOD WITCH 
21813,1187.10,250,41,40,GARLAND WITH STARS AND BELLS
21705,1182.21,1077,109,107,BAG 500g SWIRLY MARBLES
22818,1181.88,2814,159,157,CARD CHRISTMAS VILLAGE
20961,1180.61,929,129,126,STRAWBERRY BATH SPONGE 
20992,1178.25,2685,247,230,JAZZ HEARTS PURSE NOTEBOOK
22664,1178.18,642,102,102,TOY TIDY DOLLY GIRL DESIGN
23334,1178.04,1876,98,93,IVORY WICKER HEART SMALL
22442,1177.80,292,74,74,GROW YOUR OWN FLOWERS SET OF 3
22439,1176.80,1768,163,156,6 ROCKET BALLOONS 
21111,1171.55,693,51,49,"SWISS ROLL TOWEL, CHOCOLATE  SPOTS"
22168,1171.30,139,75,75,ORGANISER WOOD ANTIQUE WHITE 
23501,1170.80,940,80,76,KEY RING BASEBALL BOOT UNION JACK
23401,1167.81,205,68,68,RUSTIC MIRROR WITH LACE HEART
22576,1167.63,1359,129,124,SWALLOW WOODEN CHRISTMAS DECORATION
23406,1167.09,197,93,92,HOME SWEET HOME KEY HOLDER
22948,1164.16,1312,105,97,METAL DECORATION NAUGHTY CHILDREN 
22318,1161.00,396,90,89,FIVE HEART HANGING DECORATION
22534,1160.22,2783,199,194,MAGIC DRAWING SLATE SPACEBOY 
22292,1160.00,800,94,87,HANGING CHICK  YELLOW DECORATION
22788,1157.75,120,45,45,BROCANTE COAT RACK
22582,1157.56,453,76,74,PACK OF 6 SWEETIE GIFT BOXES
22676,1153.64,920,138,136,FRENCH BLUE METAL DOOR SIGN 1
22128,1151.69,925,65,65,PARTY CONES CANDY ASSORTED
22311,1150.70,358,95,88,OFFICE MUG WARMER BLACK+SILVER 
22858,1150.05,697,109,106,EASTER TIN KEEPSAKE
21544,1149.80,1364,110,108,SKULLS  WATER TRANSFER TATTOOS 
23067,1149.55,277,78,71,HANGING ENGRAVED METAL HEART
21742,1148.35,193,92,89,LARGE ROUND WICKER PLATTER 
84813,1146.97,145,22,22,SET OF 4 DIAMOND NAPKIN RINGS
22783,1146.60,108,29,29,SET 3 WICKER OVAL BASKETS W LIDS
22610,1144.46,4970,139,138,PENS ASSORTED FUNNY FACE
21901,1142.86,1746,244,234,"KEY FOB , BACK DOOR "
21913,1142.53,305,89,89,VINTAGE SEASIDE JIGSAW PUZZLES
23160,1142.40,924,56,55,REGENCY TEA SPOON
23268,1141.63,763,76,75,SET OF 2 CERAMIC CHRISTMAS REINDEER
23271,1140.18,1366,76,73,CHRISTMAS TABLE SILVER CANDLE SPIKE
23193,1139.97,507,137,131,BUFFALO BILL TREASURE BOOK BOX
23405,1137.95,237,60,57,HOME SWEET HOME 2 DRAWER CABINET
23221,1137.91,1317,113,109,REINDEER HEART DECORATION SILVER
23142,1137.65,116,36,36,IVORY WIRE KITCHEN ORGANISER
22650,1136.00,800,108,106,CERAMIC PIRATE CHEST MONEY BANK
21706,1134.58,229,69,68,FOLDING UMBRELLA RED/WHITE POLKADOT
85159B,1134.50,622,59,59,"WHITE TEA,COFFEE,SUGAR JARS"
22977,1132.46,905,113,111,DOLLY GIRL CHILDRENS EGG CUP
22742,1132.12,484,90,87,MAKE YOUR OWN PLAYTIME CARD KIT
21744,1128.09,367,84,80,SNOWFLAKE PORTABLE TABLE LIGHT 
21361,1127.85,91,54,54,LOVE LARGE WOOD LETTERS 
21123,1125.81,903,101,96,SET/10 IVORY POLKADOT PARTY CANDLES
85178,1123.59,895,90,88,VICTORIAN SEWING KIT
22047,1123.50,2675,103,101,EMPIRE GIFT WRAP
21703,1123.27,2652,216,212,BAG 125g SWIRLY MARBLES
22071,1122.29,358,73,70,SMALL WHITE RETROSPOT MUG IN BOX 
22154,1120.56,2668,113,106,ANGEL DECORATION 3 BUTTONS 
22060,1118.95,233,37,34,LARGE CAKE STAND HANGING HEARTS
21352,1118.65,311,37,37,EUCALYPTUS & PINECONE  WREATH
22675,1118.61,888,126,121,FRENCH KITCHEN SIGN BLUE METAL
23217,1117.72,858,83,81,LAUREL HEART ANTIQUE SILVER
21107,1117.20,408,62,58,CREAM SLICE FLANNEL PINK SPOT 
22716,1116.75,2656,210,209,CARD CIRCUS PARADE
84032A,1112.91,449,108,105,CHARLIE+LOLA PINK HOT WATER BOTTLE
21507,1106.64,2630,192,191,"ELEPHANT, BIRTHDAY CARD, "
22130,1105.85,1301,89,86,PARTY CONE CHRISTMAS DECORATION 
37447,1104.89,757,76,76,CERAMIC CAKE DESIGN SPOTTED PLATE
15058A,1104.60,148,51,51,BLUE POLKADOT GARDEN PARASOL
22583,1104.15,433,78,76,PACK OF 6 HANDBAG GIFT BOXES
23368,1101.95,1699,183,176,SET 12 COLOUR PENCILS DOLLY GIRL 
21537,1101.75,263,57,56,RED RETROSPOT PUDDING BOWL
22320,1100.21,183,69,69,BIRDS MOBILE VINTAGE DESIGN
22712,1099.29,2591,203,200,CARD DOLLY GIRL 
22564,1098.76,885,162,157,ALPHABET STENCIL CRAFT
22471,1097.68,360,65,64,TV DINNER TRAY AIR HOSTESS 
37370,1097.36,888,109,102,RETRO COFFEE MUGS ASSORTED
85175,1095.62,2593,114,113,CACTI T-LIGHT CANDLES
22452,1094.80,388,68,66,MEASURING TAPE BABUSHKA PINK
47503A,1094.65,2466,165,158,ASS FLORAL PRINT MULTI SCREWDRIVER
21616,1093.75,755,108,104,4 PEAR BOTANICAL DINNER CANDLES
23034,1092.35,755,80,76,DRAWER KNOB CERAMIC BLACK
21519,1089.06,2593,182,182,GIN & TONIC DIET GREETING CARD 
21586,1086.45,443,64,64,KINGS CHOICE GIANT TUBE MATCHES
23071,1086.10,173,21,16,MARIE ANTOINETTE TRINKET BOX GOLD
23249,1085.70,658,67,66,VINTAGE RED ENAMEL TRIM PLATE
23000,1084.08,2588,203,200,TRAVEL CARD WALLET TRANSPORT
84510A,1083.59,863,149,142,SET OF 4 ENGLISH ROSE COASTERS
22473,1083.39,357,78,78,TV DINNER TRAY VINTAGE PAISLEY
22708,1081.50,2575,98,98,WRAP DOLLY GIRL
21820,1079.84,291,63,58,GLITTER HEART GARLAND WITH BELLS 
23041,1079.00,260,48,48,PAPER LANTERN 9 POINT SNOW STAR
84884A,1076.66,286,64,64,ANT WHITE WIRE HEART SPIRAL
79000,1075.00,1276,82,80,MOROCCAN TEA GLASS
21039,1074.66,410,76,76,RED RETROSPOT SHOPPING BAG
22073,1074.60,300,49,45,RED RETROSPOT STORAGE JAR
84828,1072.41,858,116,110,JUNGLE POPSICLES ICE LOLLY MOULDS
22063,1070.32,472,88,80,CERAMIC BOWL WITH STRAWBERRY DESIGN
23418,1068.96,534,61,60,LAVENDER TOILETTE BOTTLE
23286,1068.45,1257,153,153,BLUE VINTAGE SPOT BEAKER
21245,1066.30,630,99,96,GREEN POLKADOT PLATE 
22710,1060.50,2525,92,92,WRAP I LOVE LONDON 
22167,1059.95,121,59,58, OVAL WALL MIRROR DIAMANTE 
21917,1057.08,2511,183,180,SET 12 KIDS  WHITE CHALK STICKS
21693,1056.10,358,45,43,SMALL HAMMERED SILVER CANDLEPOT 
22375,1056.05,253,99,96,AIRLINE BAG VINTAGE JET SET BROWN
21509,1055.95,2501,189,189,COWBOYS AND INDIANS BIRTHDAY CARD 
22802,1055.70,66,35,34,FAUX FUR CHOCOLATE THROW
22711,1050.84,2502,98,97,WRAP CIRCUS PARADE
21988,1048.90,1234,142,140,PACK OF 6 SKULL PAPER PLATES
21578,1048.50,466,82,80,WOODLAND DESIGN  COTTON TOTE BAG
22671,1047.71,631,102,101,FRENCH LAUNDRY SIGN BLUE METAL
21615,1045.00,720,103,99,4 LAVENDER BOTANICAL DINNER CANDLES
22911,1042.94,358,81,80,PAPER CHAIN KIT LONDON
21812,1037.10,218,43,42,GARLAND WITH HEARTS AND BELLS
84968E,1035.06,87,22,22,SET OF 16 VINTAGE BLACK CUTLERY
21363,1034.55,209,95,90,HOME SMALL WOOD LETTERS
21464,1034.00,244,102,102,DISCO BALL ROTATOR BATTERY OPERATED
23402,1031.67,281,56,55,HOME SWEET HOME 3 PEG HANGER 
23326,1030.62,1642,46,45,HANGING MINI COLOURED BOTTLES
21619,1027.50,720,123,119,4 VANILLA BOTANICAL CANDLES
23287,1025.10,1206,143,140,RED VINTAGE SPOT BEAKER
23469,1018.88,248,62,62,CARD HOLDER LOVE BIRD SMALL
23483,1017.46,818,63,60,HANGING  BUTTERFLY T-LIGHT HOLDER
22611,1016.85,219,41,40,VINTAGE UNION JACK SHOPPING BAG
23411,1016.55,217,47,46, TRELLIS COAT RACK
82567,1011.41,497,151,149,"AIRLINE LOUNGE,METAL SIGN"
23056,1010.81,245,38,34,FLOWERS CHANDELIER T-LIGHT HOLDER
37342,1009.57,1267,62,61,POLKADOT COFFEE CUP & SAUCER PINK
21818,1009.33,2087,156,139,GLITTER HEART DECORATION
22474,1009.04,244,83,83,SPACEBOY TV DINNER TRAY
23460,1007.08,108,43,43,SWEETHEART WALL TIDY 
22677,1005.01,804,112,112,FRENCH BLUE METAL DOOR SIGN 2
23433,1003.17,1215,82,82,HANGING QUILTED PATCHWORK APPLES
22531,1000.02,2381,161,158,MAGIC DRAWING SLATE CIRCUS PARADE  
23135,999.72,219,36,36,SMALL ZINC HEART WALL ORGANISER
22997,999.42,2383,184,179,TRAVEL CARD WALLET UNION JACK
20665,998.20,340,73,73,RED RETROSPOT PURSE 
22203,996.13,310,91,91,MILK PAN RED RETROSPOT
22081,994.87,595,91,89,RIBBON REEL FLORA + FAUNA 
23452,990.90,510,81,81,HEART MINI PORTRAIT FRAME
23498,990.35,683,88,81,CLASSIC BICYCLE CLIPS 
21068,986.83,815,123,122,VINTAGE BILLBOARD LOVE/HATE MUG
21981,986.25,3123,187,182,PACK OF 12 WOODLAND TISSUES 
22603,986.15,1151,130,124,CHRISTMAS RETROSPOT TREE WOOD
21466,982.49,267,91,91,RED FLOWER CROCHET FOOD COVER
22476,980.77,211,78,77,EMPIRE UNION JACK TV DINNER TRAY
22912,980.10,198,90,89,YELLOW COAT RACK PARIS FASHION
21329,980.05,589,172,168,DINOSAURS  WRITING SET 
23372,980.00,784,101,95,SET 36 COLOUR PENCILS DOLLY GIRL
22985,976.50,2325,90,90,WRAP BILLBOARD FONTS DESIGN
21382,975.35,793,93,90,SET/4 SPRING FLOWER DECORATION
22530,974.76,2362,178,173,MAGIC DRAWING SLATE DOLLY GIRL 
22999,974.22,2323,189,182,TRAVEL CARD WALLET VINTAGE LEAF
84536A,972.28,2313,219,215,ENGLISH ROSE NOTEBOOK A7 SIZE
22028,971.65,2291,178,176,PENNY FARTHING BIRTHDAY CARD
22919,967.85,1489,196,189,HERB MARKER MINT
22107,967.48,293,74,69,PIZZA PLATE IN BOX
85132A,967.25,455,52,51,CHARLIE + LOLA BISCUITS TINS
75049L,966.25,773,83,77,LARGE CIRCULAR MIRROR MOBILE
84012,965.60,948,92,91,MAGIC SHEEP WOOL GROWING FROM PAPER
21179,965.07,1641,173,165,NO JUNK MAIL METAL SIGN
21407,965.00,233,94,94,BROWN CHECK CAT DOORSTOP 
22221,964.40,124,44,44,CAKE STAND LOVEBIRD 2 TIER PINK
20967,963.75,257,76,75,GREY FLORAL FELTCRAFT SHOULDER BAG
23559,963.68,470,77,74,WOODLAND BUNNIES LOLLY MAKERS
21071,962.38,789,109,106,VINTAGE BILLBOARD DRINK ME MUG
22334,962.24,588,91,90,DINOSAUR PARTY BAG + STICKER SET
21355,961.65,777,114,107,TOAST ITS - I LOVE YOU 
72817,961.40,1048,96,94,SET OF 2 CHRISTMAS DECOUPAGE CANDLE
22614,961.29,2957,175,170,PACK OF 12 SPACEBOY TISSUES
22917,960.70,1478,195,187,HERB MARKER ROSEMARY
22673,960.58,772,113,110,FRENCH GARDEN SIGN BLUE METAL
22066,960.50,2056,138,129,LOVE HEART TRINKET POT
22922,959.40,1122,84,84,FRIDGE MAGNETS US DINER ASSORTED
23269,955.55,659,78,75,SET OF 2 CERAMIC CHRISTMAS TREES
22949,955.55,659,85,84,36 DOILIES DOLLY GIRL
72349B,953.94,473,93,89,SET/6 PURPLE BUTTERFLY T-LIGHTS
23373,953.66,1163,86,86,VINTAGE CHRISTMAS PAPER GIFT BAG
22453,951.70,334,47,46,MEASURING TAPE BABUSHKA BLUE
84968F,951.30,78,30,30,SET OF 16 VINTAGE SKY BLUE CUTLERY
79302M,950.45,355,48,47,"ART LIGHTS,FUNK MONKEY"
23378,949.65,2435,153,141,PACK OF 12 50'S CHRISTMAS TISSUES
22575,948.90,494,78,75,METAL MERRY CHRISTMAS WREATH
23088,947.18,760,57,57,ZINC HEART FLOWER T-LIGHT HOLDER
21112,943.83,493,41,41,SWISS ROLL TOWEL PINK  SPOTS
21469,941.21,250,71,71,POLKA DOT RAFFIA FOOD COVER
22678,941.18,751,103,102,FRENCH BLUE METAL DOOR SIGN 3
22589,940.49,323,58,57,CARDHOLDER GINGHAM STAR
21447,936.25,749,92,91,12 IVORY ROSE PEG PLACE SETTINGS
22916,935.35,1439,191,183,HERB MARKER THYME
22372,935.33,221,101,101,AIRLINE BAG VINTAGE WORLD CHAMPION 
22680,932.47,745,103,100,FRENCH BLUE METAL DOOR SIGN 5
21830,932.35,2215,87,84,ASSORTED CREEPY CRAWLIES
21688,932.20,316,39,39,SILVER PLATE CANDLE BOWL SMALL
22735,932.13,553,88,85,RIBBON REEL SOCKS AND MITTENS
22920,932.10,1434,190,184,HERB MARKER BASIL
21198,931.56,964,51,50,WHITE HEART CONFETTI IN TUBE
23072,931.00,158,21,21,MARIE ANTOINETTE TRINKET BOX SILVER
22687,930.70,118,34,34,DOORMAT CHRISTMAS VILLAGE
23375,924.14,1127,88,87,50'S CHRISTMAS PAPER GIFT BAG
23153,923.63,248,78,78,ZINC SWEETHEART WIRE LETTER RACK
22165,921.85,123,37,37,"DIAMANTE HEART SHAPED WALL MIRROR, "
72800E,921.39,453,102,96,4 IVORY DINNER CANDLES SILVER FLOCK
23107,919.80,340,61,61,WHITE HEARTS WIRE PLANT POT HOLDER
21864,919.56,466,97,94,UNION JACK FLAG PASSPORT COVER 
21012,916.98,439,81,78,ANTIQUE ALL GLASS CANDLESTICK
21224,913.70,734,83,81,SET/4 SKULL BADGES
23113,912.60,196,41,41,PANTRY CHOPPING BOARD
22572,912.05,1073,131,124,ROCKING HORSE GREEN CHRISTMAS 
23366,911.95,1403,142,138,SET 12 COLOURING PENCILS DOILY
18097C,909.75,385,55,51,WHITE TALL PORCELAIN T-LIGHT HOLDER
22918,907.40,1396,192,184,HERB MARKER PARSLEY
23461,904.05,219,95,82,SWEETHEART BIRD HOUSE
22223,902.85,315,43,42,CAKE PLATE LOVEBIRD PINK
22808,899.80,320,54,54,SET OF 6 T-LIGHTS EASTER CHICKS
22494,899.12,698,117,117,EMERGENCY FIRST AID TIN 
23419,897.12,438,62,61,HOME SWEET HOME BOTTLE 
23138,896.65,625,79,74,SINGLE WIRE HOOK IVORY HEART
23119,894.73,1436,113,112,PACK OF 6 LARGE FRUIT STRAWS 
15058C,894.35,193,30,30,ICE CREAM DESIGN GARDEN PARASOL
23545,892.50,2125,81,80,WRAP RED VINTAGE DOILY
21700,892.50,1050,84,82,BIG DOUGHNUT FRIDGE MAGNETS
21679,891.22,1054,87,87,SKULLS  STICKERS
21395,890.76,2284,74,73,BLUE POLKADOT BEAKER 
84823,890.40,112,25,25,DANISH ROSE FOLDING CHAIR
21327,887.70,538,148,145,SKULLS WRITING SET 
84950,882.17,1345,86,84,ASSORTED COLOUR T-LIGHT HOLDER
21682,881.16,177,50,50,LARGE MEDINA STAMPED METAL BOWL 
23331,879.48,1396,85,80,DECORATIVE WICKER HEART SMALL
82599,879.18,421,87,85,FANNY'S REST STOPMETAL SIGN
82578,878.44,1562,222,218,KITCHEN METAL SIGN
21683,876.15,297,48,48,MEDIUM MEDINA STAMPED METAL BOWL 
21875,875.80,704,108,107,KINGS CHOICE MUG
10133,874.11,1814,118,116,COLOURING PENCILS BROWN TUBE
21872,872.49,693,121,116,GLAMOROUS  MUG
21902,871.45,1339,166,160,"KEY FOB , FRONT  DOOR "
22478,871.25,697,75,74,BIRDHOUSE GARDEN MARKER 
22905,868.97,336,67,65,CALENDAR IN SEASON DESIGN
15058B,866.25,115,41,41,PINK POLKADOT GARDEN PARASOL
15044B,865.65,307,48,48,BLUE PAPER PARASOL 
21389,865.30,1018,102,94,IVORY HANGING DECORATION  BIRD
84558A,864.35,293,64,60,3D DOG PICTURE PLAYING CARDS
84843,864.35,161,42,41,WHITE SOAP RACK WITH 2 BOTTLES
21809,864.26,1523,89,83,CHRISTMAS HANGING TREE WITH BELL
21967,863.64,2706,176,169,PACK OF 12 SKULL TISSUES
23055,860.97,225,36,33,IVORY CHANDELIER T-LIGHT HOLDER
20984,859.29,2741,170,161,12 PENCILS TALL TUBE POSY
21462,859.20,192,67,67,"NURSERY A,B,C PAINTED LETTERS"
23099,858.90,132,55,54,FRENCH CARRIAGE LANTERN
22419,858.12,1762,157,148,LIPSTICK PEN RED
23280,855.71,1035,127,125,FOLDING BUTTERFLY MIRROR HOT PINK 
21391,855.45,975,81,75,FRENCH LAVENDER SCENT HEART
70006,852.20,880,72,69,LOVE HEART POCKET WARMER
21617,851.75,473,80,76,4 LILY  BOTANICAL DINNER CANDLES
23102,851.43,1029,141,136,SILVER HEARTS TABLE DECORATION
22695,850.87,695,98,96,WICKER WREATH SMALL
22713,849.88,2025,147,141,CARD I LOVE LONDON 
21246,849.45,175,39,39,RED RETROSPOT BIG BOWL
23087,847.42,686,48,48,ZINC  HEART T-LIGHT HOLDER
23026,847.21,408,55,52,DRAWER KNOB VINTAGE GLASS STAR
85034A,844.04,492,76,67,3 GARDENIA MORRIS BOXED CANDLES
85227,843.28,982,156,144,SET OF 6 3D KIT CARDS FOR KIDS
22500,840.20,240,90,85,SET OF 2 TINS JARDIN DE PROVENCE
85185B,839.25,291,68,59,PINK HORSE SOCK PUPPET
21188,838.50,294,34,33,3D HEARTS  HONEYCOMB PAPER GARLAND
22860,836.55,507,86,84,EASTER TIN CHICKS PINK DAISY
22307,835.61,729,62,61,GOLD MUG BONE CHINA TREE OF LIFE
21695,834.85,283,36,35,SMALL SILVER FLOWER CANDLE POT
22444,833.75,667,33,32,GROW YOUR OWN PLANT IN A CAN 
51014C,833.58,1658,106,103,"FEATHER PEN,COAL BLACK"
21987,833.30,1282,148,143,PACK OF 6 SKULL PAPER CUPS
85232D,832.65,175,54,53,SET/3 DECOUPAGE STACKING TINS
22313,832.64,298,55,53,OFFICE MUG WARMER PINK
23523,832.23,237,37,37,WALL ART TREASURE AHOY 
20686,832.13,255,65,64,DOLLY MIXTURE CHILDREN'S UMBRELLA
23392,832.00,400,81,76,SPACEBOY ROCKET LOLLY MAKERS
23505,831.25,665,107,100,PLAYING CARDS I LOVE LONDON 
23479,827.50,110,41,40,WIRE EGG BASKET 
21821,825.45,223,41,40,GLITTER STAR GARLAND WITH BELLS 
22921,824.20,1268,169,163,HERB MARKER CHIVES 
23288,823.65,969,127,126,GREEN VINTAGE SPOT BEAKER
23134,822.60,113,32,32,LARGE ZINC HEART WALL ORGANISER
22761,821.30,34,24,24,CHEST 7 DRAWER MA CAMPAGNE
22376,820.69,193,85,82,AIRLINE BAG VINTAGE JET SET WHITE
23338,820.32,405,91,91,EGG FRYING PAN RED 
47580,818.71,330,78,76,TEA TIME DES TEA COSY
84944,818.40,444,71,69,SET OF 6 KASHMIR FOLKART BAUBLES
84819,815.79,651,61,61,DANISH ROSE ROUND SEWING BOX
84968D,814.92,62,31,31,SET OF 16 VINTAGE RED CUTLERY
21043,814.85,383,57,56,APRON MODERN VINTAGE COTTON
21467,813.67,215,78,78,CHERRY CROCHET FOOD COVER
23527,812.40,224,42,41,WALL ART ANIMALS AND NATURE 
20956,811.13,646,60,58,PORCELAIN T-LIGHT HOLDERS ASSORTED
22679,810.57,647,92,91,FRENCH BLUE METAL DOOR SIGN 4
22335,808.60,1256,129,119,HEART DECORATION PAINTED ZINC 
22211,808.38,783,132,126,WOOD STAMP SET FLOWERS
23285,808.35,951,122,122,PINK VINTAGE SPOT BEAKER
23432,807.82,986,69,67,PRETTY HANGING QUILTED HEARTS
85183A,805.75,657,83,81,CHARLIE & LOLA WASTEPAPER BIN BLUE
23539,803.79,153,34,34,WALL ART LOVES' SECRET 
21829,803.67,3808,111,108,DINOSAUR KEYRINGS ASSORTED
23524,803.58,225,49,49,WALL ART HORSE & PONY 
22440,802.74,1927,138,130,BALLOON WATER BOMB PACK OF 35
22046,798.00,1900,72,72,TEA PARTY  WRAPPING PAPER 
22705,798.00,1900,75,74,WRAP GREEN PEARS 
22785,797.44,212,54,54,SQUARECUSHION COVER PINK UNION JACK
51008,796.95,231,17,17,AFGHAN SLIPPER SOCK PAIR
22609,794.72,3512,102,100,PENS ASSORTED SPACEBALL
20931,794.45,263,37,37,BLUE POT PLANT CANDLE 
22123,794.39,443,74,72,PING MICROWAVE APRON
84796B,793.35,69,17,17,BLUE SAVANNAH PICNIC HAMPER FOR 2
23472,792.85,55,31,30, NINE DRAWER OFFICE TIDY
23511,792.82,382,87,84,EMBROIDERED RIBBON REEL EMILY 
22402,792.74,1285,144,139,MAGNETS PACK OF 4 VINTAGE COLLAGE
21262,790.60,268,52,50,WHITE GOOSE FEATHER CHRISTMAS TREE 
23365,789.95,1219,131,126,SET 12 COLOUR PENCILS LOVE LONDON
21191,788.04,394,44,44,LARGE WHITE HONEYCOMB PAPER BELL  
22153,787.98,1883,89,82,ANGEL DECORATION STARS ON DRESS
51014L,787.38,1600,103,101,"FEATHER PEN,LIGHT PINK"
23376,787.02,2018,115,110,PACK OF 12 VINTAGE CHRISTMAS TISSUE
22754,786.76,1154,191,189,SMALL RED BABUSHKA NOTEBOOK 
22681,785.57,627,83,81,FRENCH BLUE METAL DOOR SIGN 6
22995,785.04,1876,184,180,TRAVEL CARD WALLET SUKI
22304,784.22,312,47,46,COFFEE MUG BLUE PAISLEY DESIGN
21896,783.30,373,90,87,POTTING SHED TWINE
22286,783.03,835,80,77,DECORATION WOBBLY RABBIT METAL 
22923,782.85,921,73,72,FRIDGE MAGNETS LES ENFANTS ASSORTED
15044C,782.40,272,61,60,PURPLE PAPER PARASOL
22714,782.01,1859,143,143,CARD BIRTHDAY COWBOY
22231,780.69,797,110,105,JIGSAW TREE WITH BIRDHOUSE
85159A,779.45,451,45,45,"BLACK TEA,COFFEE,SUGAR JARS"
23225,779.39,865,67,66,CHERUB HEART DECORATION SILVER 
35648,776.42,814,64,60,VINTAGE BEAD PINK PURSE 
22811,776.41,295,51,50,SET OF 6 T-LIGHTS CACTI 
22935,776.25,241,46,46,BAKING MOULD ROSE MILK CHOCOLATE
22270,773.97,211,45,42,HAPPY EASTER HANGING DECORATION
22682,773.11,618,80,79,FRENCH BLUE METAL DOOR SIGN 7
22994,772.62,1843,161,158,TRAVEL CARD WALLET RETROSPOT
23409,771.72,208,41,41,PHOTO FRAME LINEN AND LACE LARGE
22544,771.26,2002,116,112,MINI JIGSAW SPACEBOY
85059,771.21,290,80,79,FRENCH ENAMEL WATER BASIN
20752,770.70,367,117,115,BLUE POLKADOT WASHING UP GLOVES
23324,770.40,381,39,39,RUSTIC STRAWBERRY JAM POT LARGE 
23598,769.95,261,41,40,PAPER BUNTING VINTAGE PARTY
21927,769.90,622,99,98,BLUE/CREAM STRIPE CUSHION COVER 
22342,769.65,833,52,52,HOME GARLAND PAINTED ZINC 
85180A,769.34,374,37,36,RED HEARTS LIGHT CHAIN 
23106,769.27,283,50,50,ZINC HEARTS PLANT POT HOLDER
85132B,767.55,369,58,58,CHARLIE AND LOLA TABLE TINS
21408,764.91,225,68,65,SPOTTY PINK DUCK DOORSTOP
21508,763.75,1817,138,137,VINTAGE KID DOLLY CARD 
22537,763.56,1818,138,135,MAGIC DRAWING SLATE DINOSAUR
23413,763.20,160,45,43,VINTAGE COFFEE GRINDER BOX
22984,762.70,1814,132,130,CARD GINGHAM ROSE 
21354,762.45,633,68,66,TOAST ITS - BEST MUM
23458,762.45,51,30,30,DOLLY CABINET 3 DRAWERS 
21631,761.85,155,16,16,HIPPY CHIC DECORATIVE PARASOL
21064,760.50,176,60,54,BOOM BOX SPEAKER BOYS
21359,759.65,127,27,26,RELAX LARGE WOOD LETTERS
22755,757.90,1121,193,188,SMALL PURPLE BABUSHKA NOTEBOOK 
23423,757.50,202,51,51,PANTRY 3 HOOK ROLLING PIN HANGER
22190,757.05,494,51,51,LOCAL CAFE MUG
22497,756.50,178,60,59,SET OF 2 TINS VINTAGE BATHROOM 
22325,755.25,153,59,58,MOBILE VINTAGE HEARTS 
22924,754.80,888,73,71,FRIDGE MAGNETS LA VIE EN ROSE
23487,754.00,78,42,42,SWEET HEART CAKE CARRIER
22209,753.02,765,125,120,WOOD STAMP SET HAPPY BIRTHDAY
23017,751.40,64,21,21,APOTHECARY MEASURING JAR
23525,749.64,208,42,41,WALL ART BUFFALO BILL 
22118,748.83,219,80,78,JOY WOODEN BLOCK LETTERS
37340,747.58,1898,63,62,MULTICOLOUR SPRING FLOWER MUG
22438,747.24,700,73,67,BALLOON ART MAKE YOUR OWN FLOWERS
21819,745.75,1673,120,109,GLITTER CHRISTMAS STAR 
22706,745.50,1775,67,67,WRAP COWBOYS  
23004,743.36,1766,128,122,TRAVEL CARD WALLET PANTRY
22519,741.00,370,65,65,CHILDS GARDEN BRUSH PINK
22915,739.32,1872,126,125,ASSORTED BOTTLE TOP  MAGNETS 
84519A,739.19,477,61,61,TOMATO CHARLIE+LOLA COASTER SET
22262,737.52,864,96,89,FELT EGG COSY CHICKEN
22399,737.50,590,82,82,MAGNETS PACK OF 4 CHILDHOOD MEMORY
23502,734.98,590,87,86,PLAYING CARDS VINTAGE DOILY 
21984,732.27,2253,158,153,PACK OF 12 PINK PAISLEY TISSUES 
22757,727.98,721,111,110,LARGE RED BABUSHKA NOTEBOOK 
21465,727.46,193,63,63,PINK FLOWER CROCHET FOOD COVER
21199,726.24,768,48,47,PINK  HEART CONFETTI IN TUBE
23335,724.64,359,83,81,EGG FRYING PAN IVORY 
23040,724.50,126,37,35,PAPER LANTERN 9 POINT SNOW STAR 
22182,723.70,206,38,36,CAKE STAND VICTORIAN FILIGREE SMALL
22651,723.36,840,87,87,GENTLEMAN SHIRT REPAIR KIT 
22566,721.38,834,124,118,FELTCRAFT HAIRBAND PINK AND PURPLE
22683,720.57,575,80,80,FRENCH BLUE METAL DOOR SIGN 8
84609,720.00,90,17,17,TALL ROCOCO CANDLE HOLDER
22587,718.25,845,124,120,FELTCRAFT HAIRBAND RED AND BLUE
21288,716.80,256,42,40,STRIPEY CHOCOLATE NESTING BOXES
23122,713.35,869,93,88,PARTY CHARMS 50 PIECES
22477,712.50,570,69,68,WATERING CAN GARDEN MARKER
22565,712.46,818,110,108,FELTCRAFT HAIRBANDS PINK AND WHITE 
23033,712.45,493,58,57,DRAWER KNOB CERAMIC RED
23046,711.55,107,33,33,PAPER LANTERN 9 POINT DELUXE STAR
90057,711.36,528,20,20,DIAMANTE RING ASSORTED IN BOX.
22309,709.38,293,66,64,TEA COSY RED  STRIPE
37501,708.90,102,29,29,TEA TIME TEA SET IN GIFT BOX
22094,706.44,1511,151,142,RED RETROSPOT TISSUE BOX
85199S,704.15,1658,163,150,SMALL HANGING IVORY/RED WOOD BIRD
23431,702.56,856,71,66,NATURAL HANGING QUILTED HEARTS 
23325,701.40,444,30,30,RUSTIC STRAWBERRY JAM POT SMALL
23002,699.96,1670,141,136,TRAVEL CARD WALLET SKULLS
47504H,699.72,744,90,90,ENGLISH ROSE SPIRIT LEVEL 
23115,698.85,147,40,38,RED APPLES CHOPPING BOARD   
21824,698.00,1450,77,73,PAINTED METAL STAR WITH HOLLY BELLS
22155,697.20,1660,90,81,STAR DECORATION RUSTIC
21986,696.23,2197,152,150,PACK OF 12 PINK POLKADOT TISSUES
22830,696.05,35,5,5,UTILTY CABINET WITH HOOKS
35471D,695.46,1668,148,137,SET OF 3 BIRD LIGHT PINK FEATHER 
22688,694.04,100,26,26,DOORMAT PEACE ON EARTH BLUE
22074,693.95,809,75,73,6 RIBBONS SHIMMERING PINKS 
22210,693.09,758,148,140,WOOD STAMP SET BEST WISHES
23550,693.00,1650,62,62,WRAP ALPHABET POSTER  
85036C,691.52,364,81,73,ROSE 1 WICK MORRIS BOXED CANDLE
21204,691.35,419,51,51,DAISIES  HONEYCOMB GARLAND 
22932,690.90,272,58,58,BAKING MOULD TOFFEE CUP CHOCOLATE
23183,690.71,178,59,58,MOTHER'S KITCHEN SPOON REST 
21530,690.12,756,84,83,DAIRY MAID TOASTRACK
85035A,689.79,263,77,71,GARDENIA 3 WICK MORRIS BOXED CANDLE
20886,688.35,353,78,76,BOX OF 9 PEBBLE CANDLES
23114,684.00,144,41,41,VINTAGE LEAF CHOPPING BOARD  
21708,682.45,139,33,32,FOLDING UMBRELLA CREAM POLKADOT
23006,681.90,1627,130,129,TRAVEL CARD WALLET FLOWER MEADOW
22362,681.23,229,80,80,GLASS JAR PEACOCK BATH SALTS
21399,681.06,1663,59,58,BLUE POLKADOT COFFEE MUG
22152,680.99,1607,95,90,PLACE SETTING WHITE STAR
20846,679.47,547,63,61,ZINC HEART LATTICE T-LIGHT HOLDER
23454,679.30,166,53,46,THREE MINI HANGING FRAMES
84279B,678.18,182,60,57,CHERRY BLOSSOM DECORATIVE FLASK
22685,678.15,543,70,70,FRENCH BLUE METAL DOOR SIGN 0
22091,677.99,1441,132,127,EMPIRE TISSUE BOX
21439,677.50,542,73,72,BASKET OF TOADSTOOLS
22586,676.60,796,118,117,FELTCRAFT HAIRBAND PINK AND BLUE
85036A,676.03,211,62,52,GARDENIA 1 WICK MORRIS BOXED CANDLE
20748,675.75,53,30,30,KENSINGTON COFFEE SET
21991,675.53,471,103,102,BOHEMIAN COLLAGE STATIONERY SET
21789,675.13,799,71,67,KIDS RAIN MAC PINK
85049D,673.75,539,106,102,BRIGHT BLUES RIBBONS 
22341,672.65,405,41,41,LOVE GARLAND PAINTED ZINC 
21125,672.50,538,70,66,SET 6 FOOTBALL CELEBRATION CANDLES
23223,671.77,747,70,67,CHRISTMAS TREE HANGING SILVER 
23220,671.58,786,78,76,REINDEER HEART DECORATION GOLD
22536,670.50,1617,133,129,MAGIC DRAWING SLATE PURDEY
21866,670.46,537,110,106,UNION JACK FLAG LUGGAGE TAG
22024,669.79,1584,122,120,RAINY LADIES BIRTHDAY CARD
23025,669.61,317,46,46,DRAWER KNOB VINTAGE GLASS BALL
22815,669.48,1594,111,110,CARD PSYCHEDELIC APPLES
35646,668.88,513,46,44,VINTAGE BEAD PINK EVENING BAG
17091J,666.94,1604,86,83,VANILLA INCENSE IN TIN
21696,666.70,226,30,29,SMALL SILVER TRELLIS CANDLEPOT
23178,666.22,240,56,54,JAM CLOCK MAGNET
23347,663.75,531,69,68,I LOVE LONDON BEAKER
22758,663.38,690,126,123,LARGE PURPLE BABUSHKA NOTEBOOK  
22518,663.30,333,57,57,CHILDS GARDEN BRUSH BLUE
21648,662.94,534,32,30,ASSORTED TUTTI FRUTTI SMALL PURSE
23547,661.50,1575,62,62,WRAP FLOWER SHOP  
22817,659.40,1570,122,122,CARD SUKI BIRTHDAY
23179,658.60,232,39,39,CLOCK MAGNET MUM'S KITCHEN
23140,658.54,160,35,35,TRIPLE WIRE HOOK IVORY HEART
23042,658.35,99,25,25,PAPER LANTERN 7 POINT SNOW STAR
22451,657.50,202,39,38,SILK PURSE BABUSHKA RED
23533,656.98,138,30,30,WALL ART GARDEN HAVEN 
21804,656.70,178,41,40,WHITE CHRISTMAS GARLAND STARS TREES
84006,656.20,772,77,76,MAGIC TREE -PAPER FLOWERS
21788,656.13,771,66,63,KIDS RAIN MAC BLUE
22819,655.20,1560,123,123,"BIRTHDAY CARD, RETRO SPOT"
21677,655.00,766,80,80,HEARTS  STICKERS
21351,654.55,101,33,31,CINAMMON & ORANGE WREATH
22305,652.24,252,42,42,COFFEE MUG PINK PAISLEY DESIGN
22581,652.17,1027,103,97,WOOD STOCKING CHRISTMAS SCANDISPOT
23514,651.38,314,61,61,EMBROIDERED RIBBON REEL SALLY 
85130B,650.82,744,49,49,BEADED CRYSTAL HEART GREEN LARGE
21823,650.54,1100,76,68,PAINTED METAL HEART WITH HOLLY BELL
22281,648.55,109,44,43,EASTER TREE YELLOW BIRDS
21058,648.41,761,90,85,PARTY INVITES WOODLAND
84509G,646.25,323,44,44,SET OF 4 FAIRY CAKE PLACEMATS 
23369,646.25,517,95,92,SET 36 COLOUR PENCILS LOVE LONDON
22321,646.00,760,58,57,BIRD DECORATION RED RETROSPOT
22251,645.44,520,75,72,BIRDHOUSE DECORATION MAGIC GARDEN
22276,645.15,253,62,62,WASH BAG VINTAGE ROSE PAISLEY
23408,644.80,310,59,59,PHOTO FRAME LINEN AND LACE SMALL
85194L,643.45,757,56,55,HANGING SPRING FLOWER EGG LARGE
84535B,642.03,984,107,106,FAIRY CAKES NOTEBOOK A6 SIZE
85032A,640.80,678,96,95,ROMANTIC IMAGES GIFT WRAP SET
85019B,640.50,498,25,25,BLOSSOM  IMAGES NOTEBOOK SET
84800L,639.36,360,22,22,LARGE WHITE/PINK ROSE ART FLOWER
22454,639.00,228,38,37,MEASURING TAPE BABUSHKA RED
22093,638.28,1396,158,151,MOTORING TISSUE BOX
16016,637.45,753,60,60,LARGE CHINESE STYLE SCISSOR
20801,636.16,752,54,53,LARGE PINK GLASS SUNDAE DISH
22523,635.80,748,118,117,CHILDS GARDEN FORK PINK
23456,634.10,158,36,36,MEDIUM PARLOUR PICTURE FRAME 
21613,632.75,221,38,38,S/12 VANILLA  BOTANICAL T-LIGHTS
23551,630.63,1617,100,95,PACK OF 12 PAISLEY PARK TISSUES 
22400,630.36,1177,149,140,MAGNETS PACK OF 4 HOME SWEET HOME
23019,629.05,81,28,28,SMALL APOTHECARY MEASURING JAR 
85173,628.47,434,50,49,SET/6 FROG PRINCE T-LIGHT CANDLES
22245,628.43,743,55,53,"HOOK, 1 HANGER ,MAGIC GARDEN"
85141,627.45,123,42,38,JARDIN ETCHED GLASS FRUITBOWL
23453,627.45,323,50,46,OVAL  MINI PORTRAIT FRAME
20704,626.45,211,39,39,MR ROBOT SOFT TOY
22857,625.60,736,57,54,ASSORTED EASTER GIFT TAGS
23187,625.46,2098,73,72,FRENCH STYLE STORAGE JAR BONBONS
84665,624.75,105,17,17,SQUARE CHERRY BLOSSOM CABINET
22310,624.29,381,52,50,IVORY KNITTED MUG COSY 
23022,623.84,320,22,20,SMALL BONNE JAM JAR  T-LIGHT HOLDER
84581,623.26,166,71,70,DOG TOY WITH PINK CROCHET SKIRT
22161,623.25,2911,165,144,HEART DECORATION RUSTIC HANGING 
23566,622.50,498,45,44,EGG CUP MILKMAID HEIDI
23517,621.84,216,50,50,EMBROIDERED RIBBON REEL REBECCA 
22618,621.66,66,25,25,COOKING SET RETROSPOT
22522,621.35,731,123,119,CHILDS GARDEN FORK BLUE 
21628,620.40,44,17,16,TRIANGULAR POUFFE VINTAGE 
85135C,620.10,78,50,49,RED DRAGONFLY HELICOPTER
79066K,618.13,739,110,110,RETRO MOD TRAY
23380,617.37,1583,94,92,PACK OF 12 VINTAGE DOILY TISSUES
85032B,616.80,679,93,92,BLOSSOM IMAGES GIFT WRAP SET
21947,616.78,476,87,81,SET OF 6 HEART CHOPSTICKS
62018,616.50,342,49,49,SOMBRERO 
22117,615.30,294,69,69,METAL SIGN HER DINNER IS SERVED 
40016,615.08,1427,60,60,CHINESE DRAGON PAPER LANTERNS
22524,615.00,492,65,64,CHILDRENS GARDEN GLOVES BLUE
22363,614.94,214,58,55,GLASS JAR MARMALADE 
72799E,614.38,250,49,47,IVORY PILLAR CANDLE SILVER FLOCK
22450,614.00,184,54,52,SILK PURSE BABUSHKA BLUE
21636,613.95,797,77,70,MADRAS NOTEBOOK MEDIUM
22613,612.78,720,108,107,PACK OF 20 SPACEBOY NAPKINS
23086,612.50,490,32,31,ZINC  STAR T-LIGHT HOLDER 
21424,612.05,227,22,22,WOODLAND STORAGE BOX LARGE 
21894,610.73,476,75,71,POTTING SHED SEED ENVELOPES
23492,610.50,74,26,26,VINTAGE JINGLE BELLS WREATH
22217,610.07,669,64,63,T-LIGHT HOLDER HANGING LACE
23070,610.05,147,33,33,EDWARDIAN HEART PHOTO FRAME
21054,608.60,68,27,27,NURSE'S BAG SOFT TOY
22481,608.52,694,87,84,BLACK TEA TOWEL CLASSIC DESIGN
21195,607.86,417,24,24,PINK  HONEYCOMB PAPER BALL 
22862,607.75,143,46,45,LOVE HEART NAPKIN BOX 
21769,607.65,11,2,2,VINTAGE POST OFFICE CABINET
85231B,607.26,708,110,107,CINAMMON SET OF 9 T-LIGHTS
22416,606.10,418,60,60,SET OF 36 DOILIES SPACEBOY DESIGN 
23471,605.95,65,27,26,SIX DRAWER OFFICE TIDY
21126,605.44,488,69,67,SET OF 6 GIRLS CELEBRATION CANDLES
21905,603.13,553,109,108,MORE BUTTER METAL SIGN 
21162,602.80,1176,139,136,TOXIC AREA  DOOR HANGER 
21707,601.22,120,47,47,FOLDING UMBRELLA BLACKBLUE POLKADOT
21873,600.58,638,86,83,IF YOU CAN'T STAND THE HEAT MUG
84817,599.76,687,54,53,DANISH ROSE DECORATIVE PLATE
84789,599.55,181,44,43,ENCHANTED BIRD PLANT CAGE
21880,599.34,1266,98,97,RED RETROSPOT TAPE
22520,599.25,705,107,105,CHILDS GARDEN TROWEL BLUE 
21065,599.05,295,42,38,BOOM BOX SPEAKER GIRLS
22252,598.60,488,69,65,BIRDCAGE DECORATION TEALIGHT HOLDER
22228,598.16,852,94,93,BUNNY WOODEN PAINTED WITH BIRD 
21717,595.95,245,36,36,EASTER TIN BUCKET
20802,595.80,504,42,42,SMALL GLASS SUNDAE DISH CLEAR
22806,595.65,243,28,28,SET OF 6 T-LIGHTS WEDDING CAKE 
22686,594.96,475,69,69,FRENCH BLUE METAL DOOR SIGN No
22718,594.72,1416,104,102,CARD CAT AND TREE 
21504,594.72,1416,92,91,SKULLS GREETING CARD
21158,593.31,1187,154,145,MOODY GIRL DOOR HANGER 
21291,591.60,696,38,38,SMALL POLKADOT CHOCOLATE GIFT BAG 
23327,589.62,942,31,30,HANGING CLEAR MINI BOTTLE
22098,588.80,1129,146,138,BOUDOIR SQUARE TISSUE BOX
23018,587.20,50,20,20,LARGE APOTHECARY MEASURING JAR 
22287,587.16,630,58,56,"DECORATION , WOBBLY CHICKEN, METAL "
23222,586.96,632,65,63,CHRISTMAS TREE HANGING GOLD
21642,585.48,1708,87,84,ASSORTED TUTTI FRUTTI PEN
84509B,585.00,156,49,48,SET OF 4 FAIRY CAKE PLACEMATS
85125,584.65,129,19,18,SMALL ROUND CUT GLASS CANDLESTICK
23557,582.85,47,28,28,LANDMARK FRAME BAKER STREET 
23506,581.76,1388,132,122,MINI PLAYING CARDS SPACEBOY 
22163,580.94,626,51,49,HEART STRING MEMO HOLDER HANGING
22393,579.94,391,49,48,PAPERWEIGHT VINTAGE COLLAGE
22684,579.40,464,61,60,FRENCH BLUE METAL DOOR SIGN 9
22953,578.63,460,83,82,BIRTHDAY PARTY CORDON BARRIER TAPE
84459B,578.12,388,59,58,YELLOW METAL CHICKEN HEART 
22021,577.50,350,66,64,BLUE FELT EASTER EGG BASKET
22786,576.64,108,37,37,CUSHION COVER PINK UNION JACK
22448,576.31,187,34,34,PIN CUSHION BABUSHKA RED
22132,573.47,671,80,80,RED LOVE HEART SHAPE CUP
22057,573.18,518,55,55,CERAMIC PLATE STRAWBERRY DESIGN
84596G,571.02,1286,157,153,SMALL CHOCOLATES PINK BOWL
22026,569.52,1356,98,97,BANQUET BIRTHDAY  CARD  
22067,569.13,389,51,48,CHOC TRUFFLE GOLD TRINKET POT 
21627,568.10,38,24,24,ELEPHANT CARNIVAL POUFFE
21090,567.90,1312,117,114,SET/6 COLLAGE PAPER PLATES
21822,567.79,615,67,58,GLITTER CHRISTMAS TREE WITH BELLS
22099,567.23,1045,132,121,CARAVAN SQUARE TISSUE BOX
23455,566.54,206,35,34,SMALL PARLOUR PICTURE FRAME
22288,566.25,453,44,39,HANGING METAL RABBIT DECORATION
84849D,566.15,335,101,100,HOT BATHS SOAP HOLDER
22753,562.79,846,167,165,SMALL YELLOW BABUSHKA NOTEBOOK 
21680,561.00,660,52,52,WOODLAND  STICKERS
23515,559.86,270,58,57,EMBROIDERED RIBBON REEL DAISY 
23428,559.50,70,26,26,IVORY RETRO KITCHEN WALL CLOCK
21983,559.13,1743,120,120,PACK OF 12 BLUE PAISLEY TISSUES 
84912B,558.75,149,49,46,GREEN ROSE WASHBAG
23513,557.44,268,60,60,EMBROIDERED RIBBON REEL SUSIE 
35651,557.10,330,34,33,VINTAGE BEAD PINK SCARF 
21163,556.67,1055,118,109,DO NOT TOUCH MY STUFF DOOR HANGER 
21192,556.65,349,39,35,WHITE BELL HONEYCOMB PAPER 
10125,556.60,756,59,56,MINI FUNKY DESIGN TAPES
23069,556.25,89,32,31,EDWARDIAN PHOTO FRAME
85114C,556.05,337,61,58,RED ENCHANTED FOREST PLACEMAT
79160,555.48,302,53,47,HEART SHAPE WIRELESS DOORBELL
22246,555.18,278,36,36,MAGIC GARDEN FELT GARLAND 
23516,555.00,148,41,38,EMBROIDERED RIBBON REEL SOPHIE  
21294,554.40,1104,57,55,ETCHED GLASS COASTER
23564,553.75,443,41,41,EGG CUP MILKMAID INGRID
21883,553.70,1224,92,92,STARS GIFT TAPE 
22272,553.10,194,47,46,FELTCRAFT DOLL MARIA
23528,551.46,150,31,31,WALL ART SPACEBOY
37327,548.37,1375,48,45,ASSTD MULTICOLOUR CIRCLES MUG
21557,548.04,180,51,50,SET OF 6 FUNKY BEAKERS
85019A,547.25,409,28,28,ROMANTIC IMAGES NOTEBOOK SET
84519B,547.24,426,93,91,CARROT CHARLIE+LOLA COASTER SET
22539,546.41,1408,83,78,MINI JIGSAW DOLLY GIRL
22315,546.25,437,118,115,200 RED + WHITE BENDY STRAWS
85039A,546.23,349,41,39,SET/4 RED MINI ROSE CANDLE IN BOWL
35810A,546.21,603,54,52,ENAMEL PINK COFFEE CONTAINER
23549,546.00,1300,51,51,WRAP BIRD GARDEN 
23121,545.70,1313,92,83,PACK OF 6 COCKTAIL PARASOL STRAWS
85103,545.45,91,6,6,SILVER T-LIGHT SETTING
22825,544.50,70,25,25,DECORATIVE PLANT POT WITH FRIEZE
15039,544.15,659,65,64,SANDALWOOD FAN
22249,544.09,645,86,75,DECORATION WHITE CHICK MAGIC GARDEN
20702,544.00,128,41,40,PINK PADDED MOBILE
20996,543.81,2505,184,180,JAZZ HEARTS ADDRESS BOOK
22277,543.62,255,62,62,COSMETIC BAG VINTAGE ROSE PAISLEY
23282,543.60,657,103,101,FOLDING BUTTERFLY MIRROR IVORY 
84352,543.35,33,22,22,SILVER CHRISTMAS TREE BAUBLE STAND 
22421,543.20,1225,116,113,LIPSTICK PEN FUSCHIA
21070,542.47,439,76,74,VINTAGE BILLBOARD MUG 
22821,542.46,834,67,66,GIFT BAG PSYCHEDELIC APPLES
85176,542.24,626,75,75,SEWING SUSAN 21 NEEDLE SET
20767,541.97,217,61,58,BLUE PAISLEY JOURNAL 
18098C,540.55,193,38,36,PORCELAIN BUTTERFLY OIL BURNER
21448,539.55,327,69,62,12 DAISY PEGS IN WOOD BOX
22514,539.10,261,76,75,CHILDS GARDEN SPADE BLUE
21209,538.08,806,54,54,MULTICOLOUR HONEYCOMB FAN
85036B,536.58,270,44,41,CHOCOLATE 1 WICK MORRIS BOX CANDLE
21556,536.40,216,45,45,CERAMIC STRAWBERRY MONEY BOX
47480,536.08,308,50,48,HANGING PHOTO CLIP ROPE LADDER
23562,534.65,185,38,36,SET OF 6 RIBBONS PERFECTLY PRETTY  
20772,534.46,218,46,46,GARDEN PATH JOURNAL
21205,532.95,209,51,48,MULTICOLOUR 3D BALLS GARLAND
37475,532.11,57,30,29,SET/4 COLOURFUL MIXING BOWLS
21106,530.95,193,35,34,CREAM SLICE FLANNEL CHOCOLATE SPOT 
16237,530.88,2528,148,141,SLEEPING CAT ERASERS
21398,530.43,1211,46,46,RED POLKADOT COFFEE  MUG
22062,529.19,469,60,51,CERAMIC BOWL WITH LOVE HEART DESIGN
21633,528.45,87,14,14,SUNFLOWER DECORATIVE PARASOL
21747,527.53,437,42,42,SMALL SKULL WINDMILL
85032C,527.40,537,86,83,CURIOUS IMAGES GIFT WRAP SET
22480,526.25,421,66,65,RED TEA TOWEL CLASSIC DESIGN
21187,525.30,330,35,33,WHITE BELL HONEYCOMB PAPER GARLAND 
22707,525.00,1250,47,47,WRAP MONSTER FUN 
20985,524.88,417,91,82,HEART CALCULATOR
23529,524.31,149,27,27,WALL ART DOLLY GIRL 
23499,523.74,1247,98,93,SET 12 VINTAGE DOILY CHALK 
20785,523.30,14,5,5,FUSCHIA RETRO BAR STOOL
23272,522.74,352,35,35,TREE T-LIGHT HOLDER WILLIE WINKIE
21211,522.00,360,64,62,SET OF 72 SKULL PAPER  DOILIES
23451,520.95,269,46,44,SQUARE MINI PORTRAIT FRAME
21261,520.65,167,27,27,GREEN GOOSE FEATHER CHRISTMAS TREE 
85049H,520.47,448,77,73,URBAN BLACK RIBBONS 
85199L,520.37,805,63,63,LARGE HANGING IVORY & RED WOOD BIRD
22319,519.46,986,60,58,HAIRCLIPS FORTIES FABRIC ASSORTED
84816,519.35,13,10,10,DANISH ROSE BEDSIDE CABINET
16225,518.70,570,76,74,RATTLE SNAKE EGGS
72803A,518.50,122,40,39,ROSE SCENT CANDLE JEWELLED DRAWER
22642,516.80,253,45,43,SET OF 4 NAPKIN CHARMS STARS   
23224,516.77,575,58,58,CHERUB HEART DECORATION GOLD
85107,516.45,243,29,25,CUT GLASS T-LIGHT HOLDER OCTAGON
20932,516.25,189,22,22,PINK POT PLANT CANDLE
21317,516.20,96,28,26,GLASS SPHERE CANDLE STAND MEDIUM
22521,515.95,607,100,94,CHILDS GARDEN TROWEL PINK
85187,515.40,324,60,58,S/12 MINI RABBIT EASTER
22233,515.29,541,81,77,JIGSAW RABBIT AND BIRDHOUSE
22495,515.18,242,66,65,SET OF 2 ROUND TINS CAMEMBERT 
23016,512.85,69,19,19,GLASS TWIST BON BON JAR
22700,512.04,378,45,44,BLACK AND WHITE DOG BOWL
22715,511.56,1218,95,95,CARD WEDDING DAY
21773,511.12,632,57,57,DECORATIVE ROSE BATHROOM BOTTLE
35001G,510.83,157,27,24,HAND OPEN SHAPE GOLD
21926,509.90,414,60,60,RED/CREAM STRIPE CUSHION COVER 
22068,509.37,437,85,81,BLACK PIRATE TREASURE CHEST
21743,508.85,179,31,30,STAR PORTABLE TABLE LIGHT 
23060,507.52,244,41,39,HEART BEADED TRELLIS DECORATION
21784,507.45,51,38,38,SHOE SHINE BOX 
22232,506.43,623,61,61,JIGSAW TOADSTOOLS 3 PIECE
22317,506.32,172,40,39,FIVE CATS HANGING DECORATION
22267,506.14,612,75,73,EASTER DECORATION EGG BUNNY 
23538,505.59,111,27,26,WALL ART VINTAGE HEART
35971,504.64,423,56,53,ROSE FOLKART HEART DECORATIONS
21069,504.63,411,49,48,VINTAGE BILLBOARD TEA MUG
23219,504.60,404,52,49,LAUREL STAR ANTIQUE SILVER 
21925,503.75,403,66,65,UNION STRIPE CUSHION COVER 
23457,503.55,105,30,29,LARGE PARLOUR PICTURE FRAME
22254,502.50,402,40,40,FELT TOADSTOOL LARGE
21383,501.80,772,84,77,PACK OF 12 STICKY BUNNIES
72816,500.51,467,31,30,SET/3 CHRISTMAS DECOUPAGE CANDLES
84031A,499.78,174,50,49,CHARLIE+LOLA RED HOT WATER BOTTLE 
23398,499.23,591,66,57,HANGING HEART BONHEUR
21264,499.20,256,43,42,WHITE GOOSE FEATHER TREE 60CM 
23123,498.72,612,67,66,COCKTAIL SWORDS 50 PIECES
22343,498.43,1033,58,57,PARTY PIZZA DISH RED RETROSPOT
79067,496.25,143,18,18,CORONA MEXICAN TRAY
21208,494.25,777,56,55,PASTEL COLOUR HONEYCOMB FAN
22701,493.72,364,52,51,PINK DOG BOWL
21638,493.50,235,32,31,ASSORTED TUTTI FRUTTI NOTEBOOK
22116,493.39,505,90,90,METAL SIGN HIS DINNER IS SERVED
21786,492.91,1157,93,85,POLKADOT RAIN HAT 
23281,492.38,598,89,86,FOLDING BUTTERFLY MIRROR RED  
70007,491.16,432,54,49,HI TEC ALPINE HAND WARMER
20764,491.13,128,62,60,ABSTRACT CIRCLES SKETCHBOOK 
22269,490.53,761,88,86,EGG CUP NATURAL CHICKEN
22515,488.70,237,63,63,CHILDS GARDEN SPADE PINK
21059,487.05,573,77,77,PARTY INVITES DINOSAURS
21251,486.75,165,35,35,DINOSAUR HEIGHT CHART STICKER SET
20966,486.25,389,40,40,SANDWICH BATH SPONGE
21277,485.90,23,20,20,FRENCH STYLE EMBOSSED HEART CABINET
23484,483.66,174,26,25,HEART TRELLIS TRIPLE T-LIGHT HOLDER
23660,483.45,293,31,31,HENRIETTA HEN MUG 
23024,482.78,182,9,9,LARGE BONNE JAM JAR  T-LIGHT HOLDER
22861,481.80,292,38,38,EASTER TIN CHICKS IN GARDEN
23045,481.40,116,23,23,PAPER LANTERN 5 POINT STAR MOON 
22023,481.29,1143,86,84,EMPIRE BIRTHDAY CARD
21587,480.75,197,30,26,COSY HOUR GIANT TUBE MATCHES
22359,480.74,162,63,62,GLASS JAR KINGS CHOICE
23508,480.12,1146,113,101,MINI PLAYING CARDS DOLLY GIRL 
23021,480.10,118,26,25,GLASS BONNE JAM JAR
23518,479.74,166,40,39,EMBROIDERED RIBBON REEL RACHEL 
22608,478.93,2377,67,66,PENS ASSORTED FUNKY JEWELED 
84625C,478.15,439,28,28,BLUE NEW BAROQUE CANDLESTICK CANDLE
22496,477.09,243,70,69,SET OF 2 ROUND TINS DUTCH CHEESE
85071A,476.32,880,91,89,BLUE CHARLIE+LOLA PERSONAL DOORSIGN
22535,475.92,1140,110,107,MAGIC DRAWING SLATE BUNNIES 
85071B,475.76,872,106,99,RED CHARLIE+LOLA PERSONAL DOORSIGN
22025,473.76,1128,82,80,RING OF ROSES BIRTHDAY CARD
21618,473.75,303,58,51,4 WILDFLOWER BOTANICAL CANDLES
22559,472.77,387,39,39,SEASIDE FLYING DISC
23027,472.16,227,26,26,DRAWER KNOB VINTAGE GLASS HEXAGON
22396,472.02,942,111,106,MAGNETS PACK OF 4 RETRO PHOTO
23180,471.90,104,36,36,MUM'S KITCHEN CLOCK
22268,471.56,1214,95,89,EASTER DECORATION SITTING BUNNY
84763,471.25,377,47,47,ZINC FINISH 15CM PLANTER POTS
21949,471.09,373,57,57,SET OF 6 STRAWBERRY CHOPSTICKS
84625A,470.75,455,31,31,PINK NEW BAROQUECANDLESTICK CANDLE
47593B,470.47,1135,91,89,SCOTTIE DOGS BABY BIB
22035,470.38,1118,84,83,VINTAGE CARAVAN GREETING CARD 
79030G,469.68,1004,50,49,TUMBLER NEW ENGLAND
85130D,469.50,480,51,50,BEADED CRYSTAL HEART PINK LARGE
22702,469.50,397,41,41,BLACK AND WHITE CAT BOWL
23377,469.17,1203,84,80,PACK OF 12 DOLLY GIRL TISSUES
23043,468.75,75,19,19,PAPER LANTERN 9 POINT HOLLY STAR L
21468,468.67,123,50,50,BUTTERFLY CROCHET FOOD COVER
85032D,467.50,630,59,58,YULETIDE IMAGES GIFT WRAP SET
85049F,467.50,374,88,85,BABY BOOM RIBBONS 
23136,467.05,127,44,44,IVORY WIRE SWEETHEART LETTER TRAY
22183,466.95,74,17,17,CAKE STAND VICTORIAN FILIGREE MED
35599D,465.38,186,19,19,PINK AND WHITE CHRISTMAS TREE 120CM
22597,465.09,887,100,95,MUSICAL ZINC HEART DECORATION 
23186,464.26,1502,68,67,FRENCH STYLE STORAGE JAR CAFE 
23216,463.75,374,40,39,LAUREL HEART ANTIQUE GOLD
23597,463.60,168,29,27,PAPER BUNTING PAISLEY PARK
21476,463.45,31,18,18,STEEL SWEETHEART ROUND TABLE CREAM
21865,463.38,223,72,68,PINK UNION JACK  PASSPORT COVER 
22403,463.19,959,83,82,MAGNETS PACK OF 4 VINTAGE LABELS 
20668,462.96,3858,143,137,DISCO BALL CHRISTMAS DECORATION
21630,461.30,54,22,22,FLOOR CUSHION ELEPHANT CARNIVAL
22717,461.16,1098,86,86,CARD DOG AND BALL 
22255,460.70,542,44,44,FELT TOADSTOOL  SMALL
85035B,460.50,270,43,42,CHOCOLATE 3 WICK MORRIS BOX CANDLE
85144,459.85,157,43,40,JARDIN ETCHED GLASS CHEESE DISH
85116,458.00,406,35,34,BLACK CANDELABRA T-LIGHT HOLDER
22756,456.88,482,92,92,LARGE YELLOW BABUSHKA NOTEBOOK 
22324,456.36,228,30,29,BLUE POLKADOT KIDS BAG
22511,455.87,245,48,48,RETROSPOT BABUSHKA DOORSTOP
22133,455.46,534,58,58,PINK LOVE HEART SHAPE CUP
21948,453.07,346,55,53,SET OF 6 CAKE CHOPSTICKS
23074,452.34,225,36,35,EMBOSSED HEART TRINKET BOX
22814,452.34,1077,91,90,CARD PARTY GAMES 
85114B,452.10,274,50,49,IVORY ENCHANTED FOREST PLACEMAT
23548,451.50,1075,43,43,WRAP MAGIC FOREST 
22279,451.21,360,50,45,POCKET BAG BLUE PAISLEY RED SPOT
23435,450.65,479,44,43,3 RAFFIA RIBBONS VINTAGE CHRISTMAS
71279,450.60,156,29,27,PINK GLASS CANDLEHOLDER
22194,450.50,53,33,33,BLACK DINER WALL CLOCK
23120,450.24,1072,90,77,PACK OF 6 SMALL FRUIT STRAWS
79191C,449.65,529,61,61,RETRO PLASTIC ELEPHANT TRAY
21159,449.15,869,108,107,MOODY BOY  DOOR HANGER 
35004G,448.30,126,20,20,SET OF 3 GOLD FLYING DUCKS
21675,447.81,525,52,51,BUTTERFLIES STICKERS
21803,447.72,1066,50,48,CHRISTMAS TREE STAR DECORATION
22479,447.50,358,52,52,DAISY GARDEN MARKER
22525,447.50,358,51,51,CHILDRENS GARDEN GLOVES PINK
22261,447.46,520,79,70,FELT EGG COSY WHITE RABBIT 
22540,447.06,1119,58,58,MINI JIGSAW CIRCUS PARADE 
21272,446.95,359,65,59,SALLE DE BAIN HOOK
23537,446.70,98,21,21,WALL ART I LOVE LONDON 
21472,446.25,119,33,33,LADYBIRD + BEE RAFFIA FOOD COVER
85017B,446.19,839,74,73,ENVELOPE 50 BLOSSOM IMAGES
21397,445.26,1016,44,44,BLUE POLKADOT EGG CUP 
22129,444.96,512,34,33,PARTY CONES CANDY TREE DECORATION
21200,444.90,386,34,34,MULTICOLOUR HONEYCOMB PAPER GARLAND
84660B,444.49,391,27,26,BLACK STITCHED WALL CLOCK
23482,442.35,271,35,35,PEARLISED IVORY HEART LARGE 
84707A,440.74,66,25,25,SILVER JEWELLED MIRROR TRINKET TRAY
21473,438.90,22,18,18,SWEETHEART CREAM STEEL TABLE RECT
22893,437.76,1056,64,63,MINI CAKE STAND T-LIGHT HOLDER
72819,436.40,208,30,30,CUPID DESIGN SCENTED CANDLES
17107D,436.05,171,47,46,"FLOWER FAIRY,5 SUMMER B'DRAW LINERS"
85170D,436.01,283,50,50,SET/6 PINK BIRD T-LIGHT CANDLES
23425,435.43,237,35,35,STORAGE TIN HOME SWEET HOME
23565,435.00,348,31,31,EGG CUP MILKMAID HELGA 
84660A,434.10,457,33,33,WHITE STITCHED WALL CLOCK
21422,433.08,504,41,41,PORCELAIN ROSE SMALL
22446,432.99,161,41,38,PIN CUSHION BABUSHKA PINK
22719,431.75,391,33,33,GUMBALL MONOCHROME COAT RACK
23023,431.24,272,25,23,RIDGED BONNE JAM JAR T-LIGHT HOLDER
22050,430.50,1025,39,39,PINK PAISLEY ROSE GIFT WRAP
22340,430.23,993,63,61,NOEL GARLAND PAINTED ZINC 
21709,430.06,87,31,31,FOLDING UMBRELLA CHOCOLATE POLKADOT
85194S,429.51,1067,54,54,HANGING SPRING FLOWER EGG SMALL
84674,429.25,187,42,40,FLYING PIG WATERING CAN
20705,428.85,143,28,28,MRS ROBOT SOFT TOY
21643,427.94,346,29,29,ASSORTED TUTTI FRUTTI MIRROR
40001,427.79,527,33,33,WHITE BAMBOO RIBS LAMPSHADE
84459A,427.63,287,54,50,PINK METAL CHICKEN HEART 
23044,427.45,103,27,24,PAPER LANTERN 9 POINT HOLLY STAR S
22903,427.43,153,32,32,CALENDAR FAMILY FAVOURITES
21062,425.85,501,62,61,PARTY INVITES SPACEMAN
85130C,425.71,479,45,43,BEADED CRYSTAL HEART BLUE  LARGE
21446,425.00,340,85,74,12 RED ROSE PEG PLACE SETTINGS
21972,423.40,292,39,39,SET OF 36 DINOSAUR PAPER DOILIES
22981,423.40,292,75,71,PANTRY APPLE CORER
20766,422.08,113,50,47,GARDEN PATH SKETCHBOOK
90154,421.75,57,5,5,LAZER CUT NECKLACE W PASTEL BEADS
23058,421.02,486,44,44,CHRISTMAS HANGING SNOWFLAKE
23117,420.75,85,39,39,POPPY FIELDS CHOPPING BOARD
85169A,420.40,430,48,47,IVORY LOVE BIRD CANDLE
21711,420.10,86,23,23,FOLDING UMBRELLA WHITE/RED POLKADOT
21802,420.00,1000,49,46,CHRISTMAS TREE HEART DECORATION
22051,420.00,1000,40,39,BLUE SCANDINAVIAN PAISLEY WRAP
20761,419.92,110,55,52,BLUE PAISLEY SKETCHBOOK
23336,418.05,200,65,63,EGG FRYING PAN PINK 
72818,417.73,885,60,58,CHRISTMAS DECOUPAGE CANDLE
21739,417.44,143,50,48,COSY SLIPPER SHOES SMALL GREEN
82616B,416.78,308,50,47,FRAPPUCINO SCARF KNITTING KIT
21662,416.30,74,16,16,VINTAGE GLASS COFFEE CADDY
35241,413.95,89,30,30,ENAMEL BLUE RIM BISCUIT BIN
21143,413.40,212,28,25,ANTIQUE GLASS HEART DECORATION 
84086C,413.00,140,21,19,PINK/PURPLE RETRO RADIO
23459,412.50,33,19,19,DOLLY CABINET 2 DRAWERS 
21710,412.41,84,31,31,FOLDING UMBRELLA PINKWHITE POLKADOT
21063,412.11,483,81,81,PARTY INVITES JAZZ HEARTS
20839,411.84,452,49,49,FRENCH PAISLEY CUSHION COVER 
23381,411.45,1055,66,63,PACK OF 12 VINTAGE LEAF TISSUES 
21215,411.40,748,65,62,IVORY PAPER CUP CAKE CASES 
21629,411.35,53,27,25,SQUARE FLOOR CUSHION VINTAGE RED
21426,411.30,213,18,17,WOODLAND STORAGE BOX SMALL
20658,410.00,328,62,59,RED RETROSPOT LUGGAGE TAG
21358,410.00,328,60,59,TOAST ITS - HAPPY BIRTHDAY
20832,409.68,794,54,52,RED FLOCK LOVE HEART PHOTO FRAME
23691,409.50,975,37,37,WRAP KEEP CALM BIRTHDAY
22264,409.33,817,41,37,FELT FARM ANIMAL WHITE BUNNY 
21817,408.86,908,61,54,GLITTER CHRISTMAS TREE
90200D,408.75,99,25,24,PINK SWEETHEART BRACELET
22513,408.73,135,52,51,DOORSTOP FOOTBALL DESIGN
21219,408.59,323,43,42,SET/4 BADGES BALLOON GIRL
22247,408.09,485,61,56,BUNNY DECORATION MAGIC GARDEN
23512,408.02,197,48,47,EMBROIDERED RIBBON REEL ROSIE
23422,407.68,196,31,31,PANTRY HOOK BALLOON WHISK 
22242,407.55,247,24,24,5 HOOK HANGER MAGIC TOADSTOOL
46775D,406.80,24,13,13,SUNSET COLOUR CHUNKY KNITTED THROW
85231G,406.65,483,66,65,ORANGE SCENTED SET/9 T-LIGHTS
20681,406.25,125,34,33,PINK POLKADOT CHILDRENS UMBRELLA
23415,405.60,326,45,45,HOME SWEET HOME HOOK
85136A,405.45,51,39,37,YELLOW SHARK HELICOPTER
22510,404.62,210,42,41,GINGHAM BABUSHKA DOORSTOP
21014,404.57,1173,69,65,SWISS CHALET TREE DECORATION 
21576,403.67,177,46,46,LETS GO SHOPPING COTTON TOTE BAG
22258,402.82,386,33,33,FELT FARM ANIMAL RABBIT
85131A,401.69,325,24,24,BEADED PEARL HEART WHITE ON STICK
84917,400.50,170,14,14,WHITE HAND TOWEL WITH BUTTERFLY
21374,400.00,294,40,40,MIRRORED WALL ART SKULLS
22647,399.61,649,35,35,CERAMIC LOVE HEART MONEY BANK
20840,399.28,464,44,43,FRENCH FLORAL CUSHION COVER 
23466,398.25,49,21,21,TUSCAN VILLA DOVECOTE BIRD FEEDER
84974,398.00,40,29,28,S/2 ZINC HEART DESIGN PLANTERS
22095,396.80,702,108,96,LADS ONLY TISSUE BOX
85212,396.12,1084,63,60,MINI PAINTED GARDEN DECORATION 
85127,396.00,80,20,19,SMALL SQUARE CUT GLASS CANDLESTICK
84806B,394.16,296,19,19,WHITE CANDYSTUFT ARTIFICIAL FLOWER
21774,394.07,379,49,49,DECORATIVE CATS BATHROOM BOTTLE
23507,394.02,941,106,96,MINI PLAYING CARDS BUFFALO BILL 
23510,393.96,938,97,91,MINI PLAYING CARDS GYMKHANA
84536B,393.90,932,95,94,FAIRY CAKES NOTEBOOK A7 SIZE
23473,393.42,474,43,42,WOODLAND SMALL RED FELT HEART
22136,392.70,238,52,49,LOVE HEART SOCK HANGER
21828,392.50,314,71,68,EIGHT PIECE SNAKE  SET
84849B,392.08,232,57,57,FAIRY SOAP SOAP HOLDER
10002,391.85,461,45,45,INFLATABLE POLITICAL GLOBE 
85172,389.76,928,40,38,HYACINTH BULB T-LIGHT CANDLES
22709,388.50,925,37,37,WRAP WEDDING DAY
84360,388.30,74,17,17,TABLE LAMP WHITE SHADE WOOD BASE
22389,386.91,229,35,35,PAPERWEIGHT SAVE THE PLANET
21741,386.45,131,28,28,COSY SLIPPER SHOES LARGE GREEN
84912A,386.25,103,38,38,PINK ROSE WASHBAG
82616C,385.52,277,52,52,MIDNIGHT GLAMOUR SCARF KNITTING KIT
85088,385.27,188,21,20,CANDY SPOT HAND BAG
84820,384.63,181,31,30,DANISH ROSE TRINKET TRAYS
85039B,384.19,239,49,49,S/4 IVORY MINI ROSE CANDLE IN BOWL
21415,384.13,206,32,30,CLAM SHELL SMALL 
22097,383.85,799,147,127,SWALLOW SQUARE TISSUE BOX
47585A,382.50,102,27,27,PINK FAIRY CAKE CUSHION COVER
20762,382.46,101,51,51,GREEN FERN SKETCHBOOK 
21084,381.77,1767,103,100,SET/6 COLLAGE PAPER CUPS
22517,381.60,186,58,54,CHILDS GARDEN RAKE PINK
21373,380.25,507,45,45,MIRRORED WALL ART SNOWFLAKES
23521,379.82,148,21,21,WALL ART CAT AND BIRD 
22101,378.90,189,22,22,MIRROR MOSAIC VOTIVE HOLDER
21640,378.25,445,52,45,ASSORTED TUTTI FRUTTI  FOB NOTEBOOK
22250,377.49,449,59,57,DECORATION  BUTTERFLY  MAGIC GARDEN
84687,376.50,70,20,20,BEACH HUT SHELF W 3 DRAWERS
23218,375.81,300,32,32,LAUREL STAR ANTIQUE GOLD
35809A,374.94,389,42,40,ENAMEL PINK TEA CONTAINER
20765,374.84,96,53,51,CHRYSANTHEMUM SKETCHBOOK 
85135B,373.65,47,35,34,BLUE DRAGONFLY HELICOPTER
84660C,373.37,399,24,24,PINK STITCHED WALL CLOCK
85114A,371.25,225,38,38,BLACK ENCHANTED FOREST PLACEMAT
21581,371.25,165,40,40,SKULLS  DESIGN  COTTON TOTE BAG
22936,370.88,114,33,31,BAKING MOULD ROSE WHITE CHOCOLATE
23039,370.80,192,23,22,T-LIGHT HOLDER SILVER HEART HANDLE
22820,370.03,569,45,44,GIFT BAG BIRTHDAY
21808,370.00,100,22,21,"CHRISTMAS GARLAND STARS,TREES"
23544,368.26,50,19,19,WALL ART MID CENTURY MODERN 
72799F,368.00,128,22,21,IVORY PILLAR CANDLE GOLD FLOCK
84600,367.60,48,20,20,NEW BAROQUE JEWELLERY BOX 
22422,367.25,721,75,71,TOOTHPASTE TUBE PEN
21194,366.70,437,43,41,PINK  HONEYCOMB PAPER FAN
17012D,366.35,387,46,44,ORIGAMI ROSE INCENSE/CANDLE SET 
22201,366.00,108,40,40,FRYING PAN BLUE POLKADOT
21846,365.62,72,24,24,PINK DIAMANTE PEN IN GIFT BOX
23568,365.00,292,26,26,EGG CUP HENRIETTA HEN CREAM 
35599B,363.45,137,22,22,BLACK CHRISTMAS TREE 120CM
21356,363.15,304,55,53,TOAST ITS - FAIRY FLOWER
21365,360.00,348,44,42,MIRRORED WALL ART STARS
22390,359.72,201,30,29,PAPERWEIGHT CHILDHOOD MEMORIES
84632,359.70,6,5,5,DECORATIVE HANGING SHELVING UNIT
23429,358.60,44,20,20,RED RETRO KITCHEN WALL CLOCK
84313C,358.25,179,22,22,ORANGE TV TRAY TABLE 
22181,357.85,421,44,44,SNOWSTORM PHOTO FRAME FRIDGE MAGNET
21285,357.62,350,33,33,RETROSPOT CANDLE  MEDIUM
84754,357.50,286,35,34,S/15 SILVER GLASS BAUBLES IN BAG
22308,356.89,145,36,36,TEA COSY BLUE STRIPE
23532,355.47,85,25,25,WALL ART WORK REST AND PLAY  
21417,354.52,205,31,31,COCKLE SHELL DISH
22615,353.10,1124,64,63,PACK OF 12 CIRCUS PARADE TISSUES 
22127,352.50,282,20,19,PARTY CONES CARNIVAL ASSORTED
23520,352.50,94,30,29,EMBROIDERED RIBBON REEL RUBY 
84821,351.83,635,39,37,DANISH ROSE DELUXE COASTER
22260,351.62,410,50,47,FELT EGG COSY BLUE RABBIT 
23337,351.52,169,60,60,EGG FRYING PAN MINT 
22405,351.19,347,56,54,MONEY BOX POCKET MONEY DESIGN
21654,350.64,736,48,45,RIDGED GLASS FINGER BOWL
21061,350.20,412,52,52,PARTY INVITES FOOTBALL
22516,350.10,171,44,41,CHILDS GARDEN RAKE BLUE
21015,350.07,1155,67,65,DARK BIRD HOUSE TREE DECORATION
85163A,349.95,45,18,18,WHITE BAROQUE WALL CLOCK 
85232A,349.50,74,25,25,SET/3 POLKADOT STACKING TINS
20998,348.25,119,28,28,ROSE DU SUD OVEN GLOVE
21579,346.50,154,34,32,LOLITA  DESIGN  COTTON TOTE BAG
21664,346.47,97,19,17,RIDGED GLASS STORAGE JAR CREAM LID
23576,346.35,185,30,29,SNACK TRAY RED VINTAGE DOILY
23150,346.11,139,40,40,IVORY SWEETHEART SOAP DISH
21689,345.00,92,23,23,SILVER VANILLA  FLOWER CANDLE POT
22856,345.00,276,21,21,ASSORTED EASTER DECORATIONS  BELLS
22640,344.22,186,42,41,SET OF 4 NAPKIN CHARMS 3 KEYS 
21318,344.22,608,41,39,GLASS CHALICE BLUE SMALL 
84031B,342.74,94,38,37,CHARLIE LOLA BLUE HOT WATER BOTTLE 
84931B,341.70,134,27,25,BLUE SCOTTIE DOG W FLOWER PATTERN
17012B,340.95,359,35,35,ORIGAMI JASMINE INCENSE/CANDLE SET
84766,340.70,146,14,14,SILVER ROCOCO CANDLE STICK
22638,340.02,191,37,37,SET OF 4 NAPKIN CHARMS CROWNS 
84569D,338.67,269,35,34,PACK 6 HEART/ICE-CREAM PATCHES
22406,336.89,319,64,64,MONEY BOX KINGS CHOICE DESIGN
23661,336.60,204,24,23,MILK MAIDS MUG 
79163,336.39,785,27,27,BLACK CHAMPAGNE GLASS
21867,336.27,266,88,75,PINK UNION JACK  LUGGAGE TAG
90149,335.28,52,3,3,SILVER FLOWR PINK SHELL NECKLACE
20986,334.76,262,61,56,BLUE CALCULATOR RULER
85177,334.69,391,41,40,BASKET OF FLOWERS SEWING KIT
22643,334.63,185,32,30,SET OF 4 NAPKIN CHARMS LEAVES   
22229,334.27,495,64,62,BUNNY WOODEN PAINTED WITH FLOWER 
22265,334.10,514,55,48,EASTER DECORATION NATURAL CHICK
21289,333.75,267,18,18,LARGE STRIPES CHOCOLATE GIFT BAG
85163B,333.60,44,14,14,BLACK BAROQUE WALL CLOCK 
23047,333.50,58,26,25,PAPER LANTERN 5 POINT SEQUIN STAR
23420,332.80,160,29,28,PANTRY HOOK TEA STRAINER 
21129,332.30,45,20,20,SILVER FISHING GNOME 
22322,331.50,390,37,37,BIRD DECORATION GREEN POLKADOT
21096,329.49,759,68,68,SET/6 FRUIT SALAD  PAPER PLATES
84616,329.45,11,6,6,SILVER ROCCOCO CHANDELIER
17012F,329.05,365,42,42,ORIGAMI SANDLEWOOD INCENSE/CAND SET
23124,328.75,263,22,22,18PC WOODEN CUTLERY SET DISPOSABLE
23116,327.60,72,18,17,VEGETABLE GARDEN CHOPPING BOARD
22256,327.50,262,39,33,FELT FARM ANIMAL CHICKEN
21694,327.45,111,18,18,SMALL REGAL  SILVER CANDLEPOT 
21292,327.25,385,24,24,SMALL STRIPES CHOCOLATE GIFT BAG 
21171,326.80,232,58,58,BATHROOM METAL SIGN 
47310M,326.73,265,48,47,SMALL POP BOX FUNKY MONKEY
84913B,325.50,70,20,20,MINT GREEN ROSE TOWEL
22048,325.50,775,31,31,BIRTHDAY BANQUET GIFT WRAP
84929,322.92,1188,55,55,ASSTD FRUIT+FLOWERS FRIDGE MAGNETS
21197,322.71,243,13,13,MULTICOLOUR  CONFETTI IN TUBE
84658,322.38,46,18,16,WHITE STITCHED CUSHION COVER
21263,321.75,165,39,36,GREEN GOOSE FEATHER TREE 60CM
22248,321.39,383,47,44,DECORATION  PINK CHICK MAGIC GARDEN
84508A,320.70,142,26,26,CAMOUFLAGE DESIGN TEDDY
22420,320.33,699,82,79,LIPSTICK PEN BABY PINK
23421,320.32,154,27,26,PANTRY HOOK SPATULA
20768,320.26,131,37,36,GREEN FERN JOURNAL 
22482,320.00,256,46,46,BLUE TEA TOWEL CLASSIC DESIGN
21724,316.20,372,57,57,PANDA AND BUNNIES STICKER SHEET
21723,315.35,371,40,38,ALPHABET HEARTS STICKER SHEET
23037,315.29,193,18,18,CANDLE HOLDER SILVER MADELINE
84951A,315.06,363,34,33,SET OF 4 PISTACHIO LOVEBIRD COASTER
22338,314.67,963,89,84,STAR DECORATION PAINTED ZINC 
21775,313.91,283,41,41,DECORATIVE FLORE BATHROOM BOTTLE
21634,312.84,564,21,21,ASSORTED MINI MADRAS NOTEBOOK
22162,312.70,106,28,27,HEART GARLAND RUSTIC PADDED
22092,312.34,668,90,88,BLUE PAISLEY TISSUE BOX
21220,312.06,239,42,41,SET/4 BADGES DOGS
21066,312.02,256,41,40,VINTAGE RED MUG
23339,312.00,150,58,58,EGG FRYING PAN BLUE 
22096,311.76,716,116,107,PINK PAISLEY SQUARE TISSUE BOX 
90200E,311.00,76,18,18,GREEN SWEETHEART BRACELET
84596L,310.32,727,76,75,BISCUITS SMALL BOWL LIGHT BLUE
21841,310.25,73,22,20,BABY MOUSE RED GINGHAM DRESS
23561,309.23,107,12,12,SET OF 6 RIBBONS PARTY
85180B,306.00,136,20,20,PINK HEARTS LIGHT CHAIN 
23575,305.40,164,24,22,SNACK TRAY PAISLEY PARK
23015,305.25,37,17,15,CORDIAL GLASS JUG
85170C,305.03,180,28,28,SET/6 EAU DE NIL BIRD T-LIGHTS
22040,304.50,725,28,28,BOTANICAL ROSE GIFT WRAP
72598,303.51,363,42,40,SET/12 TAPER CANDLES
21060,302.60,356,53,53,PARTY INVITES BALLOON GIRL
22204,302.50,96,31,30,MILK PAN BLUE POLKADOT
22344,300.59,689,45,44,PARTY PIZZA DISH PINK POLKADOT
23560,300.56,104,20,19,SET OF 6 RIBBONS COUNTRY STYLE
21761,299.50,10,10,10,WOOD AND GLASS MEDICINE CABINET
85205B,295.80,116,25,24,PINK FELT EASTER RABBIT GARLAND
85078,294.42,1314,62,62,SCANDINAVIAN 3 HEARTS NAPKIN RING
20934,294.30,54,20,20,SET/3 POT PLANT CANDLES
22266,290.71,581,75,67,EASTER DECORATION HANGING BUNNY
21131,290.25,93,17,17,GOLD STANDING GNOME
23410,290.10,36,18,18,CURIO CABINET LINEN AND LACE 
23379,289.77,743,50,49,PACK OF 12 RED APPLE TISSUES
22486,288.94,52,10,10,PLASMATRONIC LAMP
84358,287.74,32,12,12,FLOOR LAMP SHADE WOOD BASE
22230,286.86,686,65,62,JIGSAW TREE WITH WATERING CAN
20866,286.39,229,36,35,BLUE ROSE FABRIC MIRROR
23430,285.25,35,17,17,BLUE RETRO KITCHEN WALL CLOCK
90160C,284.95,41,16,16,TURQ+RED BOUDICCA LARGE BRACELET
22106,284.90,46,10,10,MIRROR MOSAIC HURRICANE LAMP 
90200B,284.75,67,24,24,BLACK SWEETHEART BRACELET
21128,284.16,47,16,16,GOLD FISHING GNOME
21562,283.55,239,24,24,HAWAIIAN GRASS SKIRT 
20838,282.94,330,33,33,FRENCH LATTICE CUSHION COVER 
84916,282.40,112,17,17,HAND TOWEL PALE BLUE W FLOWERS
23519,281.25,75,17,17,EMBROIDERED RIBBON REEL CLAIRE
84924A,281.13,72,24,24,WAKE UP COCKEREL CALENDAR SIGN 
71101E,280.20,348,23,22,STANDING FAIRY POLE SUPPORT 
21202,280.05,257,20,19,DOLLY HONEYCOMB GARLAND
23579,280.05,151,26,24,SNACK TRAY I LOVE LONDON
22547,279.51,738,51,50,MINI JIGSAW DINOSAUR 
21286,279.37,255,18,18,RETROSPOT CANDLE  LARGE
85136C,278.25,35,25,25,RED SHARK HELICOPTER
72122,277.40,292,46,44,COFFEE SCENT PILLAR CANDLE
85071C,277.30,511,72,71,"""CHARLIE+LOLA""""EXTREMELY BUSY"""" SIGN"""
35598D,277.22,420,23,23,PINK/WHITE CHRISTMAS TREE 60CM
16169M,277.20,660,26,25,WRAP DAISY CARPET 
21850,276.75,61,22,21,BLUE  DIAMANTE PEN IN GIFT BOX
21287,276.33,528,40,40,SCENTED VELVET LOUNGE CANDLE 
84520B,276.25,325,53,52,PACK 20 ENGLISH ROSE PAPER NAPKINS
21371,274.65,275,32,32,MIRRORED WALL ART POPPIES
72232,274.55,1445,59,58,FENG SHUI PILLAR CANDLE
84920,273.75,73,27,26,PINK FLOWER FABRIC PONY
84509C,273.30,78,24,23,SET OF 4 POLKADOT PLACEMATS 
21284,273.21,289,25,24,RETROSPOT CANDLE  SMALL
20936,272.98,92,26,26,FORKED CACTUS CANDLE
20831,272.34,169,24,24,GOLD PHOTO FRAME
21189,272.25,165,29,29,WHITE HONEYCOMB PAPER GARLAND 
82613D,272.10,470,51,50,METAL SIGN CUPCAKE SINGLE HOOK
85016,271.80,234,23,23,SET OF 6 VINTAGE NOTELETS KIT
21248,271.15,187,52,52,DOOR HANGER  MUM + DADS ROOM
72800B,270.76,140,39,36, 4 PURPLE FLOCK DINNER CANDLES
21454,270.30,318,47,43,PAINTED PINK RABBIT 
22409,270.00,216,45,45,MONEY BOX BISCUITS DESIGN
82613B,268.85,401,46,45,"METAL SIGN,CUPCAKE SINGLE HOOK"
21644,268.75,215,34,32,ASSORTED TUTTI FRUTTI HEART BOX
20716,267.50,214,34,33,PARTY FOOD SHOPPER BAG
23481,266.21,217,30,27,PEARLISED IVORY HEART SMALL 
85025B,265.65,161,21,20,EAU DE NILE HEART SHAPE PHOTO FRAME
17012C,262.75,267,43,42,ORIGAMI LAVENDER INCENSE/CANDL SET 
85019C,262.25,181,10,10,CURIOUS  IMAGES NOTEBOOK SET
21879,262.19,811,57,55,HEARTS GIFT TAPE
21221,262.14,201,24,24,SET/4 BADGES CUTE CREATURES
84849A,261.95,155,31,31,HELLO SAILOR BLUE SOAP HOLDER
23522,260.97,101,19,19,WALL ART DOG AND BALL 
21849,260.74,52,25,22,SILVER DIAMANTE PEN IN GIFT BOX
22529,260.64,624,61,60,MAGIC DRAWING SLATE GO TO THE FAIR 
17021,260.10,867,50,40,NAMASTE SWAGAT INCENSE
71270,259.96,207,35,31,PHOTO CLIP LINE
20770,259.20,108,29,28,ABSTRACT CIRCLE JOURNAL 
85025C,259.05,157,29,27,PINK HEART SHAPE PHOTO FRAME
22765,257.37,25,3,3,NEWSPAPER STAND
21222,257.18,198,38,35,SET/4 BADGES BEETLES
21250,257.00,92,17,17,SET OF SKULL WALL STICKERS
22599,256.77,553,58,57,CHRISTMAS MUSICAL ZINC STAR
84708B,256.75,53,14,14,PINK JEWELLED PHOTO FRAME 
85188A,256.70,302,34,34,GREEN METAL SWINGING BUNNY
21719,255.85,301,35,34,LOVELY BONBON STICKER SHEET
47421,255.42,615,60,51,ASSORTED COLOUR LIZARD SUCTION HOOK
90062,255.00,20,6,6,CARNIVAL BRACELET
84876B,253.75,203,23,20,GREEN HEART COMPACT MIRROR
20684,253.50,78,33,32,STRAWBERRY DREAM CHILDS UMBRELLA
23137,253.24,80,20,20,ZINC WIRE SWEETHEART LETTER TRAY
21684,253.21,296,35,34,SMALL MEDINA STAMPED METAL BOWL 
47563A,251.25,199,46,45,RETRO LONGBOARD IRONING BOARD COVER
85230B,250.64,904,35,35,CINNAMON SCENTED VOTIVE CANDLE
84976,250.04,286,27,27,RECTANGULAR SHAPED MIRROR
21088,249.66,1072,71,71,SET/6 FRUIT SALAD PAPER CUPS
21666,249.60,384,33,33,RIDGED GLASS T-LIGHT HOLDER
21265,249.60,128,16,16,PINK GOOSE FEATHER TREE 60CM
22703,249.42,168,40,40,PINK CAT BOWL
21067,249.38,203,44,41,VINTAGE RED TEATIME MUG
84859A,248.21,123,31,30,SILVER DISCO HANDBAG
20755,248.20,292,51,50,BLUE PAISLEY POCKET BOOK
78124,247.75,191,18,17,MAGAZINE RACK GEBRA ASSORTED 
16238,247.59,1149,79,77,PARTY TIME PENCIL ERASERS
23476,247.50,198,18,18,WOODLAND LARGE RED FELT HEART
84952B,247.46,145,13,13,BLACK LOVE BIRD T-LIGHT HOLDER
22214,246.70,114,21,21,CANDLE PLATE LACE WHITE
22108,246.53,101,28,28,PING! MICROWAVE PLATE
23474,246.51,297,28,27,WOODLAND SMALL BLUE FELT HEART
22345,245.76,612,42,39,PARTY PIZZA DISH BLUE POLKADOT
21647,245.70,117,29,24,ASSORTED TUTTI FRUTTI LARGE PURSE
85064,245.25,45,22,22,CREAM SWEETHEART LETTER RACK
84663A,245.04,160,24,24,GRASS HOPPER WOODEN WALL CLOCK 
17012A,244.90,270,25,24,ORIGAMI VANILLA INCENSE/CANDLE SET 
23695,244.86,583,44,42,DOILY THANK YOU CARD
84247E,244.85,83,26,23,PACK OF 12 CHRISTMAS FUN CARDS
22533,244.74,593,75,74,MAGIC DRAWING SLATE BAKE A CAKE 
21386,243.89,641,50,45,IVORY HANGING DECORATION  EGG
20669,243.75,195,47,42,RED HEART LUGGAGE TAG
84951B,243.44,274,31,30,SET OF 4 BLACK LOVEBIRD COASTERS
85111,242.07,795,50,47,SILVER GLITTER FLOWER VOTIVE HOLDER
23149,241.53,97,19,19,ANTIQUE IVORY WIRE BOWL SMALL
20803,241.53,557,28,27,SMALL PINK GLASS SUNDAE DISH
85129D,241.38,166,35,34,BEADED CRYSTAL HEART PINK SMALL
22069,240.78,220,39,37,BROWN  PIRATE TREASURE CHEST 
20622,240.18,163,33,32,VIPPASSPORT COVER 
23495,240.00,192,24,24,SET OF 3 PANTRY WOODEN SPOONS
84569A,239.96,191,26,26,PACK 3 IRON ON DOG PATCHES
22052,239.82,571,23,23,VINTAGE CARAVAN GIFT WRAP
72131,238.35,137,19,18,COLUMBIAN CANDLE RECTANGLE
21269,238.00,28,18,18,ANTIQUE CREAM CUTLERY SHELF 
79051A,237.55,695,39,36,SMOKEY GREY COLOUR D.O.F. GLASS
21632,237.00,60,5,5,VINTAGE PINK DECORATIVE PARASOL
21884,236.73,585,42,42,CAKES AND BOWS GIFT  TAPE
22512,236.00,118,33,32,DOORSTOP RACING CAR DESIGN
21650,235.69,1117,59,52,ASSORTED TUTTI FRUTTI BRACELET
82613C,235.45,361,38,37,"METAL SIGN,CUPCAKE SINGLE HOOK"
72800C,235.06,126,32,30,4 PINK DINNER CANDLE SILVER FLOCK
22546,235.03,625,55,54,MINI JIGSAW PURDEY
47351B,234.50,86,9,9,BLUE  VOILE LAMPSHADE
23567,233.75,187,19,18,EGG CUP HENRIETTA HEN PINK
21881,233.47,543,43,43,CUTE CATS TAPE
20615,233.34,231,35,35,BLUE POLKADOT PASSPORT COVER
21725,232.90,274,32,32,SWEETIES  STICKERS
23475,232.40,280,26,26,WOODLAND SMALL PINK FELT HEART
21442,232.01,389,37,36,GREEN BIRDHOUSE DECORATION
84559A,231.98,272,42,42,3D SHEET OF DOG STICKERS
20867,231.47,187,25,25,PINK ROSE FABRIC MIRROR
20856,231.00,140,27,27,DENIM PATCH PURSE PINK BUTTERFLY
23465,231.00,28,15,15,TUSCAN VILLA BIRD FEEDER
35598B,230.90,242,20,20,BLACK CHRISTMAS TREE 60CM
21973,230.55,159,30,30,SET OF 36 MUSHROOM PAPER DOILIES
20897,230.35,85,8,8,VINTAGE NOTEBOOK PARIS DAYS
21455,230.35,271,35,32,PAINTED YELLOW WOODEN DAISY
22049,229.50,875,30,29,WRAP CHRISTMAS SCREEN PRINT
21051,228.83,108,24,24,RIBBONS PURSE 
85200,228.75,183,27,26,BUNNY EGG BOX
23036,228.75,183,16,15,T-LIGHT HOLDER SILVER PETIT FOUR 
85093,227.49,451,21,20,CANDY SPOT EGG WARMER HARE
84678,227.10,138,10,10,CLASSICAL ROSE SMALL VASE
84926E,226.88,678,35,34,FLOWERS TILE COASTER
22641,225.92,112,24,24,SET OF 4 NAPKIN CHARMS INSTRUMENT
22337,225.55,347,26,25,ANGEL DECORATION PAINTED ZINC 
84661B,225.49,95,12,12,BLACK SQUARE TABLE CLOCK
22280,224.88,177,32,30,POCKET BAG PINK PAISELY BROWN SPOT
23509,224.46,543,56,53,MINI PLAYING CARDS FUN FAIR 
22447,223.95,75,16,16,PIN CUSHION BABUSHKA BLUE
35637A,223.30,94,23,23,IVORY STRING CURTAIN WITH POLE 
21441,223.30,376,38,38,BLUE BIRDHOUSE DECORATION
90161B,222.75,45,12,12,ANT COPPER TURQ BOUDICCA BRACELET
90161C,222.75,45,15,15,ANT COPPER LIME BOUDICCA BRACELET
85040B,222.75,135,35,34,SET/4 BLUE FLOWER CANDLES IN BOWL
90160D,222.40,32,9,9,PINK BOUDICCA LARGE BRACELET
85161,221.40,12,9,9,ACRYLIC GEOMETRIC LAMP
20782,221.36,40,18,17,CAMOUFLAGE EAR MUFF HEADPHONES
84563B,221.35,73,24,21,BLUE & WHITE BREAKFAST TRAY
21503,220.92,526,22,22,TOYBOX  WRAP 
16011,220.92,1052,41,40,ANIMAL STICKERS
85186A,220.50,525,39,37,EASTER BUNNY GARLAND OF FLOWERS
22043,220.08,984,41,41,CHRISTMAS CARD SCREEN PRINT 
15034,219.94,1571,76,76,PAPER POCKET TRAVELING FAN 
72800D,219.30,86,30,29,4 BLUE DINNER CANDLES SILVER FLOCK
35964,218.70,552,39,36,FOLKART CLIP ON STARS
20893,218.40,92,18,17,HANGING BAUBLE T-LIGHT HOLDER SMALL
79030D,217.98,462,31,30,TUMBLER BAROQUE
23580,216.45,111,22,21,SNACK TRAY HAPPY FOREST  
47574A,216.25,223,51,49,ENGLISH ROSE SCENTED HANGING FLOWER
90160A,215.45,31,11,11,PURPLE BOUDICCA LARGE BRACELET
23141,215.00,68,18,18,TRIPLE WIRE HOOK PINK HEART
84931A,214.20,84,23,22,PINK SCOTTIE DOG W FLOWER PATTERN
85124C,214.20,84,31,31,GREEN JUICY FRUIT PHOTO FRAME
21293,214.13,101,19,18,MIRRORED DOVE WALL DECORATION
20794,213.15,85,16,15,BLUE  TILE HOOK
22410,212.88,223,46,46,MONEY BOX HOUSEKEEPING DESIGN
22053,212.50,170,23,23,EMPIRE DESIGN ROSETTE
21547,212.40,72,17,16,CERAMIC BIRDHOUSE CRESTED TIT SMALL
35954,212.31,908,32,30,SMALL FOLKART STAR CHRISTMAS DEC
84584,211.65,83,18,18,PINK GINGHAM CAT WITH SCARF
22164,209.45,71,12,12,STRING OF STARS CARD HOLDER
85124B,209.10,82,29,29,BLUE JUICY FRUIT PHOTO FRAME
90147,208.95,21,12,12,CHUNKY SILVER NECKLACE PASTEL FLOWE
72127,208.10,168,30,29,COLUMBIAN CANDLE ROUND 
35924,207.54,100,26,25,HANGING FAIRY CAKE DECORATION
16236,207.48,988,69,69,KITTY PENCIL ERASERS
22166,206.70,26,15,15,WALL MIRROR RECTANGLE DIAMANTE PINK
84592,206.50,70,17,17,CROCHET ROSE PURSE WITH SUEDE BACK
22954,206.25,165,29,28,HEN PARTY CORDON BARRIER TAPE
20619,206.23,142,22,22,TROPICAL PASSPORT COVER 
85071D,205.98,362,66,64,CHARLIE+LOLA MY ROOM DOOR SIGN
22532,204.54,487,65,63,MAGIC DRAWING SLATE LEAP FROG 
21324,203.55,69,20,20,HANGING MEDINA LANTERN SMALL
21580,202.50,90,24,24,RABBIT  DESIGN  COTTON TOTE BAG
21758,202.40,32,14,14,VINTAGE SHELLS PRINT
21651,201.75,131,11,10,HANGING GLASS ETCHED TEALIGHT
84919,201.55,29,9,9,BLUE CUSHION COVER WITH FLOWER
21456,201.25,161,19,19,2 PICTURE BOOK EGGS EASTER CHICKS
21147,200.94,89,22,21,JINGLE BELLS TREE DECORATION
22545,200.07,513,45,44,MINI JIGSAW BUNNIES
22336,199.99,365,36,33,DOVE DECORATION PAINTED ZINC 
16156L,199.50,475,18,18,WRAP CAROUSEL
22038,199.50,475,19,19,BOTANICAL LAVENDER GIFT WRAP 
22944,199.30,328,30,27,CHRISTMAS METAL POSTCARD WITH BELLS
17129F,199.09,283,17,17,BLUE GLASS GEMS IN BAG
84659A,198.81,79,21,21,WHITE TRAVEL ALARM CLOCK
84857C,198.35,95,8,8,PINK MONTE CARLO HANDBAG
20780,198.35,37,19,17,BLACK EAR MUFF HEADPHONES
35923,198.27,401,37,36,CANDY HEART HANGING DECORATION
84563A,198.05,59,14,14,PINK & WHITE BREAKFAST TRAY
85203,197.64,474,54,48,HANGING WOOD AND FELT BUTTERFLY 
84341B,197.51,474,32,31,SMALL PINK MAGIC CHRISTMAS TREE
21458,197.50,158,19,19,2 PICTURE BOOK EGGS EASTER BUNNY
22316,197.50,158,39,38,200 BENDY SKULL STRAWS
17084N,197.00,950,31,31,FAIRY DREAMS INCENSE 
22044,196.44,816,36,36,CHRISTMAS CARD STACK OF PRESENTS
21726,196.35,231,36,36,MULTI HEARTS  STICKERS
20707,195.52,155,31,31,CRAZY DAISY HEART DECORATION
21000,195.50,46,17,16,ROSE DU SUD COSMETICS BAG
20652,194.76,150,36,33,BLUE POLKADOT LUGGAGE TAG 
21657,194.60,28,15,15,MILK BOTTLE WITH GLASS STOPPER 
16014,194.56,468,41,41,SMALL CHINESE STYLE SCISSOR
47367B,194.55,57,11,11,PAIR PADDED HANGERS PINK CHECK
21360,194.15,37,14,14,JOY LARGE WOOD LETTERS
35911A,194.15,205,25,25,MULTICOLOUR RABBIT EGG WARMER
21253,192.54,66,17,16,SET OF PICTURE FRAME  STICKERS
21801,191.94,457,22,22,CHRISTMAS TREE DECORATION WITH BELL
85169B,191.49,201,25,25,BLACK LOVE BIRD CANDLE
21815,191.40,132,20,18,STAR  T-LIGHT HOLDER 
23139,191.33,157,23,21,SINGLE WIRE HOOK PINK HEART
84876D,191.25,125,13,12,BLUE HEART COMPACT MIRROR
90209B,191.10,105,13,11,GREEN ENAMEL+GLASS HAIR COMB
21676,191.05,211,32,32,FLOWERS  STICKERS
22137,191.00,68,11,11,BATHROOM SET LOVE HEART DESIGN
22394,190.80,160,16,16,PAPERWEIGHT KINGS CHOICE 
21945,190.79,225,30,29,STRAWBERRIES  DESIGN FLANNEL 
20902,190.35,33,6,6,VINTAGE KEEPSAKE BOX PARIS DAYS
20763,189.96,71,25,25,DAISY SKETCHBOOK 
21161,189.95,131,37,34,KEEP OUT BOYS DOOR HANGER 
21641,189.92,488,21,21,ASSORTED TUTTI FRUTTI KEYRING BALL
35095A,189.42,451,33,33,BLUE VICTORIAN FABRIC OVAL BOX
90201B,188.80,64,10,10,BLACK ENAMEL FLOWER RING
84804B,188.37,99,6,6,BLUE DELPHINIUM ARTIFICIAL FLOWER
85179A,188.31,119,17,17,GREEN BITTY LIGHT CHAIN
21425,188.05,67,16,16,SKULLS STORAGE BOX LARGE
90184B,187.95,21,11,11,AMETHYST CHUNKY BEAD BRACELET W STR
21635,187.50,126,14,14,MADRAS NOTEBOOK LARGE 
85045,186.15,41,10,10,GREEN CHRISTMAS TREE STRING 20LIGHT
22391,186.06,146,18,18,PAPERWEIGHT HOME SWEET HOME
84926D,186.00,513,30,29,LA PALMIERA TILE COASTER
37413,185.43,449,78,76,ICON MUG REVOLUTIONARY
22346,185.13,453,31,29,PARTY PIZZA DISH GREEN POLKADOT
20733,184.90,218,46,43,GOLD MINI TAPE MEASURE 
21403,183.84,1382,68,68,BLUE EGG  SPOON
20819,183.71,48,16,16,SILVER TEDDY BEAR
84559B,183.60,216,44,43,3D SHEET OF CAT STICKERS
20771,183.46,71,28,27,CHRYSANTHEMUM  JOURNAL
90209C,182.70,99,11,11,PINK ENAMEL+GLASS HAIR COMB
22216,182.31,327,20,20,T-LIGHT HOLDER WHITE LACE
35965,181.87,181,28,28,FOLKART HEART NAPKIN RINGS
84804A,180.58,70,8,8,CREAM DELPHINIUM ARTIFICIAL FLOWER
22259,180.48,240,16,15,FELT FARM ANIMAL HEN
22157,180.20,212,11,11,ANGEL DECORATION WITH LACE PADDED
22100,179.45,405,37,35,SKULLS SQUARE TISSUE BOX
78033,179.35,37,7,7,FLAG OF ST GEORGE CHAIR
84707B,178.56,29,13,13,PINK JEWELLED MIRROR TRINKET TRAY
21270,178.50,14,13,13,ANTIQUE CREAM CUTLERY CUPBOARD
84796A,178.50,14,10,10,PINK HAWAIIAN PICNIC HAMPER FOR 2
21944,177.88,232,34,33,KITTENS DESIGN FLANNEL
90058B,177.84,468,13,13,CRYSTAL STUD EARRINGS ASSORTED COL 
47594B,177.45,91,30,30,SCOTTIES DESIGN WASHBAG
21026,177.37,143,25,22,SPACE OWL
84926A,177.21,525,30,30,WAKE UP COCKEREL TILE COASTER
47422,176.94,435,54,41,ASSORTED MONKEY SUCTION CUP HOOK
84859C,176.39,83,21,21,PINK DISCO HANDBAG
84313B,175.80,76,13,13,BLUE TV TRAY TABLE 
21378,175.05,129,22,22,SMALL TALL CAMPHOR WOOD TOADSTOOL
84800M,174.31,127,11,11,MEDIUM WHITE/PINK ROSE ART FLOWER
21807,174.30,415,30,25,WHITE CHRISTMAS STAR DECORATION
90200A,174.25,41,16,16,PURPLE SWEETHEART BRACELET
85186C,173.46,413,34,33,BUNNY EGG GARLAND
21911,173.25,105,20,20,GARDEN METAL SIGN 
20769,173.12,66,26,26,DAISY JOURNAL 
35095B,173.04,412,40,40,RED VICTORIAN FABRIC OVAL BOX
16012,172.83,823,32,31,FOOD/DRINK SPONGE STICKERS
84637,172.55,29,13,13,KITCHEN FLOWER POTS WALL PLAQUE
20847,172.50,46,14,14,ZINC HEART LATTICE CHARGER LARGE
72586,172.20,410,36,35,SET OF 6 HALLOWEEN GHOST T-LIGHTS
82011C,172.05,51,20,20,BATHROOM SCALES FOOTPRINTS IN SAND
84913A,172.05,37,10,10,SOFT PINK ROSE TOWEL 
84963A,171.80,4,1,1,PINK PAINTED KASHMIRI CHAIR
90082B,171.45,27,12,10,DIAMANTE BOW BROOCH RED COLOUR
22543,171.01,476,38,36,MINI JIGSAW BAKE A CAKE 
85214,169.95,103,43,43,TUB 24 PINK FLOWER PEGS
21763,169.75,6,4,4,VINTAGE WOODEN BAR STOOL
21656,169.65,117,17,17,RIDGED GLASS POSY VASE 
21275,169.50,10,9,9,ZINC TOP  2 DOOR WOODEN SHELF 
21364,168.75,25,21,21,PEACE SMALL WOOD LETTERS
84875B,168.75,125,15,15,GREEN SQUARE COMPACT MIRROR
90114,168.30,66,11,11,SUMMER DAISIES BAG CHARM
47578A,168.30,198,31,27,ENGLISH ROSE SMALL SCENTED FLOWER
85145,167.70,38,14,13,JARDIN ETCHED GLASS LARGE BELL JAR
62086A,167.70,86,13,13,PINK RETRO BIG FLOWER BAG
84927F,166.35,295,42,40,PSYCHEDELIC TILE HOOK
85230G,166.32,600,22,22,ORANGE VOTIVE CANDLE
21311,165.77,478,48,44,SET/4 BIRD MIRROR MAGNETS 
21280,165.75,65,12,12,VINTAGE KITCHEN PRINT VEGETABLES
21279,165.75,65,12,12,VINTAGE KITCHEN PRINT FRUITS
BANK CHARGES,165.00,11,11,11,Bank Charges
37482P,164.79,345,36,33,CUBIC MUG PINK POLKADOT
46118,164.05,193,18,18,FUNKY MONKEY CUSHION COVER
85020,163.80,78,16,16,ROUND PINK HEART MIRROR
90209A,163.80,84,4,4,PURPLE ENAMEL+GLASS HAIR COMB
21750,163.80,78,17,16,LARGE SKULL WINDMILL
72801C,163.38,138,14,14,4 ROSE PINK DINNER CANDLES
21379,163.11,147,24,23,CAMPHOR WOOD PORTOBELLO MUSHROOM
35914,163.10,136,19,18,PINK CHICK EGG WARMER + EGG CUP
21333,162.25,55,15,15,CLASSIC WHITE FRAME
85213,162.17,341,24,23,MINI  ZINC GARDEN DECORATIONS 
21427,161.70,77,25,25,SKULLS STORAGE BOX SMALL
21520,161.70,385,32,32,BOOZE & WOMEN GREETING CARD 
85230E,161.61,597,20,20,STRAWBRY SCENTED VOTIVE CANDLE
20781,161.52,32,23,20,GOLD EAR MUFF HEADPHONES
84507C,160.65,63,26,25,BLUE CIRCLES DESIGN MONKEY DOLL
85027L,160.50,70,18,18,FRENCH CHATEAU LARGE PLATTER 
37476,160.39,17,9,9,CONDIMENT TRAY 4 BOWLS AND 4 SPOONS
85169D,160.16,160,21,21,PINK LOVE BIRD CANDLE
23305,159.90,82,9,9,SET 4 PICNIC CUTLERY BLUEBERRY
21367,159.51,163,35,35,MIRRORED WALL ART GENTS
79164,159.42,286,18,16,BLACK WINE GLASS
71403,159.30,54,14,13,"""PINK/WHITE """"KEEP CLEAN"""" BULLET BIN"""
22031,158.61,363,32,32,BOTANICAL LAVENDER BIRTHDAY CARD
16235,158.55,745,62,61,RECYCLED PENCIL WITH RABBIT ERASER
21320,158.46,114,11,10,GLASS CHALICE GREEN  LARGE 
20830,157.50,75,20,20,SILVER PHOTO FRAME
22289,157.50,126,22,19,HANGING METAL CHICKEN DECORATION
84877B,157.50,126,9,9,GREEN ROUND COMPACT MIRROR
84915,156.95,99,10,10,HAND TOWEL PINK FLOWER AND DAISY
23143,156.80,25,12,12,ZINC WIRE KITCHEN ORGANISER
23468,156.75,19,11,11,TUSCAN VILLA BIRD TABLE 
20777,156.75,95,36,36,CHRYSANTHEMUM NOTEBOOK
16258A,156.53,445,38,38,SWIRLY CIRCULAR RUBBERS IN BAG
16008,156.47,1188,60,60,SMALL FOLDING SCISSOR(POINTED EDGE)
22042,156.24,372,26,25,CHRISTMAS CARD SINGING ANGEL
22458,155.55,61,12,12,CAST IRON HOOK GARDEN FORK
22353,155.55,61,25,24,LUNCH BOX WITH CUTLERY FAIRY CAKES 
47021G,155.52,326,14,14,SET/6 BEAD COASTERS GAUZE BAG GOLD
84799,155.48,220,9,9,SPRIG LAVENDER ARTIFICIAL FLOWER
23416,155.07,123,18,18,CHAMBRE HOOK
35810B,155.03,147,21,21,ENAMEL BLUE RIM COFFEE CONTAINER
21882,154.80,408,40,37,SKULLS TAPE
21376,154.65,33,15,13,LARGE  TALL CAMPHOR WOOD TOADSTOOL 
23697,153.72,366,26,25,A PRETTY THANK YOU CARD
21030,153.67,121,23,21,SPACE CADET RED
22102,153.45,93,16,16,MIRROR MOSAIC T-LIGHT HOLDER 
90161D,153.45,31,9,9,ANT COPPER PINK BOUDICCA BRACELET
90201C,153.40,52,12,12,RED ENAMEL FLOWER RING
18094C,153.10,134,15,15,WHITE AND BLUE CERAMIC OIL BURNER
21145,152.50,122,8,8,ANTIQUE GLASS PLACE SETTING
85211,151.92,142,19,17,S/4 GROOVY CAT MAGNETS
22032,151.62,361,31,31,BOTANICAL LILY GREETING CARD
22134,151.50,349,56,54,MINI LADLE LOVE HEART RED 
22415,151.05,19,13,13,WHITE TISSUE REAM
35967,150.54,381,29,29,FOLK ART METAL STAR T-LIGHT HOLDER
22459,150.45,59,13,13,CAST IRON HOOK GARDEN TROWEL
35915B,150.15,91,14,14,BLUE KNITTED HEN 
84629,150.00,20,10,10,WHITE 3 FRAME BIRDS AND TREE 
22833,149.85,3,3,3,HALL CABINET WITH 3 DRAWERS
84963B,149.85,3,1,1,BLUE PAINTED KASHMIRI CHAIR
85168B,149.67,17,7,7,BLACK BAROQUE CARRIAGE CLOCK
84711B,149.25,15,8,8,PINK OVAL SHAPE TRINKET BOX
21117,149.25,115,17,14,BLOND DOLL DOORSTOP
79190B,149.10,355,34,34,RETRO PLASTIC POLKA TRAY
21001,148.75,25,13,12,ROSE DU SUD WASHBAG 
21721,148.75,175,22,20,CANDY SHOP  STICKER SHEET
90119,148.32,60,16,15,METALIC LEAVES BAG CHARMS
21028,148.29,116,21,21,NINJA RABBIT BLACK
84712B,147.87,19,11,11,PINK JEWELLED PHOTO FRAME
85146,147.85,43,9,8,JARDIN ETCHED GLASS SMALL BELL JAR
21445,147.50,118,20,20,12 PINK ROSE PEG PLACE SETTINGS
84683,147.35,187,7,7,CLASSICAL ROSE CANDLESTAND
21196,146.85,89,10,9,ROUND WHITE CONFETTI IN TUBE
46000R,146.45,101,37,37,POLYESTER FILLER PAD 45x30cm
21459,146.25,75,18,18,YELLOW EASTER EGG HUNT START POST
22202,146.25,39,17,17,MILK PAN PINK POLKADOT
84952A,146.21,38,6,6,CLEAR LOVE BIRD T-LIGHT HOLDER
90160B,145.95,21,8,8,RED BOUDICCA LARGE BRACELET
21306,145.69,415,36,35,SET/4 DAISY MIRROR MAGNETS
72128,145.53,189,33,33,COLUMBIAN CANDLE ROUND
84508B,145.35,57,31,30,STRIPES DESIGN TEDDY
47343A,145.17,159,14,14,FUSCHIA FLOWER PURSE WITH BEADS
22598,145.17,311,47,44,CHRISTMAS MUSICAL ZINC TREE
23003,145.14,349,52,51,TRAVEL CARD WALLET VINTAGE ROSE 
90198A,144.50,34,10,10,VINTAGE ROSE BEAD BRACELET RASPBERR
84688,144.50,34,8,8,BEACH HUT DESIGN BLACKBOARD
21402,143.88,1194,60,60,RED  EGG  SPOON
84192,143.75,115,28,25,ASSORTED COLOUR METAL CAT 
21457,143.75,115,16,16,2 PICTURE BOOK EGGS EASTER DUCKS
21332,143.30,14,8,8,MOROCCAN BEATEN METAL MIRROR
21132,142.75,35,16,16,SILVER STANDING GNOME   
21369,142.50,98,13,13,MIRRORED WALL ART SPLODGES
90143,142.50,19,8,7,SILVER BRACELET W PASTEL FLOWER
20837,142.47,141,15,15,FRENCH FLORAL CUSHION COVER 
21614,141.60,48,7,7,SET OF 12 ROSE BOTANICAL T-LIGHTS
22408,141.50,137,23,22,MONEY BOX CONFECTIONERY DESIGN
84596E,141.45,236,34,33,SMALL LICORICE DES PINK BOWL
84247G,141.12,336,23,23,"DECOUPAGE,GREETING CARD,"
22033,141.12,336,21,21,BOTANICAL ROSE GREETING CARD
20836,141.10,170,17,17,FRENCH PAISLEY CUSHION COVER
20659,140.81,95,32,29,ECONOMY LUGGAGE TAG
23540,140.54,26,9,9,WALL ART THE MAGIC FOREST 
22103,140.25,85,13,11,MIRROR MOSAIC T-LIGHT HOLDER ROUND
21555,140.25,55,12,12,CERAMIC STRAWBERRY TRINKET TRAY
21331,140.25,11,7,7,MOROCCAN BEATEN METAL DISH LARGE
20757,140.18,164,33,30,RED DAISY POCKET BOOK 
82011B,139.35,41,19,19,BATHROOM SCALES RUBBER DUCKS
21344,139.30,14,5,5,MOROCCAN BEATEN METAL DISH
84711A,139.30,14,7,7,SILVER OVAL SHAPE TRINKET BOX
21851,138.72,26,15,15,LILAC DIAMANTE PEN IN GIFT BOX
90201A,138.65,47,11,11,PURPLE ENAMEL FLOWER RING
84429A,138.65,47,15,14,MEDIUM PINK BUDDHA HEAD 
35653,138.65,47,17,17,VINTAGE BEAD NOTEBOOK
85232B,138.60,28,9,8,SET OF 3 BABUSHKA STACKING TINS
35922,138.60,28,10,10,EASTER BUNNY WREATH
23304,138.45,71,9,9,SET 4 PICNIC CUTLERY CHERRY 
16168M,138.18,329,20,20,FUNKY MONKEY GIFT BAG MEDIUM
20618,137.88,68,28,28,QUEEN OF THE SKIES PASSPORT COVER 
23417,137.76,140,22,21,BATHROOM HOOK
20617,137.74,66,26,26,FIRST CLASS PASSPORT COVER 
22769,137.70,6,3,3,CHALKBOARD KITCHEN ORGANISER
84926F,137.68,327,22,22,PSYCHEDELIC TILE COASTER
21736,137.22,80,6,5,GOLD SCROLL GLASS T-LIGHT HOLDER
20758,136.85,161,44,41,ABSTRACT CIRCLES POCKET BOOK
85208,136.50,65,24,23,SET/12 FUNKY FELT FLOWER PEG IN BAG
21637,136.25,109,6,6,ASSORTED SANSKRIT MINI NOTEBOOK
84051,136.00,160,25,23,ASS COLOUR GLOWING TIARAS
90185D,136.00,32,8,8,CRYSTAL DIAMANTE EXPANDABLE RING
85118,135.74,142,6,6,HEART T-LIGHT HOLDER
90201D,135.70,46,9,9,GREEN ENAMEL FLOWER RING
85104,135.28,52,13,13,SILVER GLASS T-LIGHT SET
84631,135.15,17,10,9,FRUIT TREE AND BIRDS WALL PLAQUE
20694,135.00,36,11,10,FLORAL PINK MONSTER
84744,135.00,108,18,18,S/6 SEW ON CROCHET FLOWERS
84952C,135.00,68,9,8,MIRROR LOVE BIRD T-LIGHT HOLDER
85170B,134.70,107,22,22,SET/6 BLACK BIRD T-LIGHT CANDLES
22869,134.55,69,19,19,NUMBER TILE COTTAGE GARDEN 1
21942,134.55,161,23,23,SKULLS DESIGN FLANNEL
22257,133.91,139,17,15,FELT FARM ANIMAL SHEEP
46000U,133.75,107,26,26,POLYESTER FILLER PAD 30CMx30CM
90082A,133.35,21,10,10,DIAMANTE BOW BROOCH GREEN COLOUR
84661A,132.99,94,11,11,WHITE SQUARE TABLE CLOCK
21738,132.75,45,22,18,COSY SLIPPER SHOES SMALL  RED 
84508C,132.60,52,21,20,BLUE CIRCLES DESIGN TEDDY
62096A,132.50,106,8,8,PINK/YELLOW FLOWERS HANDBAG
21401,132.30,1010,59,58,BLUE PUDDING SPOON
84638,132.05,19,12,12,SMALL KITCHEN FLOWER POTS PLAQUE
90030B,131.80,112,15,15,RED KUKUI COCONUT SEED NECKLACE
90120C,131.75,31,7,7,GREEN MURANO TWIST BRACELET
23125,131.25,105,15,15,6PC WOOD PLATE SET DISPOSABLE
35912B,131.25,105,16,16,WHITE/PINK CHICK DECORATION
79191B,130.90,154,26,26,RETRO PLASTIC POLKA TRAY
22870,130.65,67,17,15,NUMBER TILE COTTAGE GARDEN 2
22124,130.37,79,24,23,SET OF 2 TEA TOWELS PING MICROWAVE
22395,130.26,134,15,15,PAPERWEIGHT VINTAGE PAISLEY
20823,129.56,164,8,7,GOLD WINE GOBLET
21368,129.15,161,31,30,MIRRORED WALL ART LADIES
85095,128.26,66,10,10,THREE CANVAS LUGGAGE TAGS
84993A,128.10,305,33,33,75 GREEN PETIT FOUR CASES
84800S,127.57,113,10,9,SMALL WHITE/PINK ROSE ART FLOWER
90198B,127.50,30,11,11,VINTAGE ROSE BEAD BRACELET BLACK
84882,127.50,34,15,15,GREEN WIRE STANDING CANDLE HOLDER
21025,127.25,100,16,16,SPACE FROG
20854,127.05,77,17,16,BLUE PATCH PURSE PINK HEART
85130A,127.05,77,10,10,BEADED PEARL HEART WHITE LARGE
20903,127.00,20,10,10,VINTAGE KEEPSAKE BOX TRAVELOGUE
72130,126.79,215,25,24,COLUMBIAN CANDLE ROUND
23303,126.75,65,6,6,SET 4 PICNIC CUTLERY FONDANT
20654,126.69,105,24,23,FIRST CLASS LUGGAGE TAG 
85067,126.65,7,5,5,CREAM SWEETHEART WALL CABINET
85202,126.00,300,49,39,HANGING WOOD AND FELT HEART
22263,125.68,256,21,18,FELT EGG COSY LADYBIRD 
90145,124.95,21,11,11,SILVER HOOP EARRINGS WITH FLOWER
84510C,124.92,98,34,32,SET OF 4 POLKADOT COASTERS
85129B,124.11,101,16,16,BEADED CRYSTAL HEART GREEN SMALL
72799C,123.68,80,18,18,PINK PILLAR CANDLE SILVER FLOCK
16048,123.48,909,44,42,TEATIME ROUND PENCIL SHARPENER 
21377,123.21,93,19,19,SMALL CAMPHOR WOOD FIELD  MUSHROOM
85094,122.94,502,31,30,CANDY SPOT EGG WARMER RABBIT
20616,122.78,134,25,25,CHERRY BLOSSOM PASSPORT COVER
85055,122.75,37,10,10,FRENCH ENAMEL UTENSIL HOLDER
84877D,122.50,88,12,11,BLUE ROUND COMPACT MIRROR
21027,122.45,101,19,17,NINJA RABBIT PINK
84218,120.90,62,39,39,BOX/12 CHICK & EGG IN BASKET
21167,120.75,575,17,17,WHITE SAGE INCENSE
20845,120.65,19,11,11,ZINC HEART LATTICE 2 WALL PLANTER
85131B,120.38,142,13,13,BEADED CRYSTAL HEART GREEN ON STICK
35972,120.00,96,17,16,DAISY FOLKART HEART DECORATION
20696,120.00,32,10,10,FLORAL SOFT CAR TOY
23463,119.40,12,7,7,VINTAGE ZINC WATERING CAN
85087,119.36,40,7,7,CANDY SPOT CUSHION COVER
85135A,119.25,15,6,6,YELLOW DRAGONFLY HELICOPTER
84709B,119.00,20,11,11,PINK OVAL JEWELLED MIRROR
77101A,117.94,98,20,19,UNION FLAG WINDSOCK
79190A,117.60,280,33,33,RETRO PLASTIC 70'S TRAY
21421,117.50,94,11,11,PORCELAIN ROSE LARGE 
84741C,117.00,60,14,14,CITRUS GARLAND FELT FLOWERS 
21698,116.62,266,22,22,MOCK LOBSTER FRIDGE MAGNET
23185,116.59,323,32,30,FRENCH STYLE STORAGE JAR JAM
72780,116.45,137,20,20,BLACK SILOUETTE CANDLE PLATE
21826,116.25,93,21,18,EIGHT PIECE DINOSAUR SET
23694,115.92,276,23,23,PAISLEY PARK CARD
84865,115.55,26,12,11,NEW BAROQUE BLACK PHOTO ALBUM
21418,115.25,59,13,12,STARFISH SOAP DISH
22135,114.96,262,49,48,MINI LADLE LOVE HEART PINK
10080,114.41,291,21,21,GROOVY CACTUS INFLATABLE
84673B,114.21,135,42,42,BLUE FLY SWAT
90191,113.90,22,7,7,SILVER LARIAT 40CM
90192,113.85,23,8,8,JADE DROP EARRINGS W FILIGREE
85131D,113.09,115,12,12,BEADED CRYSTAL HEART PINK ON STICK
84925F,112.48,80,15,14,PSYCHEDELIC WALL THERMOMETER
16015,111.70,229,21,21,MEDIUM CHINESE STYLE SCISSOR
84846A,111.30,53,11,10,SCENTED CANDLE IN DIGITALIS TIN
22538,111.18,291,26,25,MINI JIGSAW GO TO THE FAIR
84576,111.15,57,9,9,BLUE CAT BISCUIT BARREL PINK HEART
22105,110.50,26,8,8,MIRROR MOSAIC GOBLET CANDLE HOLDER
22882,110.29,83,20,20,NUMBER TILE VINTAGE FONT 3
23496,110.00,88,22,22,PANTRY KITCHEN THERMOMETER 
21375,109.80,24,12,10,LARGE CAMPHOR WOOD FIELD MUSHROOM 
84595E,109.80,64,9,9,LARGE TORTILLA DESIGN RED BOWL
21400,109.74,837,48,48,RED PUDDING SPOON
21278,109.65,43,9,7,VINTAGE KITCHEN PRINT PUDDINGS
23578,109.20,56,11,11,SNACK TRAY RED GINGHAM
22878,109.20,52,11,11,NUMBER TILE COTTAGE GARDEN No
35638B,109.20,56,4,4,PINK/BLUE STRING CURTAIN 
22877,109.20,56,13,13,NUMBER TILE COTTAGE GARDEN 9
20655,109.11,89,34,34,QUEEN OF SKIES LUGGAGE TAG
21814,108.75,75,15,12,HEART T-LIGHT HOLDER 
90199C,107.95,17,10,7,5 STRAND GLASS NECKLACE CRYSTAL
23478,107.50,86,9,9,WOODLAND LARGE PINK FELT HEART
17090A,107.45,109,10,10,LAVENDER INCENSE 40 CONES IN TIN
22872,107.25,55,13,13,NUMBER TILE COTTAGE GARDEN 4
21904,107.10,51,25,23,HOUSE WRECKING METAL SIGN 
23151,106.90,60,20,19,ZINC SWEETHEART SOAP DISH
85230A,106.80,408,14,14,OPIUM SCENTED VOTIVE CANDLE
23477,106.25,85,8,8,WOODLAND LARGE BLUE FELT HEART
20775,105.60,64,22,20,DAISY NOTEBOOK 
22874,105.30,54,12,11,NUMBER TILE COTTAGE GARDEN 6
22868,105.30,54,11,10,NUMBER TILE COTTAGE GARDEN 0 
23574,105.00,14,14,14,PACKING CHARGE
84748,105.00,28,11,8,FOLK FELT HANGING MULTICOL GARLAND
84461,104.55,41,14,14,12 PINK HEN+CHICKS IN BASKET
84596J,104.48,229,24,24,MIXED NUTS LIGHT GREEN BOWL
90014A,103.20,16,10,10,SILVER/MOP ORBIT NECKLACE
21157,102.90,49,15,14,RED RETROSPOT WASHBAG
22881,102.49,79,13,13,NUMBER TILE VINTAGE FONT 2
22885,102.49,79,12,12,NUMBER TILE VINTAGE FONT 6 
84457,102.00,120,23,21,SET/3 RABBITS FLOWER SKIPPPING ROPE
90148,102.00,8,6,5,LONG SILVER NECKLACE PASTEL FLOWER
90196A,102.00,8,5,5,PURPLE GEMSTONE NECKLACE 45CM
21366,102.00,24,11,10,MIRRORED WALL ART PHOTO FRAMES
35819B,101.84,268,27,22,"ACRYLIC HANGING JEWEL,BLUE"
16054,101.64,842,29,29,POPART RECT PENCIL SHARPENER ASST
21319,101.43,75,11,11,GLASS CHALICE GREEN  SMALL 
22871,101.40,52,10,10,NUMBER TILE COTTAGE GARDEN 3 
22876,101.40,52,11,11,NUMBER TILE COTTAGE GARDEN 8
47594A,101.40,52,26,26,CAROUSEL DESIGN WASHBAG
84509E,101.06,70,8,8,SET OF 4 CAROUSEL PLACEMATS 
22339,100.81,363,37,33,CHRISTMAS TREE PAINTED ZINC 
20796,100.65,61,8,8,SMALL BLUE PROVENCAL CERAMIC BALL
22883,100.54,78,11,11,NUMBER TILE VINTAGE FONT 4
35818P,100.32,264,18,17,"ACRYLIC JEWEL ICICLE, PINK"
85129C,99.88,77,12,12,BEADED CRYSTAL HEART BLUE SMALL
22875,99.45,51,14,14,NUMBER TILE COTTAGE GARDEN 7
17091A,99.29,172,26,25,LAVENDER INCENSE IN TIN
84906,98.60,28,10,10,PINK B'FLY C/COVER W BOBBLES
90184C,98.45,11,7,7,BLACK CHUNKY BEAD BRACELET W STRAP
22407,98.07,94,24,23,MONEY BOX FIRST ADE DESIGN
84723,97.95,41,6,6,CHERRY BLOSSOM CANVAS ART PICTURE
72225C,97.44,336,13,13,LAVENDER SCENT CAKE CANDLE
84806A,96.89,137,11,11,PINK CANDYSTUFT ARTIFICIAL FLOWER
84801A,96.60,46,5,5,PINK HYDRANGEA ART FLOWER
79190D,95.34,227,25,25,RETRO PLASTIC DAISY TRAY
90195A,95.20,16,7,7,PURPLE GEMSTONE BRACELET
85169C,95.08,92,18,18,EAU DE NIL LOVE BIRD CANDLE
84569B,95.00,76,12,11,PACK 3 FIRE ENGINE/CAR PATCHES
84666,94.80,24,4,4,SQUARE CHERRY BLOSSOM CABINET
22884,94.69,75,16,16,NUMBER TILE VINTAGE FONT 5
22541,94.64,226,21,20,MINI JIGSAW LEAP FROG
84898F,94.50,45,18,18,YELLOW FLOWERS FELT HANDBAG KIT
46776F,94.05,19,8,8,WOVEN ROSE GARDEN CUSHION COVER 
90125A,93.90,109,6,6,PINK BERTIE GLASS BEAD BAG CHARM
90063A,93.50,11,7,7,WHITE VINT ART DECO CRYSTAL NECKLAC
90185A,93.50,22,5,5,AMBER DIAMANTE EXPANDABLE RING
85167B,93.00,48,7,7,BLACK GRAND BAROQUE PHOTO FRAME
22886,92.74,74,13,13,NUMBER TILE VINTAGE FONT 7
22889,92.58,51,8,6,NUMBER TILE VINTAGE FONT No 
20731,92.50,74,8,8,POSY CANDY BAG
20795,92.40,44,8,8,LARGE BLUE PROVENCAL CERAMIC BALL
20773,92.40,56,24,23,BLUE PAISLEY NOTEBOOK
47503H,92.08,96,36,32,ASS FLORAL PRINT SPIRIT LEVEL 
82615,91.80,36,1,1,PINK MARSHMALLOW SCARF KNITTING KIT
22873,91.65,47,13,13,NUMBER TILE COTTAGE GARDEN 5
90032,90.67,19,6,6,IVORY SHELL HEART NECKLACE
85230F,90.34,338,12,12,JASMINE VOTIVE CANDLE
21690,90.00,24,9,7,SILVER  CANDLEPOT JARDIN 
37343,89.70,62,8,8,POLKADOT MUG PINK 
85179C,89.65,69,7,7,PINK BITTY LIGHT CHAIN
85039C,89.62,126,11,11,S/4 BLACK MINI ROSE CANDLE IN BOWL
90010E,89.50,10,7,7,AMBER GLASS/SILVER BRACELET
35400,89.50,10,5,5,WOODEN BOX ADVENT CALENDAR 
90185C,89.25,21,5,5,BLACK DIAMANTE EXPANDABLE RING
21281,89.25,35,6,6,VINTAGE KITCHEN PRINT SEAFOOD
90019A,89.10,18,9,9,SILVER M.O.P ORBIT BRACELET
22880,88.84,72,12,11,NUMBER TILE VINTAGE FONT 1
51020A,88.49,229,17,17,SUMMER FUN DESIGN SHOWER CAP
21678,88.40,104,16,16,PAISLEY PATTERN  STICKERS
84984A,88.35,19,6,6,GREEN PEONY CUSHION COVER
21370,88.20,15,8,8,MIRRORED WALL ART FOXY
90036D,87.45,11,4,4,"""FLOWER GLASS GARLAND NECKL.36""""BLACK"""
23442,87.36,42,10,7,12 HANGING EGGS HAND PAINTED
90180A,87.35,13,5,5,BLACK+WHITE NECKLACE W TASSEL
21420,87.12,48,15,13,OYSTER TRINKET BOX
21316,87.07,61,9,8,SMALL CHUNKY GLASS ROMAN  BOWL
21038,86.75,77,23,23,SET/4 MODERN VINTAGE COTTON NAPKINS
20774,85.80,52,23,22,GREEN FERN NOTEBOOK
21190,85.70,58,6,6,PINK HEARTS PAPER GARLAND
90014B,85.50,10,8,8,GOLD M PEARL  ORBIT NECKLACE
75172,85.31,93,8,8,PAINTED SEA SHELL METAL WINDCHIME
90120B,85.00,20,5,5,BLUE MURANO TWIST BRACELET
90200C,85.00,20,7,6,BLUE SWEETHEART BRACELET
21032,84.88,65,16,15,SPACE CADET WHITE
84527,84.45,47,6,6,FLAMES SUNGLASSES PINK LENSES
35933,84.36,222,16,16,PINK STOCKING CHRISTMAS DECORATION
90122C,84.15,17,5,5,TURQUOISE CRYSTAL+GLASS BRACELET
16169K,84.00,200,8,8,WRAP FOLK ART
35920,83.75,67,11,11,FOUR RABBIT EASTER DECORATIONS
82613A,83.75,67,15,14,"METAL SIGN,CUPCAKE SINGLE HOOK"
84531B,83.46,150,26,25,BLUE KNITTED EGG COSY
90123A,83.30,14,8,8,PINK HEART OF GLASS BRACELET
21003,82.55,13,6,6,ROSE DU SUD CUSHION COVER
35638A,82.10,38,5,5,PINK AND BLACK STRING CURTAIN
75011,81.88,100,11,11,BLUE DAISY MOBILE
85023B,81.60,32,11,11,EAU DE NILE JEWELLED PHOTOFRAME
21518,81.06,193,16,16,BANK ACCOUNT  GREETING  CARD 
21349,81.00,12,7,7,IVY HEART WREATH
35915C,80.85,49,8,8,PEACH KNITTED HEN 
85024B,80.85,49,11,11,EAU DE NILE JEWELLED PHOTOFRAME
21095,80.75,95,9,9,SET/6 POSIES PAPER PLATES
90016A,80.75,14,4,4,SILVER/M.O.P PENDANT ORBIT NECKLACE
90175C,80.55,9,6,6,BLUE GLASS CHUNKY CHARM BRACELET
90175A,80.55,9,8,8,WHITE GLASS CHUNKY CHARM BRACELET
84809A,79.80,38,5,5,WHITE CHRYSANTHEMUMS ART FLOWER
22104,79.75,55,11,11,MIRROR MOSAIC CANDLE PLATE
90162B,79.65,27,10,10,ANT SILVER LIME GREEN BOUDICCA RING
20821,79.20,16,5,5,GOLDIE LOOKING MIRROR
23464,79.20,16,6,6,VINTAGE ZINC WATERING CAN SMALL
84984B,79.05,17,5,5,RED PEONY CUSHION COVER 
84507B,79.05,31,14,14,STRIPES DESIGN MONKEY DOLL
84847,78.75,21,12,11,FLORAL BATHROOM SET
84685,78.75,21,9,9,BEACH HUT KEY CABINET
85131C,78.71,73,11,11,BEADED CRYSTAL HEART BLUE ON STICK
90123C,77.35,13,5,5,GREEN HEART OF GLASS BRACELET
22887,77.14,66,11,11,NUMBER TILE VINTAGE FONT 8
90016B,76.50,9,8,8,GOLD/M.O.P PENDANT ORBIT NECKLACE
20657,76.39,61,22,22,TROPICAL LUGGAGE TAG
20941,76.25,61,18,17,FROG CANDLE
90170,75.90,46,6,6,DAISY HAIR BAND
21372,75.73,67,25,25,MIRRORED WALL ART TABLE LAMP
23467,75.67,23,5,5,VINTAGE ZINC PLANTER  
79403,75.65,89,11,11,FROSTED WHITE BASE 
20798,75.60,36,5,5,CLEAR MILKSHAKE GLASS
84870C,75.00,20,10,10,GREEN GEISHA GIRL 
84870B,75.00,20,10,10,BLUE GEISHA GIRL 
85096,75.00,20,12,11,HILDA CANDY SPOT RABBIT
22764,74.85,3,2,2,"RUSTIC WOODEN CABINET, GLASS DOORS"
20997,74.25,15,5,5,ROSE DU SUD CUSHION COVER 
46776B,74.25,15,7,7,WOVEN BERRIES CUSHION COVER 
90081A,74.25,15,8,8,LILY BROOCH AMETHYST COLOUR
90030C,74.00,74,8,8,BROWN KUKUI COCONUT SEED NECKLACE
20699,73.95,29,11,11,MOUSEY LONG LEGS SOFT TOY
20894,73.75,25,9,9,HANGING BAUBLE T-LIGHT HOLDER LARGE
20898,73.75,25,5,4,VINTAGE NOTEBOOK TRAVELOGUE
17084P,73.29,349,13,13,DRAGONS BLOOD INCENSE
35957,73.08,174,4,4,SMALLFOLKART BAUBLE CHRISTMAS DEC
72801D,72.50,58,12,12,4 SKY BLUE DINNER CANDLES
46000P,72.25,17,5,5,POLYESTER FILLER PAD 65CMx65CM
90018A,72.25,17,9,9,SILVER M.O.P ORBIT DROP EARRINGS
20826,72.24,132,6,6,SILVER APERITIF GLASS
90030A,72.00,72,7,7,SPOTTED WHITE NATURAL SEED NECKLACE
84927E,71.82,57,12,11,FLOWERS TILE HOOK
84531A,71.76,140,26,25,PINK KNITTED EGG COSY
90178A,71.70,6,6,6,AMBER CHUNKY GLASS+BEAD NECKLACE
90184A,71.60,8,4,4,AMBER CHUNKY BEAD BRACELET W STRAP
90098,71.40,28,9,9,NECKLACE+BRACELET PINK BUTTERFLY
22888,71.29,63,8,8,NUMBER TILE VINTAGE FONT 9 
20933,71.05,23,9,9,YELLOW POT PLANT CANDLE
21100,70.95,43,8,8,CHARLIE AND LOLA CHARLOTTE BAG
47589,70.85,13,3,3,CONGRATULATIONS BUNTING
51020B,70.57,197,15,15,STRIPY DESIGN SHOWER CAP
90164A,70.35,19,6,6,PINK ROSEBUD PEARL BRACELET
84661C,70.10,62,5,5,PINK SQUARE TABLE CLOCK
21348,70.05,27,4,4,PINK SPOTS CHOCOLATE NESTING BOXES 
84881,69.85,11,5,5,BLUE WIRE SPIRAL CANDLE HOLDER
90124C,69.65,7,4,4,GREEN MURANO TWIST NECKLACE
22879,69.34,62,8,8,NUMBER TILE VINTAGE FONT 0
46776A,69.30,14,6,6,WOVEN BUBBLE GUM CUSHION COVER
46776E,69.30,14,5,5,WOVEN CANDY CUSHION COVER 
85197,69.30,33,19,18,SET OF 12 MINI BUNNIES IN A BUCKET
90158,69.30,14,6,6,ST TROPEZ NECKLACE
84228,68.88,164,18,18,HEN HOUSE W CHICK STANDING
84249A,68.84,160,13,13,"GREETING CARD,SQUARE, DOUGHNUTS"
72801G,68.75,55,12,11,4 BURGUNDY WINE DINNER CANDLES
90058A,68.40,180,5,5,CRYSTAL STUD EARRINGS CLEAR DISPLAY
84231,68.25,105,19,18,EASTER BUNNY WITH BASKET ON BACK
85198,68.06,86,6,6,ASSORTED FARMYARD ANIMALS IN BUCKET
90063B,68.00,8,5,5,BLACK VINT ART DEC CRYSTAL NECKLACE
90151,68.00,8,4,4,SILVER/NATURAL SHELL NECKLACE
22184,68.00,8,4,4,CAKE STAND VICTORIAN FILIGREE LARGE
84247K,67.85,23,10,9,"FOLK ART GREETING CARD,pack/12"
47518F,67.56,443,25,25,ICON PLACEMAT POP ART ELVIS
90003D,67.50,18,7,7,CRYSTAL PAIR HEART HAIR SLIDES
85049B,67.50,54,13,13,LUSH GREENS RIBBONS
35921,67.50,54,11,11,EASTER BUNNY HANGING GARLAND
72811,67.25,49,6,6,SMALL ZINC/GLASS CANDLEHOLDER
90108,67.20,64,6,6,BLUE BLOSSOM HAIR CLIP
35819P,66.55,95,7,7,"ACRYLIC HANGING JEWEL,PINK"
84686,66.39,49,8,8,BEACH HUT MIRROR
47481,66.30,78,19,18,50CM METAL STRING WITH  7 CLIPS
85106,66.30,26,9,8,CUT GLASS HEXAGON T-LIGHT HOLDER
90164B,65.70,28,7,7,WHITE  ROSEBUD PEARL BRACELET
20868,65.66,141,27,27,SILVER FABRIC MIRROR
90000A,65.45,11,6,6,RASPBERRY ANT COPPER FLOWER NECKLAC
90125D,65.40,74,5,5,PURPLE BERTIE GLASS BEAD BAG CHARM
84247N,64.90,22,18,18,PACK/12 BLUE FOLKART CARDS
90206C,64.35,13,8,7,CRYSTAL DIAMANTE STAR BROOCH
90073,64.35,13,4,4,VINTAGE ENAMEL & CRYSTAL EARRINGS
17096,64.05,305,9,9,ASSORTED LAQUERED INCENSE HOLDERS
40003,63.75,51,10,10,WHITE BAMBOO RIBS LAMPSHADE
84875D,63.75,51,8,8,BLUE SQUARE COMPACT MIRROR
90146,63.75,13,3,3,FINE SILVER NECKLACE W PASTEL FLOWE
21692,63.75,17,8,7,SILVER LATTICE VANILLA CANDLE POT
85026B,63.75,75,9,9,EAU DE NILE JEWELLED T-LIGHT HOLDER
85188B,63.75,75,8,8,PINK METAL SWINGING BUNNY
90125C,63.30,73,3,3,TURQUOISE BERTIE GLASS BEAD CHARM
35815P,63.28,162,5,5,"ACRYLIC JEWEL SNOWFLAKE, PINK"
22039,63.00,150,6,6,BOTANICAL LILY GIFT WRAP
22145,63.00,30,1,1,CHRISTMAS CRAFT HEART STOCKING 
84452,62.90,74,16,16,METAL RABBIT LADDER EASTER 
47591B,62.70,38,10,10,SCOTTIES CHILDRENS APRON
90010A,62.65,7,5,5,MIDNIGHT BLUE GLASS/SILVER BRACELET
90010B,62.65,7,3,3,BLACK/WHITE GLASS/SILVER BRACELET
84859B,62.63,31,11,10,BLUE DISCO HANDBAG
35637C,62.60,28,7,7,PINK STRING CURTAIN WITH POLE
40046A,62.50,50,6,6,RED DAISY PAPER LAMPSHADE
84760S,62.35,43,9,8,SMALL HANGING GLASS+ZINC LANTERN
17011F,62.15,80,6,6,ORIGAMI SANDLEWOOD INCENSE+FLOWER
21087,62.12,126,10,10,SET/6 POSIES PAPER CUPS
20848,61.95,21,8,8,ZINC HEART LATTICE CHARGER SMALL
90129B,61.95,21,6,6,TURQUOISE GLASS TASSLE BAG CHARM 
71496A,61.86,114,5,5,A4 WALL TIDY BLUE OFFICE
84858C,61.30,34,4,4,PINK RIVIERA HANDBAG
16151A,61.25,49,3,3,FLOWERS HANDBAG blue and orange
84985A,60.90,42,20,18,SET OF 72 GREEN PAPER DOILIES
21655,60.84,36,2,2,HANGING RIDGE GLASS T-LIGHT HOLDER
84984D,60.45,13,4,4,ORIENTAL RED CUSHION COVER 
37467,60.04,128,11,11,PIG MUG IN TWO COLOUR DESIGNS
16161G,60.00,600,21,21,WRAP BAD HAIR DAY
90173,60.00,16,3,3,PAIR BUTTERFLY HAIR CLIPS
90013A,60.00,16,3,3,MIDNIGHT BLUE VINTAGE EARRINGS
82011A,60.00,16,10,10,"BATHROOM SCALES, TROPICAL BEACH"
46126A,60.00,48,6,6,ELVIS WALLHANGING / CURTAIN
90124A,59.70,6,4,4,PINK MURANO TWIST NECKLACE
84910A,59.50,10,6,6,PINK PAISLEY CUSHION COVER 
21910,59.40,36,8,8,WAY OUT METAL SIGN 
84905,59.40,12,2,2,PINK BUTTERFLY CUSHION COVER 
46776D,59.40,12,3,3,WOVEN SUNSET CUSHION COVER 
85215,59.15,91,7,7,ASSORTED CHEESE FRIDGE MAGNETS
79071B,59.00,20,11,11,ENGLISH ROSE METAL WASTE BIN
90183A,59.00,20,5,5,AMBER DROP EARRINGS W LONG BEADS
90166,58.90,14,8,8,PINK & WHITE ROSEBUD RING
21946,58.90,72,11,11,PARTY TIME DESIGN FLANNEL
20760,58.65,69,22,21,GARDEN PATH POCKET BOOK
90210B,58.60,40,6,6,CLEAR ACRYLIC FACETED BANGLE
71495B,58.56,160,5,5,CD WALL TIDY RED FLOWERS
71406C,57.96,138,21,21,BLACK ORANGE SQUEEZER
84466,57.50,46,10,10,TOP SECRET PEN SET
84597C,57.50,46,13,13,RETRO PINK BALL ASHTRAY 
85006,57.25,55,9,9,SET 4 NURSERY DES ROUND BOXES
37479P,57.18,130,23,20,CUBIC MUG FLOCK PINK ON BROWN
90204,56.95,17,8,8,PAIR OF ENAMEL BUTTERFLY HAIRCLIP
16046,56.95,67,16,13,TEATIME PEN CASE & PENS
44236,56.52,52,7,6,PINK/PURPLE CIRCLE CURTAIN
17013D,56.28,52,6,6,ORIGAMI ROSE INCENSE IN TUBE
47341B,56.25,45,11,11,BLUE TABLE RUN FLOWER
84874B,56.10,34,7,7,BLUE TRAVEL FIRST AID KIT
85008,55.95,12,7,7,SET OF 3 CONEY ISLAND OVAL BOXES
90214A,55.71,63,14,14,"""LETTER """"A"""" BLING KEY RING"""
84679,55.70,6,2,2,CLASSICAL ROSE TABLE LAMP
90036E,55.65,7,5,5,"""FLOWER GLASS GARLD NECKL36""""AMETHYST"""
21777,55.65,7,3,3,RECIPE BOX WITH METAL HEART
75131,55.56,36,11,11,METAL TUBE CHIME ON BAMBOO
90185B,55.25,13,3,3,AMETHYST DIAMANTE EXPANDABLE RING
21002,55.25,13,5,5,ROSE DU SUD DRAWSTRING BAG
21722,55.25,65,15,15,SWEET PUDDING STICKER SHEET
84750B,54.99,61,12,12,BLACK SMALL GLASS CAKE STAND
20835,54.78,66,7,7,FRENCH LATTICE CUSHION COVER 
72132,54.60,28,12,12,COLUMBIAN CUBE CANDLE
46776C,54.45,11,6,6,WOVEN FROST CUSHION COVER
90081C,54.45,11,6,6,LILY BROOCH OLIVE COLOUR
20759,54.40,64,20,20,CHRYSANTHEMUM POCKET BOOK 
37333,54.30,14,11,11,"""RETRO """"TEA FOR ONE"""" """
79323B,54.00,8,1,1,BLACK CHERRY LIGHTS
20793,54.00,8,4,4,BLUE TILED TRAY
90065A,54.00,8,4,3,WHITE VINTAGE CRYSTAL BRACELET
84927A,53.85,46,14,14,WAKE UP COCKEREL TILE HOOK
85204,53.64,244,32,30,HANGING WOOD AND FELT FLOWER
20851,53.55,9,7,7,ZINC HEART LATTICE TRAY OVAL 
82095,53.55,7,4,4,HEART BUTTONS JEWELLERY BOX
47586A,53.55,21,8,8,PINK FAIRY CAKE CUSHION COVER
20756,53.55,63,22,22,GREEN FERN POCKET BOOK
20857,52.80,32,8,8,BLUE ROSE PATCH PURSE PINK BUTTERFL
35968,52.76,145,18,18,FOLK ART METAL HEART T-LIGHT HOLDER
84842,52.50,14,9,9,HELLO SAILOR BATHROOM SET
84805B,52.50,38,3,3,BLUE CLIMBING HYDRANGA ART FLOWER
90176D,52.50,7,4,4,DIAMANTE NECKLACE PURPLE
84805A,52.50,30,3,3,CREAM CLIMBING HYDRANGA ART FLOWER
90039D,52.50,14,2,2,FIRE POLISHED GLASS BRACELET GREEN
17012E,52.05,59,4,3,ORIGAMI OPIUM INCENSE/CANDLE SET 
35649,51.82,16,7,6,VINTAGE BEAD COSMETIC BAG 
85028S,51.60,24,8,8,FRENCH CHATEAU SMALL FRUITBOWL
84597B,51.25,41,5,5,RETRO BROWN BALL ASHTRAY 
21031,51.21,40,11,10,SPACE CADET BLACK
90194,51.00,12,6,6,SILVER LARIAT BLACK STONE EARRINGS
90196B,51.00,4,4,4,BLACK GEMSTONE NECKLACE 45CM
90099,51.00,20,13,13,NECKLACE+BRACELET SET BLUE HIBISCUS
84872A,50.85,3,3,3,TEATIME FUNKY FLOWER BACKPACK FOR 2
90199A,50.80,8,3,3,5 STRAND GLASS NECKLACE BLACK
90082D,50.80,8,5,4,DIAMANTE BOW BROOCH BLACK COLOUR
20910,50.80,8,3,3,VINTAGE PHOTO ALBUM PARIS DAYS
81952V,50.73,267,26,23,ROUND PURPLE CLOCK WITH SUCKER
84535A,50.70,78,19,19,ENGLISH ROSE NOTEBOOK A6 SIZE
21460,50.70,26,9,9,GREEN EASTER EGG HUNT START POST
17007B,50.40,24,2,2,S/3 POT POURI CUSHIONS BLUE COLOURS
47348A,50.31,97,15,15,FUSCHIA VOILE POINTY SHOE DEC
44242B,50.28,52,3,3,PINK FEATHERS CURTAIN
35265,50.25,16,11,11,COLOURFUL FLOWER FRUIT BOWL
90129C,50.15,17,6,6,GREEN GLASS TASSLE BAG CHARM
90177D,50.15,17,6,6,DROP DIAMANTE EARRINGS PURPLE
90210D,50.00,44,4,4,PURPLE ACRYLIC FACETED BANGLE
72812,49.98,18,4,4,LARGE ZINC GLASS CANDLEHOLDER
90086,49.93,85,11,11,CRYSTAL FROG PHONE CHARM
20735,49.30,58,29,29,BLACK MINI TAPE MEASURE 
21816,49.30,34,9,7,CHRISTMAS TREE T-LIGHT HOLDER
84497,48.75,13,7,7,BUTTONS AND STRIPES NOTEBOOK 
72133,48.75,39,14,13,COLUMBIAN CANDLE RECTANGLE
18007,48.60,270,16,15,ESSENTIAL BALM 3.5g TIN IN ENVELOPE
84826,48.58,82,18,13,ASSTD DESIGN 3D PAPER STICKERS
21720,48.45,57,8,8,CAKE SHOP  STICKER SHEET
21943,48.45,57,10,10,CAKES AND RABBITS DESIGN FLANNEL 
20697,48.45,19,11,9,LITTLE GREEN MONSTER SOFT TOY
47471,48.42,72,24,22,RAINBOW PEGS PHOTO CLIP STRING
84402B,48.19,61,3,3,PURPLE DRESS JEWELLERY STAND
90031,48.00,48,5,5,BILI NUT AND WOOD NECKLACE
90036C,47.70,6,2,2,"""FLOWER GLASS GARLAND NECKL.36""""BLUE"""
90036A,47.70,6,4,4,FLOWER GARLAND NECKLACE RED
90070,47.60,8,3,3,RUBY GLASS CLUSTER BRACELET
90123B,47.60,8,4,4,TURQUOISE HEART OF GLASS BRACELET
17084J,47.25,225,8,8,LOVE POTION MASALA INCENSE
84086B,47.20,16,8,7,YELLOW/BLUE RETRO RADIO
84715,47.20,16,3,3,SET OF 6 ICE CREAM SKITTLES
90129F,47.20,16,5,5,RED GLASS TASSLE BAG CHARM
84706F,47.20,16,10,10,RED PEONY TABLE CLOCK
72134,47.18,98,8,8,COLUMBIAN  CUBE CANDLE 
84857B,46.80,24,1,1,BLUE MONTE CARLO HANDBAG
84750A,46.80,24,1,1,PINK SMALL GLASS CAKE STAND
84549,46.35,31,3,3,CROCHET WHITE RABBIT KEYRING 
35833P,46.25,37,12,11,4 PINK FLOCK CHRISTMAS BALLS
84801B,46.20,22,3,3,WHITE HYDRANGEA ART FLOWER
47469,46.15,71,16,10,ASSORTED SHAPES PHOTO CLIP SILVER 
85160B,46.11,105,16,15,BLACK BIRD GARDEN DESIGN MUG
85031A,45.90,16,7,7,ROMANTIC IMAGES SCRAP BOOK SET
35916C,45.90,54,5,5,PINK FELT HANGING HEART W FLOWER
21089,45.73,231,24,24,SET/6 GREEN SPRING PAPER CUPS
79337,45.64,80,7,7,BLUE FLOCK GLASS CANDLEHOLDER
84247L,45.36,108,8,8,FAWN AND MUSHROOM GREETING CARD
90155,45.00,6,4,4,RESIN NECKLACE W PASTEL BEADS
21413,45.00,36,10,10,PERIWINKLE T-LIGHT HOLDER
90003C,45.00,12,5,5,MIDNIGHT BLUE PAIR HEART HAIR SLIDE
44235,44.94,107,15,12,ASSORTED COLOURED CIRCLE MOBILE 
90142D,44.55,9,3,3,MOP PENDANT SHELL NECKLACE
21847,44.55,9,5,5,GREEN  DIAMANTE PEN IN GIFT BOX
90161A,44.55,9,6,6,ANT COPPER RED BOUDICCA BRACELET
90133,44.55,9,3,3,TEAL/FUSCHIA COL BEAD NECKLACE
85185D,44.25,15,8,8,FROG SOCK PUPPET
16052,43.92,144,5,5,TEATIME PUSH DOWN RUBBER
20653,43.67,33,6,6,CHERRY BLOSSOM LUGGAGE TAG
47344B,43.66,44,6,6,BLUE FLOWER DES PURSE
44234,43.29,213,22,18,ASSORTED CIRCULAR MOBILE
46138B,43.15,43,12,12,BLUE CHENILLE SHAGGY CUSHION COVER 
90035A,43.00,4,2,2,"""PEARL & SHELL 42""""NECKL. GREEN"""
79144B,42.96,108,16,15,PAINTED LIGHTBULB STAR+ MOON
17084A,42.00,200,7,7,TRANQUILITY MASALA INCENSE
22987,42.00,100,4,4,WRAP SUMMER ROSE DESIGN
90050,41.70,6,2,2,CRACKED GLAZE NECKLACE IVORY
90051,41.70,6,3,3,CRACKED GLAZE NECKLACE RED
23440,41.60,20,4,4,PAINT YOUR OWN EGGS IN CRATE
90162C,41.30,14,7,7,ANT SILVER FUSCHIA BOUDICCA RING
85089,41.30,14,6,5,CANDY SPOT BUNNY
23448,41.25,25,3,3,CREAM BUNNY EASTER EGG BASKET
75013B,41.25,25,7,6,"STRING OF 8 BUTTERFLIES,PINK"
84921,41.25,11,5,5,CREAM AND PINK FLOWERS PONY 
90064B,41.25,11,6,6,BLACK VINTAGE  CRYSTAL EARRINGS
90013C,41.25,11,4,4,GREEN VINTAGE EARRINGS 
20662,40.97,11,5,5,FIRST CLASS HOLIDAY PURSE 
84673A,40.95,63,26,25,PINK FLY SWAT
90210C,40.90,34,4,4,RED   ACRYLIC FACETED BANGLE
90174,40.80,16,4,4,BUTTERFLY HAIR BAND
20698,40.80,16,8,7,LITTLE PINK MONSTER SOFT TOY
10120,40.53,193,30,29,DOGGY RUBBER
85092,40.05,27,2,2,CANDY SPOT TEA COSY
90214C,40.04,52,9,9,"""LETTER """"C"""" BLING KEY RING"""
35001W,39.92,14,4,4,HAND OPEN SHAPE DECO.WHITE
90124B,39.80,4,3,3,BLUE MURANO TWIST NECKLACE
84927D,39.78,45,12,11,LA PALMIERA TILE HOOK
84725,39.65,41,18,18,FREESTYLE CANVAS ART PICTURE
90122A,39.60,8,3,3,PINK CRYSTAL+GLASS BRACELET
84575A,39.30,14,4,4,PINK DOG CANNISTER
21307,39.20,79,13,13,SET/4 BUTTERFLY MIRROR MAGNETS
84534B,39.10,46,5,5,FAIRY CAKE NOTEBOOK A5 SIZE
35910A,39.00,20,4,4,MULTICOLOUR EASTER RABBIT 
47341A,38.75,27,5,5,FUSCHIA TABLE RUN FLOWER 
84751B,38.69,19,9,8,BLACK MEDIUM GLASS CAKE STAND
21393,38.67,29,8,7,BLUE POLKADOT PUDDING BOWL
47420,38.38,202,19,13,ASSORTED COLOUR SUCTION CUP HOOK
16207A,38.35,13,5,5,PINK STRAWBERRY HANDBAG 
90177C,38.35,13,3,3,DROP DIAMANTE EARRINGS CRYSTAL
84925D,38.25,15,10,10,LA PALMIERA WALL THERMOMETER
84907,38.25,5,3,3,PINK YELLOW PATCH CUSHION COVER
85086A,38.25,45,8,8,CANDY SPOT HEART DECORATION
90101,38.25,15,4,4,WHITE FRANGIPANI NECKLACE
84617,38.25,3,3,3,NEW BAROQUE BLACK BOXES
21392,38.13,32,7,6,RED POLKADOT PUDDING BOWL
23038,38.03,41,6,6,T-LIGHT HOLDER SILVER SAUCER
84033,37.95,23,7,7,FLAG OF ST GEORGE 
84809B,37.80,18,1,1,PINK CHRYSANTHEMUMS ART FLOWER
20700,37.50,10,4,4,GREEN CAT FLORAL CUSHION COVER 
90002D,37.50,10,6,6,FLOWER BURST SILVER RING CRYSTAL
90072,37.50,10,3,3,RUBY DROP CHANDELIER EARRINGS
72709,37.40,44,7,7,IVORY SCULPTED RND CANDLE 
37479B,36.93,67,16,16,CUBIC MUG FLOCK BLUE ON BROWN
71510,36.52,52,8,8,SQUARE METAL CANDLEHOLDER BASE
17090D,36.25,29,13,12,VANILLA INCENSE 40 CONES IN TIN
90210A,35.90,26,3,3,GREY ACRYLIC FACETED BANGLE
85216,35.75,55,8,8,ASSORTED CAKES FRIDGE MAGNETS
90000D,35.70,6,4,4,COPPER/OLIVE GREEN FLOWER NECKLACE
35911B,35.70,17,4,4,PINK/FLOWER RABBIT EGG WARMER 
84798A,35.70,14,3,3,PINK FOXGLOVE ARTIIFCIAL FLOWER
90202D,35.40,12,2,2,PINK ENAMEL FLOWER HAIR TIE
90186B,35.40,12,6,6,CRYSTAL HOOP EARRING FLORAL LEAF
90012B,35.40,12,2,2,BLACK DROP CRYSTAL NECKLACE
20661,35.07,9,5,5,BLUE POLKADOT PURSE 
72369A,35.00,28,4,3,PINK CLEAR GLASS CANDLE PLATE
90049,34.77,5,3,3,IVORY GOLD METAL BAG CHARM
90214K,34.75,47,12,12,"""LETTER """"K"""" BLING KEY RING"""
90157,34.65,7,2,2,RIVIERA NECKLACE
71495A,34.56,96,2,2,CD WALL TIDY BLUE OFFICE
84226,34.51,49,9,9,HEN HOUSE W FAMILY IN BARN & NEST
84251G,34.20,180,15,15,"GREETING CARD, OVERCROWDED POOL."
90023,34.00,8,4,4,FILIGREE DIAMANTE EARRINGS
90024B,34.00,4,2,2,NEW BAROQUE B'FLY NECKLACE RED
84922,34.00,8,5,5,PINK BUTTERFLY WASHBAG
90018B,34.00,8,5,5,GOLD M.O.P ORBIT DROP EARRINGS
81950B,33.93,117,10,8,FLOWER BLUE CLOCK WITH SUCKER
84873A,33.90,2,2,2,FUNKY FLOWER PICNIC BAG FOR 4
20980,33.75,27,11,11,36 PENCILS TUBE POSY
90087,33.66,90,8,8,CRYSTAL SEA HORSE PHONE CHARM
72783,33.60,16,2,2,BLACK SIL'T SQU CANDLE PLATE 
84422,33.21,71,7,7,PINK/BLUE DISC/MIRROR STRING
37423,33.18,78,3,3,WHITE WITH BLACK CATS PLATE
62094B,33.15,13,3,3,TURQ ICE CREAM BUM BAG 
90094,33.15,13,12,12,NECKLACE+BRACELET SET FRUIT SALAD 
90014C,32.80,4,3,3,SILVER/BLACK ORBIT NECKLACE
17109D,32.35,61,5,5,FLOWER FAIRY INCENSE BOUQUET
37444A,31.91,49,16,14,YELLOW BREAKFAST CUP AND SAUCER
84824,31.90,2,2,2,DANISH ROSE UMBRELLA STAND
90036B,31.80,4,2,2,"""FLOWER GLASS GARLAND NECKL.36""""GREEN"""
90036F,31.80,4,1,1,"""FLOWER GLASS GARLD NECKL36""""TURQUOIS"""
20878,31.25,25,8,7,SET/9 CHRISTMAS T-LIGHTS SCENTED 
37444C,31.23,21,9,7,PINK BREAKFAST CUP AND SAUCER 
20869,30.81,79,17,17,GOLD FABRIC MIRROR
85018D,30.60,12,7,7,YULETIDE IMAGES S/6 PAPER BOXES
44228,30.60,36,2,2,CANNABIS LEAF BEAD CURTAIN
16049,30.24,72,2,2,TEATIME GEL PENS ASST
21486,30.00,8,4,4,PINK HEART DOTS HOT WATER BOTTLE
35610B,30.00,24,1,1,BLACK CHRISTMAS FLOCK DROPLET 
90163A,30.00,4,2,2,PINK ROSEBUD & PEARL NECKLACE
35610C,30.00,24,1,1,WHITE CHRISTMAS FLOCK DROPLET 
90003E,30.00,8,2,2,GREEN PAIR HEART HAIR SLIDES
90022,30.00,8,4,4,EDWARDIAN DROP EARRINGS JET BLACK
21310,29.95,1,1,1,CAPIZ CHANDELIER
21667,29.90,2,1,1,GLASS CAKE COVER AND PLATE
90180B,29.85,3,3,3,PURPLE AMETHYST NECKLACE W TASSEL
90136,29.85,3,2,2,PALE PINK/AMETHYST STONE NECKLACE
84251B,29.83,157,14,14,"GREETING CARD, STICKY GORDON"
90211A,29.75,5,3,3,DIAMOND LAS VEGAS NECKLACE 45CM
35913B,29.75,35,10,9,WHITE/PINK CHICK EASTER DECORATION
21757,29.70,6,3,3,LIGHTHOUSE PRINTED METAL SIGN
90141B,29.70,6,2,2,IVORY PENDANT TRIPLE SHELL NECKLACE
90135,29.70,6,1,1,ORANGE/WHT/FUSCHIA STONES NECKLACE
21040,29.70,22,8,8,MODERN VINTAGE COTTON SHOPPING BAG
90206A,29.70,6,3,3,GOLD DIAMANTE STAR BROOCH
35816P,29.64,78,2,2,"ACRYLIC JEWEL ANGEL,PINK"
90162D,29.50,10,5,5,ANT SILVER PURPLE BOUDICCA RING
84465,29.50,10,7,7,15 PINK FLUFFY CHICKS IN BOX
90067A,29.50,10,3,3,PINK VINTAGE VICTORIAN EARRINGS
82605,29.40,14,3,3,OLD DOC RUSSEL METAL SIGN
20670,29.28,8,6,6,VIP HOLIDAY PURSE
85030,29.25,15,6,6,FRENCH CHATEAU OVAL PLATTER
90214L,29.19,51,5,5,"""LETTER """"L"""" BLING KEY RING"""
75178,28.75,23,6,6,ASSTD COL BUTTERFLY/CRYSTAL W/CHIME
17165D,28.35,27,7,7,ASS COL LARGE SAND FROG P'WEIGHT
16254,27.91,31,9,9,TRANSPARENT ACRYLIC TAPE DISPENSER
84613A,27.90,6,3,3,PINK NEW BAROQUE FLOCK CANDLESTICK
90131,27.80,4,1,1,PINK/AMETHYST/GOLD NECKLACE
17014A,27.51,58,6,6,ORIGAMI VANILLA INCENSE CONES
90214E,27.25,41,8,8,"""LETTER """"E"""" BLING KEY RING"""
84199,27.09,129,30,28,GLOW IN DARK DOLPHINS
90116,27.04,16,3,3,FRUIT SALAD BAG CHARM
85017C,27.02,50,12,10,ENVELOPE 50 CURIOUS IMAGES
79323P,27.00,4,1,1,PINK CHERRY LIGHTS
23702,27.00,4,3,3,High Resolution Image
90175D,26.85,3,2,2,TIGRIS EYE CHUNKY CHARM BRACELET
84675,26.55,9,2,2,FROG KING WATERING CAN
90130B,26.55,9,3,3,TURQ STONE/CRYSTAL EARRINGS
35598A,26.55,9,2,2,DUSTY PINK CHRISTMAS TREE 60CM
90205A,26.40,16,6,6,LARGE MINT DIAMANTE HAIRSLIDE
84539,26.40,16,1,1,KNITTED RABBIT DOLL 
72140E,26.35,31,8,8,BEST DAD CANDLE LETTERS
90064A,26.25,7,3,3,WHITE VINTAGE CRYSTAL EARRINGS
90144,26.25,7,3,3,SILVER DROP EARRINGS WITH FLOWER
21011,26.10,18,2,2,GLITTER SNOW PEAR TREE DECORATION
84510E,26.05,25,9,9,SET OF 4 GREEN CAROUSEL COASTERS
90214S,26.00,40,6,6,"""LETTER """"S"""" BLING KEY RING"""
90214D,25.71,39,7,7,"""LETTER """"D"""" BLING KEY RING"""
84706D,25.70,6,3,3,CHERRY BLOSSOM TABLE CLOCK 
79063C,25.65,135,13,13,"RETRO PILL BOX KEY CHAIN,THE KING"
84968B,25.50,2,2,2,SET OF 16 VINTAGE IVORY CUTLERY
90018C,25.50,6,3,3,SILVER BLACK ORBIT DROP EARRINGS
90026C,25.50,3,2,2,GLASS BEAD HOOP NECKLACE GREEN
90208,25.50,10,4,4,PAIR OF PINK FLOWER CLUSTER SLIDE
84840,25.50,3,3,3,SWEETHEART CARRY-ALL BASKET
90026D,25.50,3,3,3,GLASS BEAD HOOP NECKLACE AMETHYST
90029,25.50,3,2,2,NEW BAROQUE SMALL NECKLACE BLACK
20901,25.40,4,3,2,VINTAGE KEEPSAKE BOX PINK FLOWER
84803B,25.35,15,3,3,WHITE ALLIUM  ARTIFICIAL FLOWER
35910B,25.35,13,3,3,PINK FLOWERS RABBIT EASTER
37468,24.96,64,13,12,HARDMAN MUG 3 ASSORTED
90125B,24.90,19,3,3,AQUA BERTIE GLASS BEAD BAG CHARM
90043,24.81,4,2,2,COPPER AND BRASS BAG CHARM
20778,24.75,15,8,8,GARDEN PATH NOTEBOOK 
84854,24.75,5,1,1,GIRLY PINK TOOL SET
90079,24.75,5,2,2,VINTAGE ENAMEL & CRYSTAL NECKLACE
20820,24.75,5,2,2,SILVER LOOKING MIRROR
84548,24.75,15,4,3,CROCHET BEAR RED/BLUE  KEYRING
90040C,24.50,7,3,3,MURANO STYLE GLASS BRACELET GOLD
79144C,24.48,64,7,6,PAINTED LIGHTBULB RAINBOW DESIGN
15030,24.07,83,12,11,FAN BLACK FRAME 
84993B,23.94,57,17,17,75 BLACK PETIT FOUR CASES
90211B,23.80,4,2,2,JET BLACK LAS VEGAS NECKLACE 45CM
22125,23.80,4,1,1,UNION JACK HOT WATER BOTTLE 
21357,23.75,19,11,10,TOAST ITS - DINOSAUR
47369A,23.60,8,6,6,PINK GREEN EMBROIDERY COSMETIC BAG
90129D,23.60,8,2,2,AMBER GLASS TASSLE BAG CHARM
90012A,23.60,8,2,2,MIDNIGHT BLUE DROP CRYSTAL NECKLACE
21336,23.60,8,3,3,GOLD WASHBAG
35909B,23.60,8,2,2,PINK FLOWERS RABBIT EASTER
35909A,23.60,8,3,3,RABBIT EASTER DECORATION
84522,23.40,12,6,6,PINK PARTY SUNGLASSES
23447,23.10,14,3,3,PINK BUNNY EASTER EGG BASKET
85206B,23.10,14,4,4,PINK FELT EASTER EGG BASKET
85195,23.10,11,3,3,HANGING HEART BASKET
16219,22.68,108,8,8,HOUSE SHAPE PENCIL SHARPENER
90176E,22.50,3,2,2,DIAMANTE NECKLACE GREEN
90038B,22.50,6,1,1,GLASS AND PAINTED BEADS BRACELET OL
20701,22.50,6,3,3,PINK CAT FLORAL CUSHION COVER 
90212C,22.50,6,2,2,PURPLE LAS VEGAS BRACELET ROUND
90038C,22.50,6,1,1,GLASS AND BEADS BRACELET IVORY
90003B,22.50,6,3,3,ROSE COLOUR PAIR HEART HAIR SLIDES
90038A,22.50,6,1,1,GLASS AND PAINTED BEADS BRACELET TO
90039A,22.50,6,1,1,FIRE POLISHED GLASS BRACELET RED
90039B,22.50,6,1,1,FIRE POLISHED GLASS BRACELET MONTAN
90214M,22.23,27,5,5,"""LETTER """"M"""" BLING KEY RING"""
84306,21.90,2,2,2,S/3 PINK SQUARE PLANTERS ROSES
90035C,21.50,2,1,1,"""PEARL & SHELL 42""""NECKL. IVORY"""
23446,21.45,13,2,2,BLUE BUNNY EASTER EGG BASKET
84387A,21.45,11,1,1,BIRD ON BRANCH CANVAS SCREEN
20695,21.25,5,4,4,FLORAL BLUE MONSTER
90001D,21.25,5,3,3,ANTIQUE OLIVE GREEN FLOWER EARRINGS
79191D,21.25,25,7,7,RETRO PLASTIC DAISY TRAY
23692,21.00,50,2,2,WRAP A PRETTY THANK YOU
16169P,21.00,50,2,2,WRAP GREEN RUSSIAN FOLKART 
90040A,21.00,6,2,2,MURANO STYLE GLASS BRACELET RED
90195B,20.85,3,3,3,BLACK GEMSTONE BRACELET
21898,20.65,7,5,5,POTTING SHED ROSE CANDLE
90177B,20.65,7,2,2,DROP DIAMANTE EARRINGS BLACK DIAMON
90129A,20.65,7,3,3,PINK GLASS TASSLE BAG CHARM 
90011B,20.65,7,2,2,BLACK CRYSTAL DROP EARRINGS
90202C,20.65,7,2,2,GREEN ENAMEL FLOWER HAIR TIE
90202B,20.65,7,2,2,WHITE ENAMEL FLOWER HAIR TIE
90103,20.40,8,2,2,PURPLE FRANGIPANI NECKLACE
90096,20.40,8,3,3,NECKLACE+BRACELET SET BLUE BLOSSOM
90085,20.40,24,2,2,CRYSTAL STILETTO PHONE CHARM
90093,20.39,47,6,6,CLEAR CRYSTAL STAR PHONE CHARM
20818,20.00,12,2,2,GOLD TEDDY BEAR
21681,19.90,2,2,2,GIANT MEDINA STAMPED METAL BOWL 
35817P,19.86,18,2,2,"ACRYLIC JEWEL SNOWFLAKE,PINK"
90138,19.80,4,1,1,WHITE/PINK MINI CRYSTALS NECKLACE
90141A,19.80,4,2,2,GREEN PENDANT TRIPLE SHELL NECKLACE
90141C,19.80,4,2,2,TURQ PENDANT TRIPLE SHELL NECKLACE
22351,19.80,12,1,1,DOTCOMGIFTSHOP TEA TOWEL
90019C,19.80,4,3,3,SILVER BLACK ORBIT BRACELET
85024C,19.80,12,9,9,PINK SMALL JEWELLED PHOTOFRAME
85028L,19.50,10,4,4,FRENCH CHATEAU LARGE FRUIT BOWL 
79062D,19.40,52,4,4,"RETRO TIN ASHTRAY,REVOLUTIONARY"
72051S,19.32,46,6,5,BAG OF SILVER STONES
85047,19.05,3,2,2,WHITE BEADED GARLAND STRING 20LIGHT
81952B,19.00,100,8,8,ROUND BLUE CLOCK WITH SUCKER
90214I,18.77,25,3,3,"""LETTER """"I"""" BLING KEY RING"""
21416,18.75,5,4,4,CLAM SHELL LARGE
21538,18.75,5,2,2,DAIRY MAID  PUDDING BOWL
21018,18.70,22,5,4,BIRD BOX CHRISTMAS TREE DECORATION
90214Y,18.65,61,3,3,"""LETTER """"Y"""" BLING KEY RING"""
90214G,18.50,34,7,7,"""LETTER """"G"""" BLING KEY RING"""
35607B,18.24,96,7,7,BLACK FEATHER CHRISTMAS DECORATION
72821,18.15,11,4,4,CUPID SCENTED CANDLE IN GLASS
90074,17.90,2,1,1,BLACK DIAMOND CLUSTER NECKLACE
90123D,17.85,3,2,2,WHITE HEART OF GLASS BRACELET
90000B,17.85,3,2,2,MIDNIGHT BLUE COPPER FLOWER NECKLAC
90152A,17.85,3,3,3,SILVER/NAT SHELL NECKLACE W PENDANT
90060D,17.85,3,3,3,FIRE POLISHED GLASS NECKL BRONZE
84798B,17.85,7,2,2,PURPLE FOXGLOVE ARTIIFCIAL FLOWER
21661,17.85,3,3,3,VINTAGE GLASS TEA CADDY
90179A,17.85,3,2,2,AMBER FINE BEAD NECKLACE W TASSEL
20935,17.70,6,4,4,ROUND CACTUS CANDLE
90190A,17.70,6,1,1,SILVER/CRYSTAL DROP EARRINGS W LEAF
90177A,17.70,6,1,1,CLASSIC DIAMANTE EARRINGS JET
90182C,17.70,6,1,1,BLACK 3 BEAD DROP EARRINGS
20664,17.70,6,3,3,TROPICAL HOLIDAY PURSE 
90168,17.70,6,1,1,2 DAISIES HAIR COMB
90129E,17.70,6,1,1,PURPLE GLASS TASSLE BAG CHARM
90162A,17.70,6,1,1,ANT SILVER TURQUOISE BOUDICCA RING
90202A,17.70,6,1,1,PURPLE ENAMEL FLOWER HAIR TIE
90177E,17.70,6,1,1,DROP DIAMANTE EARRINGS GREEN
90190B,17.70,6,1,1,GOLD/AMBER DROP EARRINGS W LEAF
21461,17.55,9,5,4,BLUE EASTER EGG HUNT START POST
79331,17.50,26,3,3,PINK FLOCK GLASS CANDLEHOLDER
35597D,17.48,46,2,2,PINK/WHITE CHRISTMAS TREE 30CM
90214J,17.23,23,5,5,"""LETTER """"J"""" BLING KEY RING"""
37489D,17.16,40,17,16,PINK/GREEN FLOWER DESIGN BIG MUG
35645,17.00,4,3,3,VINTAGE BEAD PINK JEWEL BOX
90028,17.00,2,1,1,NEW BAROQUE LARGE NECKLACE BLK/WHIT
44092C,17.00,20,8,6,PURPLE/COPPER HANGING LAMPSHADE
90024F,17.00,2,1,1,NEW BAROQUE B'FLY NECKLACE CRYSTAL
90026B,17.00,2,2,2,GLASS BEAD HOOP NECKLACE MONTANA
35916A,17.00,20,3,3,YELLOW FELT HANGING HEART W FLOWER
90001B,17.00,4,2,2,ANTIQUE MID BLUE FLOWER EARRINGS
90024C,17.00,2,1,1,NEW BAROQUE B'FLY NECKLACE GREEN
47574B,17.00,4,2,2,ENGLISH ROSE SCENTED HANGING HEART
90026A,17.00,2,1,1,GLASS BEAD HOOP NECKLACE BLACK
79063D,16.91,89,10,9,"RETRO PILL BOX , REVOLUTIONARY"
37489B,16.77,31,12,12,BLUE/YELLOW FLOWER DESIGN BIG MUG
90059E,16.50,10,3,3,DIAMANTE HAIR GRIP PACK/2 RUBY
16216,16.46,98,10,10,LETTER SHAPE PENCIL SHARPENER
35647,16.25,13,2,2,VINTAGE BEAD PINK SHADE 
16248B,16.25,13,7,7,BLUE HOLE PUNCH
84795C,15.90,2,1,1,OCEAN STRIPE HAMMOCK 
85136B,15.90,2,2,2,BLUE SHARK HELICOPTER
84562A,15.90,2,2,2,PINK/WHITE RIBBED MELAMINE JUG
20816,15.60,8,2,2,GOLD FLOWER CUSHION COVER 
78034B,15.60,8,7,6,BLUE NETTING STORAGE HANGER
84989A,15.40,28,18,17,75 GREEN FAIRY CAKE CASES
90076,15.30,6,1,1,MONTANA DIAMOND CLUSTER EARRINGS
90169,15.30,6,1,1,DAISY HAIR COMB
90118,15.30,6,1,1,PINK DAISY BAG CHARM
90037B,15.30,6,1,1,TINY CRYSTAL BRACELET GREEN
72024U,15.12,72,3,3,LILAC VOTIVE CANDLE
90214H,15.02,22,6,6,"""LETTER """"H"""" BLING KEY RING"""
17191A,15.00,4,2,2,ROSE FLOWER CANDLE+INCENSE 16X16CM
90163B,15.00,2,1,1,WHITE ROSEBUD & PEARL NECKLACE
84877A,15.00,12,1,1,PINK ROUND COMPACT MIRROR
90189A,15.00,2,2,2,SILVER 2 STRAND NECKLACE-LEAF CHARM
84415A,15.00,12,2,2,PINK FLOCK SUEDE CUSHION COVER 
90176B,15.00,2,1,1,DIAMANTE NECKLACE BLACK 
90176A,15.00,2,1,1,CLASSIC DIAMANTE NECKLACE JET
90176C,15.00,2,1,1,DIAMANTE NECKLACE
90078,15.00,2,1,1,PINK/WHITE GLASS DEMI CHOKER
90069,15.00,2,1,1,RUBY GLASS CLUSTER NECKLACE
84462,15.00,12,6,6,3 PINK HEN+CHICKS IN BASKET
84705C,15.00,12,1,1,PINK FLOCK PHOTO FRAME 
23449,15.00,12,1,1,SET OF 6 EASTER RAINBOW CHICKS
79406,14.96,68,5,5,FROSTED WHITE BASE 
90059B,14.85,9,3,3,DIAMANTE HAIR GRIP PACK/2 BLACK DIA
90156,14.85,3,2,2,RESIN BRACELET W PASTEL BEADS
90059F,14.85,9,3,3,DIAMANTE HAIR GRIP PACK/2 LT ROSE
90159,14.85,3,2,2,COTE D'AZURE NECKLACE
90048,14.85,3,1,1,GREEN WITH METAL BAG CHARM
90197B,14.85,3,1,1,BLACK GLASS BRACELET W HEART CHARMS
90046,14.85,3,1,1,WHITE WITH METAL BAG CHARM
85031C,14.85,3,1,1,CURIOUS IMAGES SCRAP BOOK SET
90141E,14.85,3,1,1,ORANGE PENDANT TRIPLE SHELL NECKLAC
90141D,14.85,3,1,1,ROSE PENDANT TRIPLE SHELL NECKLACE
90190C,14.75,5,4,4,SILVER/AMETHYST DROP EARRINGS LEAF
90186A,14.75,5,4,3,AMETHYST HOOP EARRING FLORAL LEAF
84593,14.75,5,2,1,CROCHET ROSE DES CLOTHES HANGER
16202B,14.50,29,2,2,PASTEL BLUE PHOTO ALBUM 
85084,14.45,17,6,6,HOLLY TOP CHRISTMAS STOCKING
37489A,14.43,33,15,14,YELLOW/PINK FLOWER DESIGN BIG MUG
47593A,14.37,33,13,12,CAROUSEL PONIES BABY BIB
62043B,14.11,17,5,5,BLUE CHECK BAG W HANDLE 34X20CM
90040B,14.00,4,2,2,MURANO STYLE GLASS BRACELET BLACK
90083,13.69,19,4,4,CRYSTAL CZECH CROSS PHONE CHARM
79336,13.68,36,3,3,LIGHT PINK FLOCK GLASS CANDLEHOLDER
37489C,13.65,23,8,8,GREEN/BLUE FLOWER DESIGN BIG MUG
84745A,13.44,32,5,5,PINK HANGING GINGHAM EASTER HEN
84745B,13.44,32,5,5,BLUE HANGING GINGHAM EASTER HEN
90187B,13.40,4,1,1,GREEN DROP EARRINGS W BEAD CLUSTER
90059C,13.20,8,3,3,DIAMANTE HAIR GRIP PACK/2 MONTANA
37491C,13.20,8,1,1,GREEN/BLUE CERAMIC CANDLE HOLDER
84388,13.14,24,6,6,WISE MAN STAR SHAPE EGG PAN
84827,13.00,20,10,6,ASS DES PHONE SPONGE CRAFT STICKER
20892,12.75,1,1,1,SET/3 TALL GLASS CANDLE HOLDER PINK
18097A,12.75,5,4,4,PINK TALL PORCELAIN T-LIGHT HOLDER 
90199B,12.70,2,1,1,5 STRAND GLASS NECKLACE AMETHYST
90199D,12.70,2,2,2,5 STRAND GLASS NECKLACE AMBER
20671,12.50,10,2,2,BLUE TEATIME PRINT BOWL 
84415B,12.50,6,2,2,BLUE FLOCK CUSHION COVER 
79329,12.18,12,2,2,PINK FLOCK GLASS CANDLEHOLDER
17164B,12.18,29,10,9,ASS COL SMALL SAND GECKO P'WEIGHT
90021,11.95,1,1,1,LASER CUT MULTI STRAND NECKLACE
90178B,11.95,1,1,1,PURPLE CHUNKY GLASS+BEAD NECKLACE
84620,11.90,2,1,1,BLUE GINGHAM ROSE CUSHION COVER
84614A,11.90,2,1,1,PINK BAROQUE FLOCK CANDLE HOLDER
44092B,11.90,14,5,5,BLUE WHITE PLASTIC RINGS LAMPSHADE
21488,11.85,3,2,2,RED WHITE SCARF  HOT WATER BOTTLE
90027D,11.80,4,1,1,GLASS BEAD HOOP EARRINGS AMETHYST
20666,11.80,4,4,4,ECONOMY HOLIDAY PURSE
37444B,11.80,4,3,3,BLUE BREAKFAST CUP AND SAUCER 
90027A,11.80,4,1,1,GLASS BEAD HOOP EARRINGS BLACK
35818B,11.78,31,3,3,"ACRYLIC JEWEL ICICLE, BLUE"
47369B,11.69,3,3,3,BLUE GREEN EMBROIDERY COSMETIC BAG
20663,11.69,3,3,3,QUEEN OF THE SKIES HOLIDAY PURSE 
71050,11.55,33,6,6,SMALL SINGLE FLAME CANDLE HOLDER
72798C,11.55,7,3,3,SET/4 GARDEN ROSE DINNER CANDLE
16207B,11.31,4,3,3,PINK HEART RED HANDBAG
90212B,11.25,3,1,1,JET BLACK LAS VEGAS BRACELET ROUND
84746,11.25,3,1,1,PINK EASTER HENS+FLOWER
21836,11.25,3,2,2,GINGHAM OVEN GLOVE RED HEART 
21226,11.25,9,5,4,POCKET MIRROR WOODLAND
16162L,11.05,17,6,6,THE KING GIFT BAG
90214P,11.00,28,6,6,"""LETTER """"P"""" BLING KEY RING"""
16162M,10.92,26,7,7,THE KING GIFT BAG 25x24x12cm
37488A,10.92,28,3,3,YELLOW PINK FLOWER DESIGN BIG BOWL
79026B,10.61,25,9,9,"S/4 ICON COASTER,ELVIS LIVES"
16161M,10.50,25,1,1,WRAP  PINK FLOCK
84016,10.50,25,1,1,FLAG OF ST GEORGE CAR FLAG
16169N,10.50,25,1,1,WRAP BLUE RUSSIAN FOLKART
35966,10.26,27,2,2,FOLKART CHRISTMAS TREE T-LIGHT HOLD
40005B,10.20,12,4,4,BLUE ORGANDY ROUND LAMPSHADE W BEA
85109,10.20,12,1,1,PINK BOUDOIR T-LIGHT HOLDER
35958,10.20,12,3,3,FOLKART ZINC STAR CHRISTMAS DEC
37471,10.20,12,1,1,MULTICOLOUR POLKADOT PLATE
44089C,10.08,24,6,6,LILAC GAUZE BUTTERFLY LAMPSHADE
90214N,10.02,18,5,5,"""LETTER """"N"""" BLING KEY RING"""
35610A,10.00,8,1,1,PINK CHRISTMAS FLOCK DROPLET 
84689,9.95,3,2,2,S/2 BEACH HUT TREASURE CHESTS
90059D,9.90,6,1,1,DIAMANTE HAIR GRIP PACK/2 PERIDOT
90059A,9.90,6,1,1,DIAMANTE HAIR GRIP PACK/2 CRYSTAL
90019B,9.90,2,2,2,GOLD M.O.P ORBIT BRACELET
90205C,9.90,6,3,3,LARGE CRYSTAL DIAMANTE HAIRSLIDE
44242A,9.48,12,1,1,LILAC FEATHERS CURTAIN
23441,9.24,22,3,3,HAND PAINTED HANGING EASTER EGG
35809B,9.18,8,3,3,ENAMEL BLUE RIM TEA CONTAINER
90181A,8.95,1,1,1,AMBER GLASS/SHELL/PEARL NECKLACE
81950V,8.89,21,7,6,FLOWER PURPLE CLOCK WITH SUCKER
20906,8.85,3,2,2,VINTAGE NOTEBOOK BEAUTY GIRL
45013,8.85,3,2,2,FOLDING SHOE TIDY
84773,8.85,3,1,1,RED ROSE AND LACE C/COVER
16206B,8.75,7,2,2,RED PURSE WITH PINK HEART
84732B,8.58,22,2,2,CUTE BIRD CEATURE SCREEN
90024D,8.50,1,1,1,NEW BAROQUE B'FLY NECKLACE PINK
71143,8.50,10,1,1,SILVER BOOK MARK WITH BEADS
90120D,8.50,2,2,2,WHITE MURANO TWIST BRACELET
90001C,8.50,2,2,2,ANTIQUE OPAL WHITE FLOWER EARRINGS
90001A,8.50,2,1,1,ANTIQUE RASPBERRY FLOWER EARRINGS
90167,8.50,10,1,1,BEADED LOVE HEART JEWELLERY SET
44265,8.50,2,1,1,M/COLOUR POM-POM CURTAIN
90102,8.50,10,1,1,WHITE FRANGIPANI HAIR CLIP
84975,8.45,5,2,2,HEART SHAPED MIRROR
47503J,7.95,1,1,1,SET/3 FLORAL GARDEN TOOLS IN BAG
84924F,7.90,10,3,3,PSYCHEDELIC METAL SIGN CALENDAR
16244B,7.85,7,2,2,MAXWELL 2 TONE BLUE 60 PAGE PHOTO A
90188,7.65,3,3,2,DROP EARRINGS W FLOWER & LEAF
90042A,7.65,3,2,2,FRESHWATER PEARL BRACELET GOLD
85189,7.65,9,4,3,HANGING BUTTERFLY  EGG
79149B,7.56,18,8,8,SILICON STAR BULB  BLUE
90025A,7.50,2,2,2,BAROQUE BUTTERFLY EARRINGS BLACK
16202E,7.50,15,3,3,BLACK PHOTO ALBUM 
37379A,7.50,6,1,1,PINK CHERRY BLOSSOM CUP & SAUCER
72815,7.50,2,1,1,3 WICK CHRISTMAS BRIAR CANDLE 
21827,7.50,6,3,3,EIGHT PIECE CREEPY CRAWLIE SET
62097B,7.47,9,3,3,BLUE STRIPES SHOULDER BAG
71496B,7.37,13,4,4,A4 WALL TIDY RED FLOWERS
10124G,7.14,17,4,4,ARMY CAMO BOOKCOVER TAPE
90041,7.00,2,1,1,PEARL AND CHERRY QUARTZ BRACLET
84802B,6.76,4,1,1,PURPLE ANEMONE ARTIFICIAL FLOWER
90065B,6.75,1,1,1,BLACK VINT ART DEC CRYSTAL BRACELET
62074B,6.72,16,4,4,ELEPHANT CLIP W SUCTION CUP
10124A,6.72,16,5,5,SPOTS ON RED BOOKCOVER TAPE
20678,6.60,4,1,1,LARGE BLACK DIAMANTE HAIRSLIDE
37491B,6.60,4,1,1,BLUE/YELLOW CERAMIC CANDLE HOLDER
85224,6.30,3,1,1,ASSORTED COLOUR SILK GLASSES CASE
44089A,6.30,15,4,4,PINK GAUZE BUTTERFLY LAMPSHADE
90214R,6.27,15,4,4,"""LETTER """"R"""" BLING KEY RING"""
35591T,6.25,5,4,4,TURQUOISE CHRISTMAS TREE 
21228,6.25,5,2,2,"""POCKET MIRROR """"GLAMOROUS"""""""
85225,6.25,6,3,3,BLING KEY RING STAND
20827,6.24,16,1,1,GOLD APERITIF GLASS
90214V,5.98,14,3,3,"""LETTER """"V"""" BLING KEY RING"""
90152B,5.95,1,1,1,BLUE/GREEN SHELL NECKLACE W PENDANT
90152C,5.95,1,1,1,BLUE/NAT SHELL NECKLACE W PENDANT
90179C,5.95,1,1,1,BLACK FINE BEAD NECKLACE W TASSEL
90060B,5.95,1,1,1,FIRE POLISHED GLASS NECKL GOLD
35443,5.95,7,5,5,RASTA IN BATH W SPLIFF ASHTRAY
84499,5.95,7,2,2,BLACK FLOWER CANDLE PLATE
79161A,5.90,2,2,2,ST GEORGE SET OF 10 PARTY LIGHTS
35598C,5.90,2,2,2,WHITE CHRISTMAS TREE 60CM
37462E,5.59,27,4,4,"PET MUG, GOLDFISH"
47013C,5.50,43,7,7,WINE BOTTLE DRESSING DARK BLUE
35004P,5.45,1,1,1,SET OF 3 PINK FLYING DUCKS
21839,5.45,1,1,1,MUMMY MOUSE RED GINGHAM RIBBON
81953P,5.32,28,3,3,ROUND ARTICULATED PINK CLOCK W/SUCK
37509,5.10,2,2,2,NEW ENGLAND MUG W GIFT BOX
85017A,5.10,6,3,2,ENVELOPE 50 ROMANTIC IMAGES
90033,5.10,2,1,1,IVORY SHELL HEART EARRINGS
20964,5.10,2,1,1,POLYESTER FILLER PAD 60x40cm
35916B,5.10,6,1,1,BLUE FELT HANGING HEART WITH FLOWER
16020C,5.10,6,2,2,CLEAR STATIONERY BOX SET 
85031B,4.95,1,1,1,BLOSSOM IMAGES SCRAP BOOK SET
35650,4.95,1,1,1,VINTAGE BEAD PINK JEWEL STAND
90122B,4.95,1,1,1,JADE CRYSTAL+GLASS BRACELET
90089,4.75,25,3,2,PINK CRYSTAL SKULL PHONE CHARM
90214B,4.73,13,2,2,"""LETTER """"B"""" BLING KEY RING"""
84613C,4.65,1,1,1,BLUE NEW BAROQUE FLOCK CANDLESTICK
71215,4.62,11,2,2,METAL BASE FOR CANDLES
79151B,4.62,11,2,2,"SILICON CUBE 25W, BLUE"
84251C,4.56,24,2,2,"GREETING CARD, TWO SISTERS."
35607A,4.56,24,1,1,PINK FLUFFY CHRISTMAS DECORATION
84206A,4.56,24,3,3,3 BLACK CATS W HEARTS BLANK CARD
84732D,4.29,11,2,2,CUTE RABBIT CEATURE SCREEN 
20703,4.25,1,1,1,BLUE PADDED SOFT MOBILE
79157V,4.25,5,3,3,UBO-LIGHT TRIOBASE PURPLE
22218,4.25,1,1,1,CAKE STAND LACE WHITE
21895,4.25,1,1,1,POTTING SHED SOW 'N' GROW SET
47016,4.20,2,1,1,LIGHT DECORATION BATTERY OPERATED
20861,4.20,2,2,2,GOLD COSMETIC BAG PINK STAR
17038,4.10,41,5,5,PORCELAIN BUDAH INCENSE HOLDER
17174,3.78,9,3,3,ASSTD RASTA KEY-CHAINS
44091A,3.78,9,3,3,BLUE CRUSOE CHECK LAMPSHADE
90214F,3.77,13,2,2,"""LETTER """"F"""" BLING KEY RING"""
90025F,3.75,1,1,1,BAROQUE BUTTERFLY EARRINGS CRYSTAL
90039C,3.75,1,1,1,FIRE POLISHED GLASS BRACELET BLACK
79192A,3.75,3,2,2,RETRO PLASTIC 70'S TRAY
37464,3.75,3,2,2,ROBOT MUG IN DISPLAY BOX
35271S,3.61,19,2,2,GOLD PRINT PAPER BAG
16010,3.60,30,3,3,FOLDING CAMPING SCISSOR W/KNIF & S
16202A,3.50,7,2,2,PASTEL PINK PHOTO ALBUM 
90214T,3.48,12,1,1,"""LETTER """"T"""" BLING KEY RING"""
90214U,3.48,12,1,1,"""LETTER """"U"""" BLING KEY RING"""
90214W,3.48,12,1,1,"""LETTER """"W"""" BLING KEY RING"""
90214O,3.48,12,1,1,"""LETTER """"O"""" BLING KEY RING"""
90214Z,3.48,12,1,1,"""LETTER """"Z"""" BLING KEY RING"""
79157B,3.40,4,2,2,UBO-LIGHT TRIOBASE BLUE
21785,3.40,4,4,3,RAIN PONCHO 
84802A,3.38,2,1,1,WHITE ANEMONE ARTIFICIAL FLOWER
37491D,3.30,2,1,1,PURPLE/BLUE CERAMIC CANDLE HOLDER
10123C,3.25,5,3,3,HEARTS WRAPPING TAPE 
16218,3.20,20,4,4,CARTOON  PENCIL SHARPENERS
47013A,3.04,14,4,4,WINE BOTTLE DRESSING LT.BLUE
23630,2.99,1,1,1,SET 10 CARDS HANGING BAUBLES 17080
90130A,2.95,1,1,1,WHITE STONE/CRYSTAL EARRINGS
90011A,2.95,1,1,1,MIDNIGHT BLUE CRYSTAL DROP EARRINGS
90183C,2.95,1,1,1,BLACK DROP EARRINGS W LONG BEADS
20667,2.95,1,1,1,CHERRY BLOSSOM PURSE
16043,2.88,24,1,1,POP ART PUSH DOWN RUBBER 
90165B,2.55,1,1,1,WHITE ROSEBUD  PEARL EARRINGS
90054,2.55,1,1,1,CRACKED GLAZE EARRINGS RED
90055,2.55,1,1,1,CRACKED GLAZE EARRINGS BROWN
90100,2.55,1,1,1,NECKLACE+BRACELET SET PINK DAISY
17028J,2.52,6,1,1,INCENSE BAZAAR PEACH
62096B,2.50,2,1,1,PURPLE/TURQ FLOWERS HANDBAG
84201B,2.47,13,2,2,HAPPY BIRTHDAY CARD STRIPEY TEDDY
37330,2.34,6,1,1,BIG POLKADOT MUG
37487B,2.32,8,1,1,YELLOW/ORANGE FLOWER DESIGN PLATE
17136A,2.31,11,3,3,BLUE STONES ON WIRE FOR CANDLE
46115B,2.28,12,2,2,GREEN POP ART MAO CUSHION COVER 
77079,2.12,1,1,1,DOLPHIN WINDMILL
21414,2.10,1,1,1,SCALLOP SHELL SOAP DISH
90125E,2.10,1,1,1,AMBER BERTIE GLASS BEAD BAG CHARM
47579,2.10,1,1,1,TEA TIME BREAKFAST BASKET
85170A,2.10,1,1,1,SET/6 IVORY BIRD T-LIGHT CANDLES
81953B,2.09,11,5,3,ROUND BLUE CLOCK WITH SUCKER
84731,2.04,2,2,2,3 BIRDS CANVAS SCREEN
22146,1.95,1,1,1,EASTER CRAFT IVY WREATH WITH CHICK
22323,1.95,1,1,1,PINK POLKADOT KIDS BAG
84691,1.70,2,1,1,PACK 20 DOLLY PEGS
84551,1.65,1,1,1,CROCHET DOG KEYRING
23664,1.65,1,1,1,FLOWER SHOP DESIGN MUG
84550,1.65,1,1,1,CROCHET LILAC/RED BEAR KEYRING
37351,1.56,4,1,1,ORANGE FLOWER MUG 
84206C,1.52,8,2,2,CHAMPAGNE TRAY BLANK CARD
22034,1.26,3,1,1,ROBIN CHRISTMAS CARD
84569C,1.25,1,1,1,PACK 4 FLOWER/BUTTERFLY PATCHES
90128B,1.25,1,1,1,BLUE LEAVES AND BEADS PHONE CHARM
35597A,1.25,1,1,1,DUSTY PINK CHRISTMAS TREE 30CM
90071,1.25,1,1,1,RUBY GLASS CLUSTER EARRINGS
37461,1.25,1,1,1,FUNKY MONKEY MUG
84743C,1.25,1,1,1,ORANGE FELT VASE + FLOWERS
35597B,1.25,1,1,1,BLACKCHRISTMAS TREE 30CM
84990,1.10,2,2,2,60 GOLD AND SILVER FAIRY CAKE CASES
84206B,0.95,5,1,1,CAT WITH SUNGLASSES BLANK CARD
84201C,0.95,5,1,1,HAPPY BIRTHDAY CARD TEDDY/CAKE
90104,0.85,1,1,1,PURPLE FRANGIPANI HAIRCLIP
90084,0.85,1,1,1,PINK CRYSTAL GUITAR PHONE CHARM
21268,0.84,2,1,1,VINTAGE BLUE TINSEL REEL
84227,0.42,1,1,1,HEN HOUSE W CHICK IN NEST
